# Blender 5.2.2 LTS
# www.blender.org
mtllib Mi_24_chasis.mtl
o polySurface233.001
v -0.150134 0.165332 0.692607
v -0.150134 0.195527 0.735500
v -0.129480 0.222618 0.726415
v -0.129480 0.182075 0.668822
v -0.150134 0.195527 0.788518
v -0.129480 0.222618 0.797603
v -0.150134 0.165332 0.831411
v -0.129480 0.182075 0.855196
v -0.150134 0.116476 0.847794
v -0.129480 0.116476 0.877194
v -0.150134 0.067620 0.831411
v -0.129480 0.050876 0.855196
v -0.150134 0.037425 0.788518
v -0.129480 0.010334 0.797603
v -0.150134 0.037425 0.735500
v -0.129480 0.010334 0.726415
v -0.150134 0.067620 0.692607
v -0.129480 0.050876 0.668822
v -0.150134 0.116476 0.676224
v -0.129480 0.116476 0.646824
v -0.060153 0.222618 0.726415
v -0.060153 0.182075 0.668822
v -0.060153 0.222618 0.797603
v -0.060153 0.182075 0.855196
v -0.060153 0.116476 0.877194
v -0.060153 0.050876 0.855196
v -0.060153 0.010334 0.797603
v -0.060153 0.010334 0.726415
v -0.060153 0.050876 0.668822
v -0.060153 0.116476 0.646824
v -0.037673 0.195527 0.735500
v -0.037673 0.165332 0.692607
v -0.037673 0.195527 0.788518
v -0.037673 0.165332 0.831411
v -0.037673 0.116476 0.847794
v -0.037673 0.067620 0.831411
v -0.037673 0.037425 0.788518
v -0.037673 0.037425 0.735500
v -0.037673 0.067620 0.692607
v -0.037474 0.116476 0.676224
v -0.162679 0.144925 0.721596
v -0.162679 0.162507 0.746573
v -0.162679 0.162507 0.777446
v -0.162679 0.144925 0.802422
v -0.162679 0.116476 0.811962
v -0.162679 0.088027 0.802422
v -0.162679 0.070445 0.777446
v -0.162679 0.070445 0.746573
v -0.162679 0.088027 0.721596
v -0.162679 0.116476 0.712056
v -0.024588 0.162507 0.746573
v -0.024588 0.144925 0.721596
v -0.024588 0.162507 0.777446
v -0.024588 0.144925 0.802422
v -0.024588 0.116476 0.811962
v -0.024588 0.088027 0.802422
v -0.024588 0.070445 0.777446
v -0.024588 0.070445 0.746573
v -0.024588 0.088027 0.721596
v -0.024588 0.116476 0.712056
v 0.182216 0.145978 0.719907
v 0.182216 0.164177 0.745622
v 0.182216 0.116530 0.761516
v 0.182216 0.164177 0.777409
v 0.182216 0.145978 0.803125
v 0.182216 0.116530 0.812947
v 0.182216 0.087083 0.803125
v 0.182216 0.068884 0.777409
v 0.182216 0.068884 0.745622
v 0.182216 0.087083 0.719907
v 0.182216 0.116530 0.710084
v 0.044036 0.145978 0.719907
v 0.043223 0.164177 0.745622
v 0.042351 0.164177 0.777409
v 0.041753 0.145978 0.803125
v 0.041658 0.116531 0.812947
v 0.042102 0.087083 0.803125
v 0.042914 0.068884 0.777409
v 0.043787 0.068884 0.745622
v 0.044384 0.087083 0.719907
v 0.044480 0.116531 0.710084
v 0.041753 0.191092 0.904835
v 0.041658 0.161645 0.914657
v 0.007137 0.145978 0.803125
v 0.007137 0.191092 0.904835
v 0.042101 0.132198 0.904835
v 0.007137 0.145978 0.719907
v 0.007137 0.164177 0.745623
v 0.007137 0.164177 0.777409
v 0.007137 0.161645 0.914657
v 0.007137 0.132198 0.904835
v 0.007137 0.087083 0.803125
v 0.007137 0.068884 0.777409
v 0.007137 0.068884 0.745622
v 0.007137 0.087083 0.719907
v 0.007137 0.116531 0.710084
v -0.163940 0.145978 0.719907
v -0.163940 0.116530 0.761516
v -0.163940 0.164177 0.745622
v -0.163940 0.164177 0.777409
v -0.163940 0.145978 0.803125
v -0.163940 0.116530 0.812947
v -0.163940 0.087083 0.803125
v -0.163940 0.068884 0.777409
v -0.163940 0.068884 0.745622
v -0.163940 0.087083 0.719907
v -0.163940 0.116530 0.710084
v -0.028616 0.145978 0.719907
v -0.027802 0.164177 0.745622
v -0.026931 0.164177 0.777409
v -0.026333 0.145978 0.803125
v -0.026238 0.116531 0.812947
v -0.026682 0.087083 0.803125
v -0.027494 0.068884 0.777409
v -0.028366 0.068884 0.745622
v -0.028964 0.087083 0.719907
v -0.029060 0.116531 0.710084
v -0.026238 0.161645 0.914657
v -0.026333 0.191092 0.904835
v 0.008283 0.191092 0.904835
v 0.008283 0.145978 0.803125
v -0.026681 0.132198 0.904835
v 0.008283 0.145978 0.719907
v 0.008283 0.164177 0.745623
v 0.008283 0.164177 0.777409
v 0.008283 0.161645 0.914657
v 0.008283 0.132198 0.904835
v 0.008283 0.087083 0.803125
v 0.008283 0.068884 0.777409
v 0.008283 0.068884 0.745622
v 0.008283 0.087083 0.719907
v 0.008283 0.116531 0.710084
v -0.016360 0.242518 0.834089
v -0.029721 0.242518 0.852478
v -0.029721 0.376087 0.852478
v -0.016360 0.376087 0.834089
v -0.029721 0.242518 0.875208
v -0.029721 0.376087 0.875208
v -0.016360 0.242518 0.893597
v -0.016360 0.387237 0.893597
v 0.005257 0.242518 0.900621
v 0.005257 0.390846 0.900621
v 0.026875 0.242518 0.893597
v 0.026875 0.387237 0.893597
v 0.040235 0.242518 0.875208
v 0.040235 0.376087 0.875208
v 0.040235 0.242518 0.852478
v 0.040235 0.376087 0.852478
v 0.026875 0.242518 0.834089
v 0.026875 0.376087 0.834089
v 0.005257 0.242518 0.827065
v 0.005257 0.376087 0.827065
v -0.008496 0.230672 0.844913
v -0.016997 0.230672 0.856612
v -0.016997 0.230672 0.871073
v -0.008496 0.230672 0.882773
v 0.005257 0.230672 0.887241
v 0.019010 0.230672 0.882773
v 0.027511 0.230672 0.871073
v 0.027511 0.230672 0.856612
v 0.019010 0.230672 0.844913
v 0.005257 0.230672 0.840444
v -0.008496 0.161656 0.844913
v -0.016997 0.161656 0.856612
v -0.016997 0.161656 0.871073
v -0.008496 0.161656 0.882773
v 0.005257 0.161656 0.887241
v 0.019010 0.161656 0.882773
v 0.027511 0.161656 0.871073
v 0.027511 0.161656 0.856612
v 0.019010 0.161656 0.844913
v 0.005257 0.161656 0.840444
v -0.029721 0.417897 0.852478
v -0.016360 0.417897 0.834089
v -0.139407 0.376087 0.852478
v -0.139407 0.376087 0.875208
v -0.139407 0.417897 0.875208
v -0.139407 0.417897 0.852478
v -0.016360 0.417897 0.893597
v -0.029721 0.417897 0.875208
v 0.005257 0.417897 0.900621
v 0.026875 0.417897 0.893597
v 0.040235 0.417897 0.875208
v 0.150704 0.376087 0.875208
v 0.150704 0.376087 0.852478
v 0.150704 0.417897 0.852478
v 0.150704 0.417897 0.875208
v 0.026875 0.417897 0.834089
v 0.040235 0.417897 0.852478
v 0.005257 0.417897 0.827065
v -0.017469 0.396351 0.893190
v -0.030830 0.385201 0.874801
v -0.030830 0.270398 1.037099
v -0.017469 0.281548 1.055488
v 0.004148 0.399960 0.900215
v 0.004148 0.285157 1.062512
v -0.140516 0.385201 0.874801
v -0.140516 0.270398 1.037099
v 0.025766 0.396351 0.893190
v 0.025766 0.281548 1.055488
v 0.039126 0.270398 1.037099
v 0.039126 0.385201 0.874801
v 0.004148 0.399960 0.900214
v 0.004148 0.285157 1.062512
v 0.148812 0.270398 1.037099
v 0.148812 0.385201 0.874801
v 0.301732 1.316594 -0.103208
v 0.274665 1.367169 -0.150862
v 0.394761 1.390827 -0.140011
v 0.419260 1.345051 -0.096879
v 0.237613 1.436256 -0.168335
v 0.361225 1.453359 -0.155826
v 0.200504 1.505343 -0.150945
v 0.327637 1.515891 -0.140087
v 0.173282 1.555918 -0.103352
v 0.302998 1.561668 -0.097010
v 0.163241 1.574430 -0.038309
v 0.293909 1.578423 -0.038138
v 0.173070 1.555918 0.026757
v 0.302806 1.561668 0.020754
v 0.200137 1.505343 0.074411
v 0.327305 1.515891 0.063887
v 0.237189 1.436256 0.091883
v 0.360841 1.453359 0.079702
v 0.274298 1.367169 0.074494
v 0.394429 1.390827 0.063962
v 0.301520 1.316594 0.026901
v 0.419068 1.345051 0.020885
v 0.311562 1.298082 -0.038142
v 0.428157 1.328295 -0.037987
v -0.313252 1.316594 -0.103208
v -0.430780 1.345051 -0.096879
v -0.406281 1.390827 -0.140011
v -0.286185 1.367169 -0.150862
v -0.372745 1.453359 -0.155826
v -0.249133 1.436256 -0.168335
v -0.339157 1.515891 -0.140087
v -0.212024 1.505343 -0.150945
v -0.314518 1.561668 -0.097010
v -0.184802 1.555918 -0.103352
v -0.305429 1.578423 -0.038138
v -0.174761 1.574430 -0.038309
v -0.314326 1.561668 0.020754
v -0.184590 1.555918 0.026757
v -0.338825 1.515891 0.063887
v -0.211657 1.505343 0.074411
v -0.372361 1.453359 0.079702
v -0.248709 1.436256 0.091883
v -0.405949 1.390827 0.063962
v -0.285818 1.367169 0.074494
v -0.430588 1.345051 0.020885
v -0.313040 1.316594 0.026901
v -0.439677 1.328295 -0.037987
v -0.323082 1.298082 -0.038143
v 0.055217 0.165332 0.692607
v 0.055217 0.195527 0.735500
v 0.075871 0.222618 0.726415
v 0.075871 0.182075 0.668822
v 0.055217 0.195527 0.788518
v 0.075871 0.222618 0.797603
v 0.055217 0.165332 0.831411
v 0.075871 0.182075 0.855196
v 0.055217 0.116476 0.847794
v 0.075871 0.116476 0.877194
v 0.055217 0.067620 0.831411
v 0.075871 0.050876 0.855196
v 0.055217 0.037425 0.788518
v 0.075871 0.010334 0.797603
v 0.055217 0.037425 0.735500
v 0.075871 0.010334 0.726415
v 0.055217 0.067620 0.692607
v 0.075871 0.050876 0.668822
v 0.055217 0.116476 0.676224
v 0.075871 0.116476 0.646824
v 0.145198 0.222618 0.726415
v 0.145198 0.182075 0.668822
v 0.145198 0.222618 0.797603
v 0.145198 0.182075 0.855196
v 0.145198 0.116476 0.877194
v 0.145198 0.050876 0.855196
v 0.145198 0.010334 0.797603
v 0.145198 0.010334 0.726415
v 0.145198 0.050876 0.668822
v 0.145198 0.116476 0.646824
v 0.167678 0.195527 0.735500
v 0.167678 0.165332 0.692607
v 0.167678 0.195527 0.788518
v 0.167678 0.165332 0.831411
v 0.167678 0.116476 0.847794
v 0.167678 0.067620 0.831411
v 0.167678 0.037425 0.788518
v 0.167678 0.037425 0.735500
v 0.167678 0.067620 0.692607
v 0.167877 0.116476 0.676224
v 0.042672 0.144925 0.721596
v 0.042672 0.162507 0.746573
v 0.042672 0.162507 0.777446
v 0.042672 0.144925 0.802422
v 0.042672 0.116476 0.811962
v 0.042672 0.088027 0.802422
v 0.042672 0.070445 0.777446
v 0.042672 0.070445 0.746573
v 0.042672 0.088027 0.721596
v 0.042672 0.116476 0.712056
v 0.180763 0.162507 0.746573
v 0.180763 0.144925 0.721596
v 0.180763 0.162507 0.777446
v 0.180763 0.144925 0.802422
v 0.180763 0.116476 0.811962
v 0.180763 0.088027 0.802422
v 0.180763 0.070445 0.777446
v 0.180763 0.070445 0.746573
v 0.180763 0.088027 0.721596
v 0.180763 0.116476 0.712056
v 0.555429 0.230732 -1.387342
v 0.555429 0.267433 -1.335206
v 0.578518 0.300362 -1.346249
v 0.578518 0.251083 -1.416252
v 0.555429 0.267433 -1.270763
v 0.578518 0.300362 -1.259720
v 0.555429 0.230732 -1.218627
v 0.578518 0.251083 -1.189717
v 0.555429 0.171348 -1.198713
v 0.578518 0.171348 -1.162978
v 0.555429 0.111963 -1.218627
v 0.578518 0.091612 -1.189717
v 0.555429 0.075262 -1.270763
v 0.578518 0.042333 -1.259720
v 0.555429 0.075262 -1.335206
v 0.578518 0.042333 -1.346249
v 0.555429 0.111963 -1.387342
v 0.578518 0.091612 -1.416252
v 0.555429 0.171348 -1.407255
v 0.578518 0.171348 -1.442990
v 0.656020 0.300362 -1.346249
v 0.656020 0.251083 -1.416252
v 0.656020 0.300362 -1.259720
v 0.656020 0.251083 -1.189717
v 0.656020 0.171348 -1.162978
v 0.656020 0.091612 -1.189717
v 0.656020 0.042333 -1.259720
v 0.656020 0.042333 -1.346249
v 0.656020 0.091612 -1.416252
v 0.656020 0.171348 -1.442990
v 0.681150 0.267433 -1.335206
v 0.681150 0.230732 -1.387342
v 0.681150 0.267433 -1.270763
v 0.681150 0.230732 -1.218627
v 0.681150 0.171348 -1.198713
v 0.681150 0.111963 -1.218627
v 0.681150 0.075262 -1.270763
v 0.681150 0.075262 -1.335206
v 0.681150 0.111963 -1.387342
v 0.681374 0.171348 -1.407255
v 0.541404 0.205927 -1.352106
v 0.541404 0.227298 -1.321747
v 0.541404 0.227298 -1.284221
v 0.541404 0.205927 -1.253863
v 0.541404 0.171348 -1.242267
v 0.541404 0.136768 -1.253863
v 0.541404 0.115397 -1.284221
v 0.541404 0.115397 -1.321747
v 0.541404 0.136768 -1.352106
v 0.541404 0.171348 -1.363701
v 0.695778 0.227298 -1.321747
v 0.695778 0.205927 -1.352106
v 0.695778 0.227298 -1.284221
v 0.695778 0.205927 -1.253863
v 0.695778 0.171348 -1.242267
v 0.695778 0.136768 -1.253863
v 0.695778 0.115397 -1.284221
v 0.695778 0.115397 -1.321747
v 0.695778 0.136768 -1.352106
v 0.695778 0.171348 -1.363701
v -0.599303 0.230732 -1.387342
v -0.622392 0.251083 -1.416252
v -0.622392 0.300362 -1.346249
v -0.599303 0.267433 -1.335206
v -0.622392 0.300362 -1.259720
v -0.599303 0.267433 -1.270763
v -0.622392 0.251083 -1.189717
v -0.599303 0.230732 -1.218627
v -0.622392 0.171348 -1.162978
v -0.599303 0.171348 -1.198713
v -0.622392 0.091612 -1.189717
v -0.599303 0.111963 -1.218627
v -0.622392 0.042333 -1.259720
v -0.599303 0.075262 -1.270763
v -0.622392 0.042333 -1.346249
v -0.599303 0.075262 -1.335206
v -0.622392 0.091612 -1.416252
v -0.599303 0.111963 -1.387342
v -0.622392 0.171348 -1.442990
v -0.599303 0.171348 -1.407255
v -0.699893 0.251083 -1.416252
v -0.699893 0.300362 -1.346249
v -0.699893 0.300362 -1.259720
v -0.699893 0.251083 -1.189717
v -0.699893 0.171348 -1.162978
v -0.699893 0.091612 -1.189717
v -0.699893 0.042333 -1.259720
v -0.699893 0.042333 -1.346249
v -0.699893 0.091612 -1.416252
v -0.699893 0.171348 -1.442990
v -0.725024 0.230732 -1.387342
v -0.725024 0.267433 -1.335206
v -0.725024 0.267433 -1.270763
v -0.725024 0.230732 -1.218627
v -0.725024 0.171348 -1.198713
v -0.725024 0.111963 -1.218627
v -0.725024 0.075262 -1.270763
v -0.725024 0.075262 -1.335206
v -0.725024 0.111963 -1.387342
v -0.725247 0.171348 -1.407255
v -0.585278 0.205927 -1.352106
v -0.585278 0.227298 -1.321747
v -0.585278 0.227298 -1.284221
v -0.585278 0.205927 -1.253863
v -0.585278 0.171348 -1.242267
v -0.585278 0.136768 -1.253863
v -0.585278 0.115397 -1.284221
v -0.585278 0.115397 -1.321747
v -0.585278 0.136768 -1.352106
v -0.585278 0.171348 -1.363701
v -0.739652 0.227298 -1.321747
v -0.739652 0.205927 -1.352106
v -0.739652 0.227298 -1.284221
v -0.739652 0.205927 -1.253863
v -0.739652 0.171348 -1.242267
v -0.739652 0.136768 -1.253863
v -0.739652 0.115397 -1.284221
v -0.739652 0.115397 -1.321747
v -0.739652 0.136768 -1.352106
v -0.739652 0.171348 -1.363701
v 0.040594 0.403822 2.079027
v 0.022577 0.416898 2.079633
v 0.022577 0.411365 2.199066
v 0.040594 0.398289 2.198460
v 0.000307 0.416898 2.079633
v 0.000307 0.411365 2.199066
v -0.017710 0.403822 2.079027
v -0.017710 0.398289 2.198460
v -0.024592 0.382665 2.078047
v -0.024592 0.377131 2.197480
v -0.017710 0.361507 2.077067
v -0.017710 0.355974 2.196500
v 0.000307 0.348431 2.076461
v 0.000307 0.342898 2.195894
v 0.022577 0.348431 2.076461
v 0.022577 0.342898 2.195894
v 0.040594 0.361507 2.077067
v 0.040594 0.355974 2.196500
v 0.047476 0.382665 2.078047
v 0.047476 0.377131 2.197480
v 0.011442 0.376561 2.209799
v 0.024507 0.400469 2.182210
v 0.009676 0.396160 2.182010
v 0.009676 0.376443 2.607550
v 0.024507 0.380753 2.607749
v 0.024415 0.377690 2.181154
v 0.033525 0.389073 2.181682
v 0.033525 0.369357 2.607221
v 0.024415 0.357974 2.606694
v 0.009676 0.359337 2.180304
v 0.024323 0.354910 2.180099
v 0.024323 0.335194 2.605639
v 0.009676 0.339621 2.605844
v 0.033341 0.366306 2.180627
v 0.033341 0.346590 2.606167
v -0.005155 0.400470 2.182210
v -0.005155 0.380754 2.607749
v -0.005063 0.377690 2.181154
v -0.005063 0.357974 2.606694
v -0.014173 0.369357 2.607221
v -0.014173 0.389073 2.181682
v 0.009676 0.369357 2.607221
v -0.004971 0.335194 2.605639
v -0.004971 0.354910 2.180099
v -0.013989 0.346590 2.606167
v -0.013989 0.366306 2.180627
v 0.009676 0.358032 2.606697
v 0.009676 0.346590 2.606167
v -0.048598 0.425400 2.154299
v -0.048598 0.425400 2.000938
v -0.048598 0.353721 2.000938
v -0.048598 0.353721 2.154299
v -0.048598 0.425400 1.849445
v -0.048598 0.353721 1.849445
v -0.048598 0.282042 2.000938
v -0.048598 0.282042 1.849445
v -0.023687 0.282042 2.000938
v -0.023687 0.353721 2.154299
v -0.011401 0.336498 2.078923
v 0.013679 0.282042 1.849445
v 0.051045 0.282042 2.000938
v 0.038759 0.336498 2.078923
v 0.051045 0.353721 2.154299
v 0.075956 0.282042 1.849445
v 0.075956 0.282042 2.000938
v 0.075956 0.353721 2.154299
v 0.075956 0.353721 2.000938
v 0.075956 0.353721 1.849445
v 0.075956 0.425400 2.000938
v 0.075956 0.425400 2.154299
v 0.075956 0.425400 1.849445
v 0.038759 0.425400 2.060526
v 0.051045 0.425400 2.154299
v 0.013679 0.425400 1.849445
v -0.011401 0.425400 2.060526
v -0.023687 0.425400 2.154299
v 0.013679 0.353721 1.849445
v 0.075666 0.492271 2.093836
v 0.010594 0.492271 2.093836
v 0.010594 0.454597 2.102023
v 0.075666 0.454597 2.102023
v 0.076828 0.264121 1.883069
v 0.077425 0.292569 1.836441
v 0.128608 0.292569 1.897204
v 0.095065 0.264121 1.915014
v 0.128608 0.292569 1.972311
v 0.095065 0.264121 1.954500
v 0.077425 0.292569 2.033073
v 0.076828 0.264121 1.986445
v 0.076733 0.336876 1.799436
v 0.160294 0.336876 1.883069
v 0.160294 0.336876 1.986445
v 0.076732 0.336876 2.070078
v 0.076275 0.392708 1.775678
v 0.180474 0.392708 1.873994
v 0.180474 0.392708 1.995520
v 0.076275 0.392708 2.093836
v 0.075666 0.423483 1.767491
v 0.184522 0.454597 1.870867
v 0.184522 0.454597 1.998647
v 0.075666 0.492271 1.775678
v 0.176041 0.492271 1.873994
v 0.176041 0.492271 1.995520
v 0.076828 0.256319 1.955118
v 0.077425 0.292569 1.936793
v 0.076732 0.336876 1.939646
v 0.076275 0.392708 1.943264
v 0.075666 0.423483 1.947268
v 0.076828 0.256319 1.914690
v 0.010594 0.423483 1.947268
v 0.010594 0.423483 1.767491
v -0.054477 0.492271 2.093836
v -0.054477 0.454597 2.102023
v -0.055640 0.264121 1.883068
v -0.073877 0.264121 1.915014
v -0.107419 0.292568 1.897203
v -0.056237 0.292569 1.836440
v -0.073877 0.264121 1.954500
v -0.107419 0.292569 1.972311
v -0.055640 0.264121 1.986445
v -0.056237 0.292569 2.033073
v -0.139106 0.336876 1.883068
v -0.055544 0.336876 1.799436
v -0.139106 0.336876 1.986445
v -0.055544 0.336876 2.070078
v -0.159286 0.392707 1.873994
v -0.055086 0.392708 1.775678
v -0.159286 0.392708 1.995520
v -0.055086 0.392708 2.093836
v -0.163334 0.454597 1.870868
v -0.054477 0.423483 1.767491
v -0.163334 0.454597 1.998647
v -0.154852 0.492271 1.873994
v -0.054477 0.492271 1.775678
v -0.154852 0.492271 1.995520
v -0.055640 0.256319 1.955118
v -0.056237 0.292569 1.936793
v -0.055544 0.336876 1.939646
v -0.055086 0.392708 1.943263
v -0.054477 0.423483 1.947268
v -0.055640 0.256319 1.914689
v 1.656460 0.495379 -1.289820
v 1.635700 0.510462 -1.289820
v 1.635700 0.510462 -0.481564
v 1.656460 0.495379 -0.481564
v 1.610040 0.510462 -1.289820
v 1.610040 0.510462 -0.481564
v 1.589281 0.495379 -1.289820
v 1.589281 0.495379 -0.481564
v 1.581351 0.470975 -1.289820
v 1.581351 0.470975 -0.481564
v 1.589281 0.446571 -1.289820
v 1.589281 0.446571 -0.481564
v 1.610040 0.431488 -1.289820
v 1.610040 0.431488 -0.481564
v 1.635700 0.431488 -1.289820
v 1.635700 0.431488 -0.481564
v 1.656460 0.446571 -1.289820
v 1.656460 0.446571 -0.481564
v 1.664389 0.470975 -1.289820
v 1.664389 0.470975 -0.481564
v 1.622870 0.470975 -1.289820
v 1.622870 0.470975 -0.481564
v -0.159613 0.902692 1.937755
v -0.168051 0.906187 1.937755
v -0.168051 0.906187 2.302709
v -0.159613 0.902692 2.302709
v -0.176489 0.902692 1.937755
v -0.176489 0.902692 2.302709
v -0.179984 0.894254 1.937755
v -0.179984 0.894254 2.302709
v -0.176489 0.885816 1.937755
v -0.176489 0.885816 2.302709
v -0.168051 0.882321 1.937755
v -0.168051 0.882321 2.302709
v -0.159613 0.885816 1.937755
v -0.159613 0.885816 2.302709
v -0.156118 0.894254 1.937755
v -0.156118 0.894254 2.302709
v -0.159613 0.902692 2.391889
v -0.168051 0.906187 2.391889
v -0.168051 0.894254 2.401937
v -0.176489 0.902692 2.391889
v -0.179984 0.894254 2.391889
v -0.176489 0.885816 2.391889
v -0.168051 0.882321 2.391889
v -0.159613 0.885816 2.391889
v -0.156118 0.894254 2.391889
v -0.159613 0.902692 2.330147
v -0.168051 0.906187 2.330147
v -0.176489 0.902692 2.330147
v -0.179984 0.894254 2.330147
v -0.176489 0.885816 2.330147
v -0.168051 0.882321 2.330147
v -0.159613 0.885816 2.330147
v -0.156118 0.894254 2.330147
v -0.159613 0.902692 2.302709
v -0.159613 0.902692 2.330147
v -0.125559 0.936933 2.294060
v -0.125559 0.936933 2.266621
v 0.168892 1.568014 0.730310
v 0.164826 1.566579 0.763361
v 0.215604 1.531854 0.775821
v 0.226248 1.528790 0.744383
v 0.097996 1.568014 0.730310
v 0.102062 1.566579 0.763361
v 0.040641 1.528790 0.744383
v 0.051285 1.531854 0.775821
v 0.018733 1.465326 0.767154
v 0.031889 1.475669 0.795980
v 0.040641 1.401862 0.789925
v 0.051285 1.419484 0.816139
v 0.097996 1.362639 0.803999
v 0.102062 1.384759 0.828598
v 0.168892 1.362639 0.803999
v 0.164826 1.384759 0.828598
v 0.226248 1.401862 0.789925
v 0.215604 1.419484 0.816139
v 0.248156 1.465326 0.767154
v 0.234999 1.475669 0.795980
v 0.155944 1.550945 0.800734
v 0.192350 1.526049 0.809667
v 0.110944 1.550945 0.800734
v 0.074539 1.526049 0.809667
v 0.060633 1.485766 0.824121
v 0.074539 1.445483 0.838574
v 0.110944 1.420587 0.847507
v 0.155944 1.420587 0.847507
v 0.192350 1.445483 0.838574
v 0.206255 1.485766 0.824121
v 0.144398 1.522931 0.827876
v 0.162122 1.510810 0.832225
v 0.122490 1.522931 0.827876
v 0.104766 1.510810 0.832225
v 0.097996 1.491198 0.839262
v 0.104766 1.471587 0.846299
v 0.122490 1.459466 0.850648
v 0.144398 1.459466 0.850648
v 0.162122 1.471587 0.846299
v 0.168892 1.491198 0.839262
v 0.133444 1.492530 0.842973
v 0.198189 1.500553 0.726046
v 0.158175 1.527917 0.716228
v 0.108714 1.527917 0.716228
v 0.068699 1.500553 0.726046
v 0.053415 1.456277 0.741932
v 0.068699 1.412000 0.757819
v 0.108714 1.384636 0.767637
v 0.158175 1.384636 0.767637
v 0.198189 1.412000 0.757819
v 0.213474 1.456277 0.741932
v -0.040330 1.764375 -0.089624
v 0.040237 1.764375 -0.089197
v -0.068196 1.753862 -0.266932
v -0.095109 1.742850 -0.236567
v -0.036433 1.740182 -0.107543
v 0.035261 1.740182 -0.107164
v 0.097540 1.742850 -0.234897
v 0.071437 1.753862 -0.266192
v -0.068196 1.773482 -0.266932
v -0.095109 1.762470 -0.236567
v 0.097540 1.762470 -0.234897
v 0.071437 1.773482 -0.266192
v 0.037068 2.148519 -5.350688
v 0.369983 2.116797 -5.584315
v 0.364756 2.137896 -5.641446
v 0.023241 2.180931 -5.521841
v 0.037185 2.095294 -5.332267
v 0.370027 2.088421 -5.569775
v 0.023594 2.023896 -5.503121
v 0.364889 2.045460 -5.634369
v 0.364822 2.090219 -5.637908
v 0.359640 2.084466 -5.704860
v 0.359573 2.114764 -5.708398
v 0.359706 2.047828 -5.701322
v 0.354435 2.086263 -5.765777
v 0.354479 2.071161 -5.770633
v -0.004058 2.089592 -5.862573
v 0.009533 2.160990 -5.698934
v -0.003941 2.049643 -5.863550
v 0.009886 2.003956 -5.680215
v -0.126083 1.786133 -0.242961
v -0.135609 1.786133 -0.246057
v -0.126083 1.786133 -0.232945
v -0.135609 1.786133 -0.229849
v -0.141497 1.786133 -0.237953
v -0.132976 1.786133 -0.237953
v 0.746465 0.734499 -0.894964
v 0.750514 0.734499 -1.012029
v 0.802957 0.734499 -1.013869
v 0.807431 0.734499 -0.896899
v 0.746466 0.734499 -0.734456
v 0.807432 0.734499 -0.738204
v 0.772286 0.734499 -0.569352
v 0.781611 0.734499 -0.574484
v 0.746465 0.942514 -0.894964
v 0.750514 0.912788 -1.013217
v 0.802957 0.902852 -1.013869
v 0.807431 0.929885 -0.896899
v 0.746466 0.997624 -0.734456
v 0.807432 0.984774 -0.738204
v 0.772073 1.048934 -0.611220
v 0.772286 0.905859 -0.568689
v 0.781361 1.043665 -0.614090
v 0.781611 0.905527 -0.573822
v 0.770069 0.824977 -1.125848
v 0.770069 0.734499 -1.120497
v 0.784451 0.734499 -1.123906
v 0.784056 0.824354 -1.126984
v 0.780462 1.011328 -0.995531
v 0.808511 0.928854 -1.058284
v 0.785267 0.907253 -1.113394
v 0.776677 0.939227 -1.109669
v 0.746872 0.943095 -1.057551
v 0.770277 0.910759 -1.113403
v 1.545455 0.394089 -0.765176
v 1.596207 0.394089 -0.765176
v 1.596207 0.416787 -0.765176
v 1.545455 0.416787 -0.765176
v 1.596207 0.416787 -0.826787
v 1.545455 0.416787 -0.826787
v 1.596207 0.394089 -0.826787
v 1.545455 0.394089 -0.826787
v 1.633590 0.394089 -0.765176
v 1.633590 0.394089 -0.826787
v 1.639498 0.416787 -0.826787
v 1.639498 0.416787 -0.765176
v 1.617165 0.394089 -0.755557
v 1.617165 0.416787 -0.755557
v 1.598531 0.436285 -0.823480
v 1.598531 0.436285 -0.768483
v 1.617239 0.436285 -0.759896
v 1.617239 0.436285 -0.832067
v 1.617165 0.416787 -0.836406
v 1.617165 0.394089 -0.836406
v 1.596207 0.372314 -0.765176
v 1.596207 0.372314 -0.826787
v 1.617165 0.372314 -0.836406
v 1.617165 0.372314 -0.755557
v 1.637175 0.436285 -0.823480
v 1.637175 0.436285 -0.768483
v 1.633590 0.372314 -0.765176
v 1.633590 0.372314 -0.826787
v 1.502792 0.394089 -0.765176
v 1.502792 0.416787 -0.765176
v 1.452040 0.416787 -0.765176
v 1.452040 0.394089 -0.765176
v 1.502792 0.416787 -0.826787
v 1.452040 0.416787 -0.826787
v 1.502792 0.394089 -0.826787
v 1.452040 0.394089 -0.826787
v 1.414657 0.394089 -0.765176
v 1.408749 0.416787 -0.765176
v 1.408749 0.416787 -0.826787
v 1.414657 0.394089 -0.826787
v 1.432188 0.416787 -0.757454
v 1.432188 0.394089 -0.757454
v 1.449626 0.436285 -0.823352
v 1.431988 0.436285 -0.830213
v 1.431988 0.436285 -0.761750
v 1.449626 0.436285 -0.768611
v 1.432188 0.394089 -0.834509
v 1.432188 0.416787 -0.834509
v 1.452040 0.372314 -0.765176
v 1.432188 0.372314 -0.757454
v 1.432188 0.372314 -0.834509
v 1.452040 0.372314 -0.826787
v 1.411162 0.436285 -0.768611
v 1.411162 0.436285 -0.823352
v 1.414657 0.372314 -0.826787
v 1.414657 0.372314 -0.765176
v 1.531785 0.869803 -0.727151
v 1.554709 0.897610 -0.762653
v 1.123038 1.031747 -0.675579
v 1.123038 0.984492 -0.635102
v 0.388303 1.181984 -0.484451
v 0.389330 1.141060 -0.535142
v 0.776485 1.080377 -0.567518
v 0.391814 1.017103 -1.087131
v 0.383098 1.105590 -1.015779
v 0.396751 1.028802 -0.883691
v 0.396403 0.986978 -1.029500
v 0.393653 1.092323 -0.683202
v 0.373725 1.183675 -0.870404
v 0.781716 1.084568 -0.877622
v 0.380906 1.247632 -0.545550
v 0.777350 1.136651 -0.617917
v 1.525047 0.453935 -0.742922
v 1.546184 0.453935 -0.766194
v 1.506379 0.854661 -0.752530
v 1.503102 0.453935 -0.765370
v 1.525793 0.766845 -1.065383
v 1.546146 0.799695 -1.018549
v 1.545525 0.453935 -1.041368
v 1.525214 0.453935 -1.063008
v 1.504378 0.745379 -1.033360
v 1.502978 0.453935 -1.042581
v 1.505305 0.770482 -0.954671
v 1.501680 0.453935 -0.979257
v 1.505707 0.815856 -0.846594
v 1.502619 0.453935 -0.828672
v 1.552042 0.856724 -0.941388
v 1.546045 0.453935 -0.978692
v 1.524541 0.423352 -0.742974
v 1.545455 0.394089 -0.982334
v 1.596207 0.394089 -0.982334
v 1.596207 0.416787 -0.982334
v 1.545455 0.416787 -0.982334
v 1.596207 0.416787 -1.043945
v 1.545455 0.416787 -1.043945
v 1.596207 0.394089 -1.043945
v 1.545455 0.394089 -1.043945
v 1.633590 0.394089 -0.982334
v 1.633590 0.394089 -1.043945
v 1.639498 0.416787 -1.043945
v 1.639498 0.416787 -0.982334
v 1.596207 0.436285 -1.043945
v 1.596207 0.436285 -0.982334
v 1.639498 0.436285 -0.982334
v 1.639498 0.436285 -1.043945
v 1.596207 0.372314 -0.982334
v 1.596207 0.372314 -1.043945
v 1.633590 0.372314 -1.043945
v 1.633590 0.372314 -0.982334
v 1.502792 0.394089 -0.982334
v 1.502792 0.416787 -0.982334
v 1.452040 0.416787 -0.982334
v 1.452040 0.394089 -0.982334
v 1.502792 0.416787 -1.043945
v 1.452040 0.416787 -1.043945
v 1.502792 0.394089 -1.043945
v 1.452040 0.394089 -1.043945
v 1.414657 0.394089 -0.982334
v 1.408749 0.416787 -0.982334
v 1.408749 0.416787 -1.043945
v 1.414657 0.394089 -1.043945
v 1.452040 0.436285 -0.982334
v 1.452040 0.436285 -1.043945
v 1.408749 0.436285 -1.043945
v 1.408749 0.436285 -0.982334
v 1.452040 0.372314 -1.043945
v 1.452040 0.372314 -0.982334
v 1.414657 0.372314 -0.982334
v 1.414657 0.372314 -1.043945
v 1.525154 0.422964 -1.062838
v 1.118550 0.955754 -0.672350
v 1.127525 0.952383 -0.677290
v 1.093698 0.666345 -0.919438
v 1.097595 0.666345 -1.018774
v 1.148071 0.666345 -1.020975
v 1.152377 0.666345 -0.921301
v 1.093698 0.666345 -0.778074
v 1.152378 0.666345 -0.781681
v 1.118550 0.666345 -0.630631
v 1.127525 0.666345 -0.635571
v 1.097595 0.833071 -1.020348
v 1.093698 0.861683 -0.919438
v 1.093698 0.914726 -0.778074
v 1.152377 0.856376 -0.921301
v 1.148071 0.828057 -1.020975
v 1.152378 0.909207 -0.781681
v 1.123038 0.915300 -1.004228
v 1.123038 0.981472 -0.901661
v 1.118550 0.826403 -0.629993
v 1.127525 0.826082 -0.634933
v 1.149462 0.851846 -1.061085
v 1.116417 0.748727 -1.128756
v 1.116416 0.666345 -1.123606
v 1.130259 0.666345 -1.126887
v 1.129878 0.747954 -1.129850
v 1.131044 0.827744 -1.120372
v 1.122776 0.851471 -1.116787
v 1.098081 0.858894 -1.060645
v 1.116617 0.831119 -1.120381
v 0.307980 1.279026 -0.509837
v 0.324553 1.203619 -0.439654
v 0.325734 1.144591 -0.497881
v 0.328587 1.002207 -1.131927
v 0.318575 1.103848 -1.049968
v 0.333857 0.967604 -1.065730
v 0.307809 1.193541 -0.882983
v 0.334257 1.015645 -0.898245
v 0.330698 1.088609 -0.667951
v -0.742450 0.734499 -0.894964
v -0.803416 0.734499 -0.896899
v -0.798942 0.734499 -1.013869
v -0.746499 0.734499 -1.012030
v -0.742450 0.734499 -0.734456
v -0.803416 0.734499 -0.738204
v -0.768270 0.734499 -0.569352
v -0.777595 0.734499 -0.574484
v -0.742450 0.942514 -0.894964
v -0.746499 0.912788 -1.013217
v -0.798942 0.902852 -1.013869
v -0.803416 0.929885 -0.896899
v -0.742450 0.997623 -0.734456
v -0.803416 0.984774 -0.738204
v -0.768057 1.048934 -0.611220
v -0.768270 0.905859 -0.568689
v -0.777595 0.905527 -0.573822
v -0.777345 1.043665 -0.614090
v -0.766054 0.734499 -1.120497
v -0.766054 0.824977 -1.125848
v -0.780040 0.824354 -1.126984
v -0.780436 0.734499 -1.123906
v -0.776447 1.011328 -0.995531
v -0.772662 0.939227 -1.109669
v -0.781251 0.907253 -1.113394
v -0.804496 0.928854 -1.058284
v -0.742857 0.943095 -1.057551
v -0.766262 0.910759 -1.113403
v -1.541440 0.394089 -0.765176
v -1.541440 0.416787 -0.765176
v -1.592192 0.416787 -0.765176
v -1.592192 0.394089 -0.765176
v -1.541440 0.416787 -0.826787
v -1.592192 0.416787 -0.826787
v -1.541440 0.394089 -0.826787
v -1.592192 0.394089 -0.826787
v -1.629575 0.394089 -0.765176
v -1.635483 0.416787 -0.765176
v -1.635483 0.416787 -0.826787
v -1.629575 0.394089 -0.826787
v -1.613150 0.416787 -0.755557
v -1.613150 0.394089 -0.755557
v -1.594515 0.436285 -0.823480
v -1.613224 0.436285 -0.832067
v -1.613224 0.436285 -0.759896
v -1.594515 0.436285 -0.768483
v -1.613150 0.394089 -0.836406
v -1.613150 0.416787 -0.836406
v -1.592192 0.372314 -0.765176
v -1.613150 0.372314 -0.755557
v -1.613150 0.372314 -0.836406
v -1.592192 0.372314 -0.826787
v -1.633160 0.436285 -0.768483
v -1.633160 0.436285 -0.823480
v -1.629575 0.372314 -0.826787
v -1.629575 0.372314 -0.765176
v -1.498776 0.394089 -0.765176
v -1.448024 0.394089 -0.765176
v -1.448024 0.416787 -0.765176
v -1.498776 0.416787 -0.765176
v -1.448024 0.416787 -0.826787
v -1.498776 0.416787 -0.826787
v -1.448024 0.394089 -0.826787
v -1.498776 0.394089 -0.826787
v -1.410642 0.394089 -0.765176
v -1.410642 0.394089 -0.826787
v -1.404733 0.416786 -0.826787
v -1.404733 0.416786 -0.765176
v -1.428172 0.394089 -0.757454
v -1.428172 0.416787 -0.757454
v -1.445611 0.436285 -0.823352
v -1.445611 0.436285 -0.768611
v -1.427973 0.436285 -0.761750
v -1.427972 0.436285 -0.830213
v -1.428172 0.416787 -0.834509
v -1.428172 0.394089 -0.834509
v -1.448024 0.372314 -0.765176
v -1.448024 0.372314 -0.826787
v -1.428172 0.372314 -0.834509
v -1.428172 0.372314 -0.757454
v -1.407147 0.436285 -0.823352
v -1.407147 0.436285 -0.768611
v -1.410642 0.372314 -0.765176
v -1.410642 0.372314 -0.826787
v -1.527770 0.869803 -0.727151
v -1.119022 0.984492 -0.635102
v -1.119022 1.031747 -0.675579
v -1.550693 0.897610 -0.762653
v -0.384288 1.181983 -0.484451
v -0.772470 1.080377 -0.567518
v -0.385315 1.141060 -0.535142
v -0.379083 1.105590 -1.015779
v -0.387799 1.017103 -1.087131
v -0.392735 1.028802 -0.883691
v -0.392388 0.986978 -1.029500
v -0.389637 1.092323 -0.683202
v -0.777700 1.084568 -0.877622
v -0.369710 1.183675 -0.870404
v -0.773335 1.136651 -0.617917
v -0.376891 1.247632 -0.545550
v -1.542169 0.453935 -0.766194
v -1.521032 0.453935 -0.742922
v -1.499087 0.453935 -0.765370
v -1.502363 0.854661 -0.752530
v -1.521777 0.766845 -1.065383
v -1.521198 0.453935 -1.063008
v -1.541509 0.453935 -1.041368
v -1.542131 0.799695 -1.018549
v -1.500362 0.745379 -1.033360
v -1.498963 0.453935 -1.042581
v -1.501289 0.770482 -0.954671
v -1.497665 0.453935 -0.979257
v -1.501692 0.815856 -0.846594
v -1.498604 0.453935 -0.828672
v -1.542030 0.453935 -0.978692
v -1.548026 0.856724 -0.941388
v -1.520526 0.423352 -0.742974
v -1.541440 0.394089 -0.982334
v -1.541440 0.416787 -0.982334
v -1.592192 0.416787 -0.982334
v -1.592192 0.394089 -0.982334
v -1.541440 0.416787 -1.043945
v -1.592192 0.416787 -1.043945
v -1.541440 0.394089 -1.043945
v -1.592192 0.394089 -1.043945
v -1.629575 0.394089 -0.982334
v -1.635483 0.416787 -0.982334
v -1.635483 0.416787 -1.043945
v -1.629575 0.394089 -1.043945
v -1.592192 0.436285 -1.043945
v -1.635483 0.436285 -1.043945
v -1.635483 0.436285 -0.982334
v -1.592192 0.436285 -0.982334
v -1.592192 0.372314 -0.982334
v -1.629575 0.372314 -0.982334
v -1.629575 0.372314 -1.043945
v -1.592192 0.372314 -1.043945
v -1.498776 0.394089 -0.982334
v -1.448024 0.394089 -0.982334
v -1.448024 0.416787 -0.982334
v -1.498776 0.416787 -0.982334
v -1.448024 0.416787 -1.043945
v -1.498776 0.416787 -1.043945
v -1.448024 0.394089 -1.043945
v -1.498776 0.394089 -1.043945
v -1.410642 0.394089 -0.982334
v -1.410642 0.394089 -1.043945
v -1.404733 0.416787 -1.043945
v -1.404733 0.416787 -0.982334
v -1.448024 0.436285 -0.982334
v -1.404733 0.436285 -0.982334
v -1.404734 0.436285 -1.043945
v -1.448024 0.436285 -1.043945
v -1.448024 0.372314 -1.043945
v -1.410642 0.372314 -1.043945
v -1.410642 0.372314 -0.982334
v -1.448024 0.372314 -0.982334
v -1.521139 0.422964 -1.062838
v -1.123510 0.952383 -0.677290
v -1.114535 0.955753 -0.672350
v -1.089682 0.666345 -0.919438
v -1.148362 0.666345 -0.921301
v -1.144056 0.666345 -1.020975
v -1.093579 0.666345 -1.018774
v -1.089683 0.666345 -0.778074
v -1.148362 0.666345 -0.781681
v -1.114535 0.666345 -0.630631
v -1.123510 0.666345 -0.635571
v -1.089682 0.861683 -0.919438
v -1.093579 0.833071 -1.020348
v -1.089683 0.914726 -0.778074
v -1.148362 0.856376 -0.921301
v -1.144056 0.828057 -1.020975
v -1.148362 0.909208 -0.781681
v -1.119022 0.915300 -1.004228
v -1.119022 0.981473 -0.901661
v -1.114535 0.826403 -0.629993
v -1.123510 0.826082 -0.634933
v -1.145447 0.851846 -1.061085
v -1.112401 0.666345 -1.123606
v -1.112401 0.748727 -1.128756
v -1.125863 0.747954 -1.129850
v -1.126244 0.666345 -1.126887
v -1.118761 0.851471 -1.116787
v -1.127028 0.827744 -1.120372
v -1.094066 0.858894 -1.060645
v -1.112601 0.831119 -1.120381
v -0.320538 1.203619 -0.439654
v -0.303964 1.279026 -0.509837
v -0.321718 1.144591 -0.497881
v -0.314559 1.103848 -1.049968
v -0.324571 1.002207 -1.131927
v -0.329842 0.967604 -1.065730
v -0.303793 1.193541 -0.882983
v -0.330241 1.015645 -0.898245
v -0.326683 1.088609 -0.667951
v 0.269842 0.771440 1.815109
v 0.236370 0.831925 1.865967
v 0.241419 0.715591 1.901563
v 0.214139 0.761296 1.988551
v 0.180965 0.876674 1.968116
v 0.150817 0.633539 2.011853
v 0.215548 0.658555 2.007310
v 0.095537 0.955421 1.953966
v 0.054528 0.666750 2.005797
v 0.000463 0.970863 1.951191
v 0.000463 0.669021 2.005389
v 0.113167 1.014421 1.874176
v 0.000463 1.037251 1.877960
v 0.248367 0.918895 1.757990
v 0.201078 0.951249 1.863420
v 0.283479 0.858520 1.689324
v 0.000463 1.122699 1.751078
v 0.096152 1.098920 1.755436
v 0.107571 1.153741 1.606853
v 0.000463 1.176630 1.609540
v 0.196009 1.026485 1.711565
v 0.275497 0.922543 1.605357
v 0.239674 0.988651 1.483927
v 0.193146 1.069642 1.540280
v 0.000463 1.171874 1.437056
v 0.085170 1.155319 1.428320
v 0.170355 1.086317 1.402354
v 0.212235 1.032557 1.379333
v 0.000463 1.169620 1.334149
v 0.065241 1.154081 1.337925
v 0.182469 1.131376 1.324116
v 0.189866 1.198148 1.286391
v 0.208584 1.086798 1.301954
v 0.216094 1.120211 1.236436
v 0.199407 1.240411 1.170409
v 0.171929 1.276312 1.251889
v 0.000463 1.356850 1.220791
v 0.086291 1.347259 1.222775
v 0.168696 1.326733 1.080026
v 0.247125 1.171515 1.127865
v 0.263168 1.221346 0.999980
v 0.272341 0.658723 1.868103
v 0.306153 0.690071 1.761169
v 0.000463 1.391443 1.104481
v 0.157620 1.348673 0.929666
v 0.256318 1.228215 0.871911
v 0.222030 1.400167 0.775119
v 0.261730 1.404643 0.728686
v 0.268338 1.483388 0.700923
v 0.246785 1.481322 0.744639
v 0.227220 1.477573 0.752254
v 0.202945 1.415859 0.772444
v 0.146174 1.360158 0.788292
v 0.206838 1.334988 0.742389
v 0.145448 1.385730 0.784242
v 0.079925 1.372748 0.784636
v 0.094156 1.394919 0.777654
v 0.035491 1.413031 0.771136
v 0.022577 1.460468 0.757073
v 0.000463 1.388612 0.751204
v 0.055779 1.423236 0.770410
v 0.044782 1.466393 0.749923
v 0.039623 1.524335 0.735024
v 0.000463 1.532017 0.690981
v 0.056295 1.509249 0.734239
v 0.087541 1.563587 0.720098
v 0.081183 1.575607 0.667510
v 0.093137 1.542006 0.721891
v 0.141640 1.583669 0.666370
v 0.141489 1.575439 0.632085
v 0.079019 1.570964 0.636362
v 0.141960 1.573877 0.714635
v 0.141066 1.553988 0.720145
v 0.208986 1.551183 0.716892
v 0.224139 1.552570 0.674270
v 0.197087 1.534176 0.730994
v 0.221768 1.535121 0.640954
v 0.313143 0.744389 1.597144
v 0.224209 1.000171 1.248190
v 0.232492 0.947251 1.324437
v 0.289751 0.812945 1.494007
v 0.340324 0.739624 1.427594
v 0.265253 0.887989 1.405439
v 0.385141 0.711463 1.223322
v 0.398836 0.736164 1.118840
v 0.313979 0.922773 1.174799
v 0.320700 0.833901 1.301841
v 0.246773 1.024345 1.132931
v 0.280257 1.052377 1.012524
v 0.299768 1.073450 0.903122
v 0.289364 1.087142 0.813235
v 0.331412 0.962181 0.997336
v 0.406045 0.761537 0.968781
v 0.400453 0.751395 0.818257
v 0.367606 0.942870 0.825552
v 0.388382 0.559522 1.367578
v 0.370859 0.577595 1.581012
v 0.352360 0.576420 1.731571
v 0.332033 0.568277 1.859335
v 0.257751 0.559545 1.979364
v 0.201800 0.581016 2.028434
v 0.000463 0.575020 2.085921
v 0.119611 0.579731 2.066431
v 0.404163 0.553937 0.974701
v 0.400441 0.551965 0.814961
v 0.398590 0.560533 1.130439
v 0.000463 0.465524 2.109985
v 0.128272 0.465743 2.099400
v 0.000463 0.463329 1.843508
v 0.082909 0.463255 1.828761
v 0.203005 0.464728 2.044832
v 0.382346 0.475647 1.560982
v 0.364974 0.443754 1.347127
v 0.359312 0.474362 1.691011
v 0.354270 0.410860 1.692070
v 0.362806 0.420053 1.565598
v 0.331128 0.477154 1.826543
v 0.289804 0.477646 1.964336
v 0.338289 0.416882 1.833487
v 0.287208 0.415394 1.950781
v 0.000463 1.407931 0.952141
v 0.235846 1.220463 0.757315
v 0.139820 1.326565 0.783976
v 0.000463 1.383664 0.798391
v 0.205193 0.419370 2.014702
v 0.262187 0.343826 1.932911
v 0.237166 0.322894 1.915040
v 0.239826 0.309175 1.767800
v 0.293349 0.342404 1.796559
v 0.264679 1.464944 0.667686
v 0.250010 1.384998 0.689453
v 0.215238 1.330677 0.727897
v 0.000463 1.536859 0.666147
v 0.285787 1.271149 0.650456
v 0.294628 1.100865 0.732220
v 0.334694 1.126972 0.618409
v 0.360639 0.961220 0.708382
v 0.384153 0.778591 0.682596
v 0.390456 0.977272 0.566996
v 0.390701 0.582111 0.670179
v 0.421175 0.787436 0.513953
v 0.426507 0.614329 0.504244
v 0.426587 0.882613 0.292946
v 0.443692 0.621844 0.269480
v 0.000463 1.559481 0.565594
v 0.133794 1.578495 0.556473
v 0.106084 1.592914 0.347584
v 0.000463 1.565852 0.334037
v 0.209306 1.522550 0.546644
v 0.197392 1.537972 0.337675
v 0.264502 1.463984 0.553407
v 0.262006 1.452192 0.341744
v 0.295374 1.310467 0.548346
v 0.356643 1.144648 0.408131
v 0.303369 1.310706 0.346267
v 0.113826 1.605418 0.201745
v 0.000463 1.580930 0.201546
v 0.169039 1.664839 0.197031
v 0.101814 1.720938 0.197041
v 0.092415 1.656783 0.194981
v 0.196219 1.556000 0.196374
v 0.264251 1.440509 0.140592
v 0.304508 1.302266 0.091059
v 0.372645 1.140512 0.033141
v 0.434939 0.877543 -0.000658
v 0.450294 0.618793 -0.006336
v 0.000463 1.742675 0.197837
v 0.000463 1.656837 0.194395
v 0.095768 1.764662 -0.082244
v 0.101814 1.768495 0.197041
v 0.157406 1.712396 0.197031
v 0.151158 1.701410 -0.040900
v 0.000463 1.779993 -0.090184
v 0.000463 1.790232 0.197837
v 0.000463 1.780815 -0.318190
v 0.000463 1.732097 -0.294789
v 0.086904 1.723556 -0.309065
v 0.086575 1.739443 -0.670855
v 0.000463 1.773001 -0.638002
v 0.140209 1.662775 -0.296109
v 0.150263 1.656828 -0.661412
v 0.435415 0.875341 -0.324772
v 0.449927 0.615624 -0.353669
v 0.366703 1.150386 -0.307603
v 0.306046 1.291533 -0.307992
v 0.262772 1.440695 -0.290851
v 0.162328 1.654742 -0.094316
v 0.192832 1.577087 -0.300810
v 0.450098 0.625578 -0.714848
v 0.435557 0.881840 -0.665115
v 0.371044 1.142830 -0.633828
v 0.307848 1.282084 -0.630111
v 0.261056 1.441921 -0.610642
v 0.205536 1.576160 -0.616947
v 0.090388 1.703373 -0.913692
v 0.000463 1.723070 -0.917225
v 0.162167 1.640608 -0.917024
v 0.000463 1.644261 -1.236786
v 0.098182 1.634384 -1.203409
v 0.060938 1.561766 -1.548004
v 0.000463 1.561756 -1.537229
v 0.000463 1.571199 -1.468720
v 0.108428 1.561981 -1.450702
v 0.122330 1.550230 -1.437880
v 0.113721 1.561833 -1.592957
v 0.089917 1.565992 -1.594482
v 0.093614 1.563042 -1.653002
v 0.121526 1.557658 -1.661300
v 0.086968 1.561368 -1.720306
v 0.062745 1.564652 -1.691304
v 0.000463 1.561666 -1.742995
v 0.000463 1.565760 -1.715554
v 0.121536 1.494045 -1.578283
v 0.178526 1.513076 -1.438787
v 0.119722 1.476753 -1.642585
v 0.000463 1.443935 -1.713012
v 0.083661 1.452892 -1.692011
v 0.000463 1.448705 -1.757576
v 0.113103 1.431316 -1.777674
v 0.226995 1.348729 -1.776662
v 0.430728 0.653214 -1.068612
v 0.421046 0.883613 -0.904600
v 0.166833 1.588191 -1.198842
v 0.259775 1.305480 -1.494519
v 0.361334 1.004026 -1.795566
v 0.345748 1.066826 -1.550194
v 0.356539 1.145418 -0.900608
v 0.378360 0.849867 -1.585710
v 0.404381 0.902512 -1.199155
v 0.350515 1.118025 -1.203621
v 0.223363 1.568002 -0.960483
v 0.263971 1.454173 -0.891924
v 0.270134 1.376747 -1.204613
v 0.309832 1.269561 -0.906018
v 0.363952 0.405328 1.479894
v 0.343232 0.634552 -1.649494
v 0.341188 0.753071 -1.822981
v 0.398206 0.473771 -1.230517
v 0.000463 0.603099 -1.837044
v 0.000463 0.523554 -1.643758
v 0.419191 0.463494 -0.748789
v 0.000463 0.377752 -1.236966
v 0.417757 0.458487 -0.364722
v 0.000463 0.373716 -0.761789
v 0.413034 0.452267 -0.021882
v 0.000463 0.371319 -0.388990
v 0.402170 0.443141 0.248501
v 0.000463 0.367959 -0.017820
v 0.379620 0.437294 0.466448
v 0.000463 0.366765 0.242301
v 0.000463 0.363262 0.450400
v 0.357670 0.435879 0.659860
v 0.382563 0.442915 0.805526
v 0.000463 0.359667 0.664505
v 0.384852 0.443473 0.973713
v 0.000463 0.368263 0.817128
v 0.374928 0.435311 1.156718
v 0.000463 0.369322 0.980758
v 0.000463 0.369728 1.148989
v 0.272810 0.332256 1.477781
v 0.300125 0.338124 1.563663
v 0.237444 0.306832 1.569630
v 0.163457 0.292517 1.475247
v 0.152960 0.404253 1.332298
v 0.239198 0.346385 1.396764
v 0.089471 0.290853 1.399183
v 0.128266 0.434625 1.850776
v 0.207281 0.373077 1.977809
v 0.205299 0.326784 1.954444
v 0.247327 0.869635 -3.197102
v 0.257515 1.067179 -3.183479
v 0.000463 0.760815 -3.204607
v 0.000463 2.488181 -5.558445
v 0.040837 2.481071 -5.589875
v 0.034567 2.429575 -5.805557
v 0.000463 2.433415 -5.809097
v 0.050868 1.253467 -5.082972
v 0.071530 1.239687 -5.072639
v 0.049985 1.180222 -5.570835
v 0.049768 1.190230 -5.571056
v 0.099533 1.159097 -4.933086
v 0.049423 1.161307 -5.572783
v 0.129308 1.143881 -4.930389
v 0.061594 1.129730 -5.575794
v 0.115270 1.032561 -4.937790
v 0.058992 1.097313 -5.579336
v 0.000463 0.984049 -4.932247
v 0.000463 1.077940 -5.615172
v 0.000463 1.274564 -4.681011
v 0.046868 1.267961 -4.714017
v 0.000463 1.194041 -5.595065
v 0.000463 2.377733 -6.007258
v 0.023079 2.373631 -5.982341
v 0.000463 1.286726 -4.412311
v 0.052350 1.280630 -4.412311
v 0.081043 1.250619 -4.714690
v 0.101045 1.228562 -4.412311
v 0.109243 1.161163 -4.749307
v 0.791813 1.159580 -4.831735
v 0.802675 1.140354 -4.833474
v 0.775136 1.143656 -4.887444
v 0.765995 1.158974 -4.880546
v 0.133514 1.140242 -4.789298
v 0.152753 0.989501 -4.436480
v 0.000463 0.923700 -4.452774
v 0.152332 1.131662 -4.455842
v 0.893983 1.129406 -4.636655
v 0.884701 1.161760 -4.637078
v 0.127595 1.163968 -4.457649
v -0.112241 1.014421 1.874176
v -0.094612 0.955421 1.953966
v -0.247441 0.918895 1.757990
v -0.235444 0.831925 1.865967
v -0.200152 0.951249 1.863420
v -0.282553 0.858520 1.689324
v -0.268916 0.771440 1.815109
v -0.095226 1.098920 1.755436
v -0.106645 1.153741 1.606853
v -0.195083 1.026485 1.711565
v -0.274571 0.922542 1.605357
v -0.180039 0.876674 1.968116
v -0.213213 0.761296 1.988551
v -0.192220 1.069642 1.540280
v -0.238748 0.988651 1.483927
v -0.084244 1.155319 1.428320
v -0.169429 1.086317 1.402354
v -0.211309 1.032557 1.379333
v -0.064316 1.154081 1.337925
v -0.181544 1.131376 1.324116
v -0.188940 1.198148 1.286391
v -0.207658 1.086798 1.301954
v -0.215168 1.120211 1.236435
v -0.198481 1.240411 1.170409
v -0.171003 1.276312 1.251889
v -0.085365 1.347259 1.222775
v -0.167770 1.326733 1.080026
v -0.246199 1.171515 1.127865
v -0.262242 1.221346 0.999980
v -0.053602 0.666750 2.005797
v -0.149891 0.633539 2.011853
v -0.214622 0.658555 2.007310
v -0.240493 0.715591 1.901563
v -0.271415 0.658723 1.868103
v -0.305227 0.690070 1.761169
v -0.156694 1.348673 0.929666
v -0.255392 1.228215 0.871911
v -0.221104 1.400167 0.775119
v -0.245859 1.481322 0.744639
v -0.267412 1.483388 0.700923
v -0.260805 1.404643 0.728686
v -0.202019 1.415859 0.772444
v -0.226294 1.477573 0.752254
v -0.145248 1.360158 0.788292
v -0.205912 1.334988 0.742389
v -0.144522 1.385730 0.784242
v -0.079000 1.372748 0.784637
v -0.093230 1.394919 0.777654
v -0.034565 1.413031 0.771136
v -0.021651 1.460468 0.757073
v -0.054853 1.423236 0.770410
v -0.043856 1.466393 0.749923
v -0.038697 1.524335 0.735024
v -0.055369 1.509249 0.734239
v -0.086615 1.563586 0.720098
v -0.080257 1.575607 0.667510
v -0.092211 1.542006 0.721891
v -0.141034 1.573877 0.714635
v -0.146732 1.583695 0.666350
v -0.140140 1.553987 0.720145
v -0.208060 1.551183 0.716892
v -0.223213 1.552570 0.674270
v -0.196161 1.534176 0.730994
v -0.312217 0.744389 1.597144
v -0.223283 1.000171 1.248190
v -0.231566 0.947251 1.324437
v -0.288825 0.812945 1.494007
v -0.339398 0.739624 1.427594
v -0.264327 0.887989 1.405439
v -0.384215 0.711463 1.223322
v -0.319774 0.833901 1.301841
v -0.313053 0.922773 1.174799
v -0.397910 0.736164 1.118840
v -0.245847 1.024345 1.132931
v -0.298842 1.073450 0.903122
v -0.279331 1.052377 1.012524
v -0.288438 1.087142 0.813235
v -0.330486 0.962181 0.997336
v -0.405120 0.761537 0.968781
v -0.366680 0.942870 0.825552
v -0.399527 0.751395 0.818257
v -0.387456 0.559522 1.367578
v -0.369933 0.577595 1.581012
v -0.351434 0.576420 1.731571
v -0.331107 0.568277 1.859335
v -0.264256 0.559545 1.979364
v -0.202528 0.581016 2.036944
v -0.118685 0.579731 2.066431
v -0.403237 0.553937 0.974701
v -0.399515 0.551965 0.814961
v -0.397664 0.560533 1.130439
v -0.127347 0.465743 2.099400
v -0.081983 0.463255 1.828761
v -0.191565 0.464727 2.046283
v -0.364048 0.443754 1.375115
v -0.385067 0.476615 1.560982
v -0.362034 0.475330 1.691011
v -0.353344 0.381953 1.692070
v -0.361880 0.391146 1.565598
v -0.278602 0.298619 1.575692
v -0.280070 0.300037 1.706435
v -0.333849 0.478123 1.826543
v -0.299956 0.478615 1.964336
v -0.263679 0.301172 1.796868
v -0.337363 0.387975 1.833487
v -0.286283 0.415394 1.950781
v -0.138894 1.326565 0.783976
v -0.234921 1.220463 0.757315
v -0.181314 0.419370 2.014702
v -0.253897 0.317876 1.915040
v -0.078093 1.570964 0.636362
v -0.145400 1.575447 0.632074
v -0.220842 1.535121 0.640954
v -0.263753 1.464944 0.667686
v -0.249084 1.384998 0.689453
v -0.214313 1.330677 0.727897
v -0.284861 1.271149 0.650456
v -0.293703 1.100865 0.732220
v -0.333768 1.126972 0.618409
v -0.359713 0.961220 0.708382
v -0.383227 0.778591 0.682596
v -0.389530 0.977272 0.566996
v -0.389775 0.582111 0.670179
v -0.420249 0.787436 0.513953
v -0.425581 0.614329 0.504244
v -0.425661 0.882613 0.292946
v -0.442766 0.621844 0.269480
v -0.129557 1.578519 0.556497
v -0.105158 1.592914 0.347584
v -0.208380 1.522550 0.546644
v -0.196466 1.537972 0.337675
v -0.263576 1.463984 0.553407
v -0.261080 1.452192 0.341744
v -0.294448 1.310467 0.548346
v -0.355717 1.144648 0.408131
v -0.302444 1.310706 0.346267
v -0.112900 1.605418 0.201745
v -0.168113 1.664839 0.197031
v -0.091489 1.656783 0.194981
v -0.100888 1.720938 0.197041
v -0.195293 1.556000 0.196374
v -0.263325 1.440509 0.140592
v -0.303583 1.302266 0.091059
v -0.371719 1.140512 0.033141
v -0.434014 0.877543 -0.000658
v -0.449368 0.618793 -0.006336
v -0.093433 1.764854 -0.082118
v -0.147882 1.701401 -0.041274
v -0.156480 1.712396 0.197031
v -0.100888 1.768495 0.197041
v -0.085978 1.723556 -0.309065
v -0.085649 1.739443 -0.670855
v -0.149337 1.656828 -0.661412
v -0.139283 1.662775 -0.296109
v -0.434489 0.875341 -0.324772
v -0.449001 0.615624 -0.353669
v -0.365777 1.150386 -0.307603
v -0.305120 1.291533 -0.307992
v -0.261846 1.440695 -0.290851
v -0.158878 1.654733 -0.094690
v -0.191906 1.577087 -0.300810
v -0.434631 0.881840 -0.665115
v -0.449172 0.625578 -0.714848
v -0.370118 1.142830 -0.633828
v -0.306922 1.282084 -0.630111
v -0.260131 1.441921 -0.610642
v -0.204610 1.576160 -0.616947
v -0.089462 1.703373 -0.913692
v -0.161241 1.640608 -0.917024
v -0.097256 1.634384 -1.203409
v -0.060012 1.561766 -1.548004
v -0.107502 1.561981 -1.450702
v -0.121404 1.550230 -1.437880
v -0.112795 1.561833 -1.592957
v -0.088991 1.565992 -1.594482
v -0.092688 1.563041 -1.653002
v -0.120600 1.557658 -1.661300
v -0.086042 1.561368 -1.720306
v -0.061820 1.564652 -1.691304
v -0.120610 1.494045 -1.578283
v -0.177600 1.513076 -1.438787
v -0.118796 1.476753 -1.642585
v -0.082735 1.452892 -1.692011
v -0.112177 1.431316 -1.777674
v -0.226069 1.348729 -1.776662
v -0.429802 0.653214 -1.068612
v -0.420120 0.883613 -0.904600
v -0.165907 1.588191 -1.198841
v -0.258849 1.305480 -1.494519
v -0.360409 1.004026 -1.795566
v -0.344822 1.066826 -1.550194
v -0.355613 1.145418 -0.900608
v -0.377434 0.849867 -1.585710
v -0.349589 1.118025 -1.203621
v -0.403455 0.902512 -1.199155
v -0.222437 1.568002 -0.960483
v -0.263045 1.454173 -0.891924
v -0.269208 1.376747 -1.204613
v -0.308906 1.269561 -0.906018
v -0.342306 0.634552 -1.649494
v -0.340262 0.753071 -1.822981
v -0.397280 0.473771 -1.230517
v -0.418265 0.463494 -0.748789
v -0.416831 0.458487 -0.364722
v -0.412108 0.452267 -0.021882
v -0.401244 0.443141 0.248501
v -0.378694 0.437294 0.466448
v -0.356744 0.435879 0.659860
v -0.381637 0.442915 0.805526
v -0.383926 0.443473 0.973713
v -0.374002 0.435311 1.156718
v -0.304845 0.364237 1.444469
v -0.254561 0.296697 1.479282
v -0.182265 0.323428 1.423191
v 0.000569 0.288712 1.398155
v -0.090078 0.279694 1.474686
v -0.176765 0.288655 1.477108
v 0.000463 0.375841 1.321632
v -0.130902 0.369103 1.340907
v -0.127340 0.434625 1.850777
v -0.158269 0.326658 1.952302
v -0.132851 0.317484 1.888427
v -0.099700 0.297514 1.805119
v -0.045942 1.267961 -4.714017
v -0.051424 1.280630 -4.412311
v -0.080118 1.250619 -4.714690
v -0.100119 1.228562 -4.412311
v -0.126669 1.163968 -4.457649
v -0.151406 1.131662 -4.455842
v -0.256589 1.067179 -3.183479
v -0.246401 0.869635 -3.197102
v -0.022153 2.373631 -5.982341
v -0.033641 2.429574 -5.805557
v -0.049942 1.253467 -5.082972
v -0.048843 1.190230 -5.571056
v -0.049055 1.180410 -5.570839
v -0.070604 1.239687 -5.072639
v -0.048497 1.161307 -5.572783
v -0.098607 1.159097 -4.933086
v -0.060669 1.129730 -5.575793
v -0.128382 1.143881 -4.930389
v -0.058066 1.097313 -5.579336
v -0.114345 1.032561 -4.937790
v -0.039911 2.481071 -5.589875
v -0.883775 1.161760 -4.637078
v -0.789051 1.159579 -4.831693
v -0.799454 1.140379 -4.833466
v -0.893057 1.129406 -4.636655
v -0.135226 1.140249 -4.789335
v -0.151827 0.989501 -4.436480
v -0.110574 1.161174 -4.749314
v -0.774210 1.143656 -4.887444
v -0.765069 1.158974 -4.880546
v 0.165954 0.272236 1.844086
v 0.000950 0.447351 1.739267
v 0.084594 0.432128 1.744796
v 0.000950 0.281451 1.592795
v 0.086750 0.283881 1.592993
v 0.164705 0.282377 1.659667
v 0.240078 0.308146 1.664006
v 0.304084 0.340401 1.679736
v 0.335641 0.312902 1.607588
v 0.290266 0.297912 1.602185
v 0.327834 0.319949 1.683436
v 0.277388 0.303284 1.677429
v 0.267607 0.303253 1.759866
v 0.319387 0.320358 1.766031
v -0.085120 0.432526 1.774113
v -0.188473 0.299495 1.823449
v -0.196736 0.311601 1.859886
v -0.254561 0.176752 1.515503
v -0.183182 0.176752 1.513342
v -0.182027 0.165102 1.586034
v -0.278602 0.165102 1.575692
v -0.280070 0.165102 1.706435
v -0.184181 0.165102 1.680111
v -0.187664 0.165102 1.823790
v -0.263679 0.165102 1.796868
v -0.088445 0.288013 1.689228
v -0.085606 0.283314 1.596376
v -0.085606 0.165102 1.596376
v -0.090078 0.176752 1.510908
v -0.099700 0.165102 1.805119
v -0.088445 0.165102 1.689228
v 0.000463 1.179749 -5.602457
v 0.000463 1.160413 -5.621930
v 0.000463 1.129218 -5.625826
v 0.060938 1.637840 -1.548004
v 0.000463 1.637831 -1.537229
v 0.089917 1.642066 -1.594482
v 0.093614 1.639116 -1.653002
v 0.062745 1.640726 -1.691304
v 0.000463 1.641834 -1.715554
v -0.060012 1.637840 -1.548004
v -0.088991 1.642066 -1.594482
v -0.092688 1.639115 -1.653002
v -0.061820 1.640726 -1.691304
v 0.060938 1.721430 -1.548004
v 0.000463 1.721421 -1.537229
v 0.089917 1.725656 -1.594482
v 0.093614 1.722706 -1.653002
v 0.062745 1.724316 -1.691304
v 0.000463 1.725425 -1.715554
v -0.060012 1.721430 -1.548004
v -0.088991 1.725656 -1.594482
v -0.092688 1.722706 -1.653002
v -0.061820 1.724316 -1.691304
v 0.001470 1.750142 -1.595583
v 0.002443 1.751400 -1.651990
v 0.332006 0.257259 1.515115
v 0.323889 0.245948 1.513699
v 0.303009 0.251412 1.524720
v 0.318449 0.272928 1.527414
v 0.324066 0.232043 1.512992
v 0.303345 0.224963 1.523375
v 0.332468 0.220855 1.513265
v 0.319327 0.203682 1.523894
v 0.345887 0.216658 1.514413
v 0.344851 0.195700 1.526077
v 0.359197 0.221055 1.515997
v 0.370168 0.204063 1.529092
v 0.367314 0.232367 1.517413
v 0.385608 0.225579 1.531785
v 0.367138 0.246272 1.518120
v 0.385272 0.252028 1.533130
v 0.358735 0.257460 1.517848
v 0.369290 0.273309 1.532611
v 0.345316 0.261656 1.516700
v 0.343766 0.281292 1.530428
v 0.280465 0.256445 1.554440
v 0.303136 0.288039 1.558396
v 0.280957 0.217606 1.552466
v 0.304426 0.186358 1.553227
v 0.341906 0.174636 1.556433
v 0.379081 0.186917 1.560859
v 0.401753 0.218511 1.564815
v 0.401260 0.257349 1.566789
v 0.377792 0.288598 1.566028
v 0.340312 0.300320 1.562822
v 0.262595 0.259351 1.597357
v 0.263196 0.211947 1.594948
v 0.291841 0.173807 1.595877
v 0.337587 0.159499 1.599790
v 0.382961 0.174489 1.605193
v 0.410632 0.213051 1.610021
v 0.410031 0.260455 1.612430
v 0.381387 0.298594 1.611501
v 0.246624 0.260413 1.672062
v 0.277388 0.303284 1.677429
v 0.247293 0.207711 1.669383
v 0.279138 0.165308 1.670416
v 0.329997 0.149402 1.674766
v 0.380443 0.166067 1.680773
v 0.411207 0.208938 1.686140
v 0.410538 0.261640 1.688819
v 0.378693 0.304042 1.687786
v 0.236029 0.259247 1.754357
v 0.236715 0.205151 1.751607
v 0.269403 0.161627 1.752667
v 0.321607 0.145300 1.757133
v 0.373387 0.162406 1.763298
v 0.404965 0.206411 1.768808
v 0.404279 0.260507 1.771557
v 0.371591 0.304031 1.770497
v 0.242217 0.254554 1.788021
v 0.270231 0.293593 1.792909
v 0.242825 0.206563 1.785582
v 0.271824 0.167951 1.786523
v 0.318137 0.153466 1.790484
v 0.364073 0.168642 1.795953
v 0.392086 0.207680 1.800841
v 0.391478 0.255671 1.803281
v 0.362479 0.294283 1.802340
v 0.316167 0.308768 1.798378
v 0.260053 0.246786 1.815843
v 0.280407 0.275149 1.819394
v 0.260496 0.211919 1.814071
v 0.281564 0.183865 1.814754
v 0.315212 0.173342 1.817633
v 0.348587 0.184367 1.821606
v 0.368940 0.212731 1.825158
v 0.368498 0.247598 1.826930
v 0.347429 0.275651 1.826247
v 0.313781 0.286175 1.823368
v 0.284170 0.237838 1.834790
v 0.294870 0.252750 1.836656
v 0.284402 0.219507 1.833858
v 0.295479 0.204759 1.834217
v 0.313168 0.199226 1.835730
v 0.330714 0.205022 1.837819
v 0.341415 0.219934 1.839686
v 0.341182 0.238265 1.840618
v 0.330106 0.253013 1.840259
v 0.312416 0.258546 1.838746
v 0.346047 0.239385 1.511181
v 0.312205 0.228585 1.843005
v 0.000463 1.365763 -3.162886
v 0.082880 1.354479 -3.163665
v 0.163975 1.286281 -3.168368
v -0.081954 1.354479 -3.163665
v -0.163049 1.286281 -3.168368
v 0.095768 1.717994 -0.135661
v 0.000463 1.733325 -0.143600
v -0.093433 1.718186 -0.135534
v 0.695369 0.227944 -1.353008
v 0.695369 0.246074 -1.310128
v 0.699071 0.172269 -1.302268
v 0.695369 0.236013 -1.264246
v 0.695369 0.201605 -1.232887
v 0.695369 0.155990 -1.228029
v 0.695370 0.116594 -1.251527
v 0.695369 0.098464 -1.294407
v 0.695370 0.108525 -1.340290
v 0.695369 0.142933 -1.371649
v 0.695369 0.188548 -1.376507
v 0.534365 0.227944 -1.353008
v 0.533164 0.246074 -1.310128
v 0.531875 0.236013 -1.264245
v 0.530992 0.201604 -1.232887
v 0.530851 0.155990 -1.228029
v 0.531507 0.116593 -1.251527
v 0.532708 0.098463 -1.294407
v 0.533997 0.108525 -1.340290
v 0.534880 0.142933 -1.371649
v 0.535021 0.188549 -1.376507
v 0.522785 0.218242 -1.316302
v 0.525023 0.222857 -1.304673
v 0.524693 0.220229 -1.292124
v 0.521922 0.211365 -1.283450
v 0.517768 0.199649 -1.281965
v 0.513816 0.189556 -1.288233
v 0.511579 0.184942 -1.299862
v 0.511909 0.187569 -1.312411
v 0.514680 0.196433 -1.321085
v 0.518835 0.208149 -1.322571
v 0.449810 0.307413 -1.302840
v 0.454465 0.309591 -1.293347
v 0.454246 0.307527 -1.282654
v 0.449238 0.302008 -1.274846
v 0.441353 0.295143 -1.272905
v 0.433603 0.289554 -1.277573
v 0.428948 0.287377 -1.287066
v 0.429167 0.289440 -1.297759
v 0.434175 0.294958 -1.305567
v 0.442060 0.301823 -1.307508
v 0.457710 0.316117 -1.315156
v 0.466903 0.320421 -1.296408
v 0.466471 0.316344 -1.275291
v 0.456581 0.305445 -1.259871
v 0.441009 0.291887 -1.256039
v 0.425703 0.280848 -1.265257
v 0.416510 0.276547 -1.284005
v 0.416941 0.280624 -1.305122
v 0.426832 0.291522 -1.320542
v 0.442404 0.305080 -1.324374
v 0.288824 0.530257 -1.269346
v 0.300444 0.528343 -1.251909
v 0.298270 0.525989 -1.230424
v 0.283134 0.524094 -1.213100
v 0.260816 0.523381 -1.206553
v 0.239841 0.524122 -1.213284
v 0.228222 0.526035 -1.230722
v 0.230396 0.528389 -1.252206
v 0.245532 0.530282 -1.269531
v 0.267850 0.530997 -1.276077
v 0.255812 0.560168 -1.264808
v 0.282349 0.551621 -1.245797
v 0.280175 0.543860 -1.225626
v 0.253006 0.537450 -1.205766
v 0.219702 0.543585 -1.209159
v 0.207599 0.548358 -1.225974
v 0.209773 0.554968 -1.246524
v 0.225392 0.559998 -1.263158
v 0.412264 0.549880 -1.243884
v 0.412577 0.565190 -1.281670
v 0.411702 0.532597 -1.207020
v 0.655698 0.462076 -1.192411
v 0.525339 0.511968 -1.197538
v 0.523160 0.484651 -1.168998
v 0.632867 0.445881 -1.181185
v 0.411142 0.574273 -1.349241
v 0.248491 0.576585 -1.342650
v 0.518096 0.411730 -1.144527
v 0.563877 0.404964 -1.147954
v 0.406298 0.550486 -1.411906
v 0.248491 0.546492 -1.405640
v 0.527697 0.536484 -1.250800
v 0.530045 0.560751 -1.304524
v 0.409494 0.497649 -1.162328
v 0.241457 0.491928 -1.158606
v 0.530789 0.560590 -1.356261
v 0.402883 0.428370 -1.135989
v 0.241457 0.409829 -1.134662
v 0.529928 0.532631 -1.421067
v 0.659171 0.494984 -1.264393
v 0.660744 0.529587 -1.335701
v 0.638445 0.522055 -1.368328
v 0.569456 0.526768 -1.424030
v 0.069344 0.437333 -1.335894
v 0.079329 0.452087 -1.335894
v 0.542970 0.138305 -1.335894
v 0.532985 0.123551 -1.335894
v 0.084322 0.459464 -1.320465
v 0.547963 0.145682 -1.320465
v 0.079329 0.452087 -1.305037
v 0.542970 0.138305 -1.305037
v 0.069344 0.437333 -1.305037
v 0.532985 0.123551 -1.305037
v 0.064351 0.429956 -1.320465
v 0.527993 0.116174 -1.320465
v -0.741135 0.227944 -1.353008
v -0.744836 0.172269 -1.302268
v -0.741135 0.246074 -1.310128
v -0.741135 0.236013 -1.264246
v -0.741135 0.201605 -1.232887
v -0.741135 0.155990 -1.228029
v -0.741135 0.116594 -1.251527
v -0.741135 0.098464 -1.294407
v -0.741135 0.108525 -1.340290
v -0.741135 0.142933 -1.371649
v -0.741135 0.188548 -1.376507
v -0.580130 0.227944 -1.353008
v -0.578929 0.246074 -1.310128
v -0.577640 0.236013 -1.264245
v -0.576757 0.201604 -1.232887
v -0.576616 0.155990 -1.228028
v -0.577272 0.116593 -1.251527
v -0.578473 0.098463 -1.294407
v -0.579762 0.108525 -1.340290
v -0.580645 0.142933 -1.371649
v -0.580786 0.188549 -1.376507
v -0.570788 0.222857 -1.304673
v -0.568550 0.218242 -1.316302
v -0.570458 0.220229 -1.292124
v -0.567687 0.211365 -1.283450
v -0.563533 0.199649 -1.281965
v -0.559582 0.189556 -1.288233
v -0.557344 0.184942 -1.299862
v -0.557674 0.187569 -1.312411
v -0.560445 0.196433 -1.321085
v -0.564600 0.208149 -1.322571
v -0.500230 0.309591 -1.293347
v -0.495575 0.307413 -1.302840
v -0.500012 0.307527 -1.282654
v -0.495003 0.302008 -1.274846
v -0.487118 0.295143 -1.272905
v -0.479368 0.289554 -1.277573
v -0.474714 0.287377 -1.287066
v -0.474932 0.289440 -1.297759
v -0.479940 0.294958 -1.305567
v -0.487825 0.301823 -1.307508
v -0.512668 0.320421 -1.296408
v -0.503475 0.316117 -1.315156
v -0.512237 0.316344 -1.275291
v -0.502346 0.305445 -1.259871
v -0.486774 0.291887 -1.256039
v -0.471469 0.280848 -1.265257
v -0.462276 0.276547 -1.284005
v -0.462707 0.280624 -1.305122
v -0.472597 0.291522 -1.320542
v -0.488169 0.305080 -1.324374
v -0.346209 0.528343 -1.251909
v -0.334590 0.530257 -1.269346
v -0.344035 0.525989 -1.230424
v -0.328899 0.524094 -1.213100
v -0.306581 0.523382 -1.206554
v -0.285607 0.524122 -1.213284
v -0.273987 0.526035 -1.230722
v -0.276161 0.528389 -1.252206
v -0.291298 0.530282 -1.269531
v -0.313615 0.530997 -1.276077
v -0.328114 0.551621 -1.245797
v -0.301578 0.560168 -1.264808
v -0.325940 0.543860 -1.225626
v -0.298772 0.537450 -1.205766
v -0.265467 0.543585 -1.209159
v -0.253364 0.548358 -1.225974
v -0.255538 0.554968 -1.246524
v -0.271157 0.559998 -1.263158
v -0.458343 0.565190 -1.281670
v -0.458030 0.549880 -1.243884
v -0.457467 0.532597 -1.207020
v -0.701463 0.462076 -1.192411
v -0.678632 0.445881 -1.181185
v -0.568925 0.484651 -1.168998
v -0.571104 0.511968 -1.197538
v -0.294256 0.576585 -1.342650
v -0.456907 0.574273 -1.349241
v -0.609642 0.404964 -1.147954
v -0.563862 0.411730 -1.144527
v -0.294256 0.546492 -1.405640
v -0.452063 0.550486 -1.411906
v -0.575811 0.560751 -1.304524
v -0.573462 0.536484 -1.250800
v -0.455260 0.497649 -1.162328
v -0.287222 0.491928 -1.158606
v -0.576554 0.560590 -1.356261
v -0.448648 0.428370 -1.135989
v -0.287223 0.409829 -1.134662
v -0.575693 0.532631 -1.421067
v -0.706509 0.529587 -1.335701
v -0.704936 0.494984 -1.264393
v -0.684211 0.522055 -1.368328
v -0.615221 0.526768 -1.424030
v -0.115110 0.437333 -1.335894
v -0.578751 0.123551 -1.335894
v -0.588736 0.138305 -1.335894
v -0.125095 0.452087 -1.335894
v -0.593729 0.145682 -1.320465
v -0.130087 0.459464 -1.320465
v -0.588736 0.138305 -1.305037
v -0.125095 0.452087 -1.305037
v -0.578751 0.123551 -1.305037
v -0.115110 0.437333 -1.305037
v -0.573758 0.116174 -1.320465
v -0.110117 0.429956 -1.320465
v -0.136810 0.608661 1.664473
v -0.111273 0.608661 1.664473
v -0.111273 0.702051 1.664473
v -0.136810 0.702051 1.664473
v -0.111273 0.702051 1.433752
v -0.136810 0.702051 1.433752
v 0.138094 0.608661 1.664473
v 0.138094 0.608661 1.356640
v 0.138094 0.702051 1.433752
v 0.138094 0.702051 1.664473
v -0.136810 0.608661 1.356640
v -0.136810 0.997051 1.357059
v -0.111273 0.997051 1.357059
v -0.111273 0.997051 1.279057
v -0.136810 0.997051 1.279948
v 0.138094 0.702051 1.356640
v -0.136810 0.702051 1.356640
v 0.138094 0.997051 1.279948
v 0.138094 0.997051 1.357059
v -0.096483 0.701257 1.642341
v -0.096483 0.619350 1.642341
v 0.098025 0.619350 1.642341
v 0.098025 0.701257 1.642341
v -0.096483 0.701257 1.421768
v 0.098025 0.701257 1.421768
v -0.096483 0.977945 1.275226
v -0.096483 0.977945 1.350377
v 0.098025 0.977945 1.350377
v 0.098025 0.977945 1.275226
v 0.112815 0.702051 1.664473
v 0.112815 0.608661 1.664473
v 0.112815 0.702051 1.433752
v 0.112815 0.997051 1.279057
v 0.112815 0.997051 1.357059
v -0.205205 0.496641 1.331394
v -0.228162 0.496641 1.664473
v 0.229447 0.496641 1.664473
v 0.206490 0.496641 1.331394
v -0.136810 0.567914 1.664473
v 0.138094 0.567914 1.664473
v -0.136810 0.521699 1.854741
v 0.138094 0.521699 1.854741
v 0.305246 0.692199 1.333899
v -0.303962 0.692199 1.333899
v 0.226144 0.887959 1.259712
v -0.224859 0.887959 1.259712
v -0.312055 0.710169 1.664473
v 0.313340 0.710169 1.664473
v -0.205205 0.495027 1.855346
v 0.206490 0.495027 1.855346
v 0.269793 0.653712 1.855346
v 0.138094 0.759013 1.896387
v -0.268508 0.654122 1.855346
v -0.136810 0.759013 1.896387
v -0.136810 0.521699 1.854741
v -0.136810 0.759013 1.896387
v -0.083095 0.824091 1.896387
v 0.138094 0.521699 1.854741
v 0.084637 0.824091 1.896387
v 0.138094 0.759013 1.896387
v -0.136810 0.747215 1.964928
v -0.083095 0.784152 1.962833
v 0.084637 0.784152 1.962833
v 0.138094 0.747215 1.964928
v -0.136810 0.710628 1.964928
v -0.083095 0.710628 1.962833
v 0.084637 0.710627 1.962833
v 0.138094 0.710627 1.964928
v -0.127632 0.901795 1.030651
v -0.103801 0.901795 1.030651
v -0.103801 0.995185 1.030651
v -0.127632 0.995185 1.030651
v -0.103801 0.995185 0.799930
v -0.127632 0.995185 0.799930
v 0.128917 0.901795 1.030651
v 0.128917 0.901795 0.722818
v 0.128917 0.995185 0.799930
v 0.128917 0.995185 1.030651
v -0.127632 0.901795 0.722818
v -0.127632 1.290185 0.723237
v -0.103801 1.290185 0.723237
v -0.103801 1.290185 0.645234
v -0.127632 1.290185 0.646126
v 0.128917 0.995185 0.722818
v -0.127632 0.995185 0.722818
v 0.128917 1.290185 0.646126
v 0.128917 1.290185 0.723237
v -0.089998 0.994390 1.008519
v -0.089998 0.912484 1.008519
v 0.091523 0.912484 1.008519
v 0.091523 0.994390 1.008519
v -0.089998 0.994390 0.787946
v 0.091523 0.994390 0.787946
v -0.089998 1.271078 0.641404
v -0.089998 1.271078 0.716555
v 0.091523 1.271078 0.716555
v 0.091523 1.271078 0.641404
v 0.105325 0.995185 1.030651
v 0.105325 0.901795 1.030651
v 0.105325 0.995185 0.799930
v 0.105325 1.290185 0.645234
v 0.105325 1.290185 0.723237
v -0.191461 0.789774 0.697572
v -0.212885 0.789774 1.030651
v 0.214169 0.789774 1.030651
v 0.192745 0.789774 0.697572
v -0.127632 0.861048 1.030651
v 0.128917 0.861048 1.030651
v -0.127632 0.814833 1.220919
v 0.128917 0.814833 1.220919
v 0.284907 0.985332 0.700077
v -0.283623 0.985332 0.700077
v 0.211086 1.181093 0.625890
v -0.209802 1.181093 0.625890
v -0.291176 1.003303 1.030651
v 0.292460 1.003303 1.030651
v -0.191461 0.788161 1.221524
v 0.192745 0.788161 1.221524
v 0.251821 0.946846 1.221524
v 0.128917 1.052147 1.262565
v -0.250536 0.947256 1.221524
v -0.127632 1.052147 1.262565
v -0.127632 0.814833 1.220919
v -0.127632 1.052147 1.262565
v -0.077504 1.117225 1.262565
v 0.128917 0.814833 1.220919
v 0.079028 1.117225 1.262565
v 0.128917 1.052147 1.262565
v -0.127632 1.040349 1.331106
v -0.077504 1.077286 1.329011
v 0.079028 1.077286 1.329011
v 0.128917 1.040349 1.331106
v -0.127632 1.003761 1.331106
v -0.077504 1.003761 1.329011
v 0.079028 1.003761 1.329011
v 0.128917 1.003761 1.331106
v 0.791370 0.658584 -1.344352
v 0.777206 0.664451 -1.344352
v 0.777206 0.681432 -1.333005
v 0.803378 0.670592 -1.333005
v 0.763041 0.658584 -1.344352
v 0.751033 0.670592 -1.333005
v 0.757174 0.644419 -1.344352
v 0.740193 0.644419 -1.333005
v 0.763041 0.630255 -1.344352
v 0.751033 0.618247 -1.333005
v 0.777206 0.624388 -1.344352
v 0.777206 0.607406 -1.333005
v 0.791370 0.630255 -1.344352
v 0.803378 0.618247 -1.333005
v 0.797237 0.644419 -1.344352
v 0.814219 0.644419 -1.333005
v 0.777206 0.734743 -1.173612
v 0.841074 0.708288 -1.173612
v 0.713337 0.708288 -1.173612
v 0.686882 0.644419 -1.173612
v 0.713337 0.580551 -1.173612
v 0.777206 0.554096 -1.173612
v 0.841074 0.580551 -1.173612
v 0.867529 0.644419 -1.173612
v 0.777206 0.734743 -0.602411
v 0.841074 0.708288 -0.602411
v 0.713337 0.708288 -0.602411
v 0.686882 0.644419 -0.602411
v 0.713337 0.580551 -0.602411
v 0.777206 0.554096 -0.602411
v 0.841074 0.580551 -0.602411
v 0.867529 0.644419 -0.602411
v 0.777206 0.713550 -0.570693
v 0.826088 0.693302 -0.570693
v 0.728323 0.693302 -0.570693
v 0.708075 0.644419 -0.570693
v 0.728323 0.595537 -0.570693
v 0.777206 0.575289 -0.570693
v 0.826088 0.595537 -0.570693
v 0.846336 0.644419 -0.570693
v 0.777206 0.681833 -0.549500
v 0.803661 0.670874 -0.549500
v 0.750750 0.670874 -0.549500
v 0.739792 0.644419 -0.549500
v 0.750750 0.617964 -0.549500
v 0.777206 0.607006 -0.549500
v 0.803661 0.617964 -0.549500
v 0.814619 0.644419 -0.549500
v 0.777206 0.644419 -1.348336
v 0.777206 0.644419 -0.542058
v 0.803378 0.618247 -1.333005
v 0.841074 0.580551 -1.173612
v 0.867270 0.554355 -1.220724
v 0.867423 0.554202 -1.288153
v 0.775763 0.681404 -1.333005
v 0.773686 0.734674 -1.173612
v 0.772242 0.771693 -1.220724
v 0.772234 0.771909 -1.288153
v 0.749931 0.619398 -1.333005
v 0.710647 0.583359 -1.173612
v 0.683347 0.558315 -1.220724
v 0.683188 0.558169 -1.288153
v 1.454886 0.495379 -1.289820
v 1.434126 0.510462 -1.289820
v 1.434126 0.510462 -0.481564
v 1.454886 0.495379 -0.481564
v 1.408466 0.510462 -1.289820
v 1.408466 0.510462 -0.481564
v 1.387707 0.495379 -1.289820
v 1.387707 0.495379 -0.481564
v 1.379777 0.470975 -1.289820
v 1.379777 0.470975 -0.481564
v 1.387707 0.446571 -1.289820
v 1.387707 0.446571 -0.481564
v 1.408466 0.431488 -1.289820
v 1.408466 0.431488 -0.481564
v 1.434126 0.431488 -1.289820
v 1.434126 0.431488 -0.481564
v 1.454886 0.446571 -1.289820
v 1.454886 0.446571 -0.481564
v 1.462815 0.470975 -1.289820
v 1.462815 0.470975 -0.481564
v 1.421296 0.470975 -1.289820
v 1.421296 0.470975 -0.481564
v -0.105696 1.568014 0.730310
v -0.109762 1.566579 0.763361
v -0.058984 1.531854 0.775821
v -0.048340 1.528790 0.744383
v -0.176592 1.568014 0.730310
v -0.172526 1.566579 0.763361
v -0.233948 1.528790 0.744383
v -0.223303 1.531854 0.775821
v -0.255856 1.465326 0.767154
v -0.242699 1.475669 0.795980
v -0.233948 1.401862 0.789925
v -0.223303 1.419484 0.816139
v -0.176592 1.362639 0.803999
v -0.172526 1.384759 0.828598
v -0.105696 1.362639 0.803999
v -0.109762 1.384759 0.828598
v -0.048340 1.401862 0.789925
v -0.058984 1.419484 0.816139
v -0.026432 1.465326 0.767154
v -0.039589 1.475669 0.795980
v -0.118644 1.550945 0.800734
v -0.082238 1.526049 0.809667
v -0.163644 1.550945 0.800734
v -0.200049 1.526049 0.809667
v -0.213955 1.485766 0.824121
v -0.200049 1.445483 0.838574
v -0.163644 1.420587 0.847507
v -0.118644 1.420587 0.847507
v -0.082238 1.445483 0.838574
v -0.068333 1.485766 0.824121
v -0.130190 1.522931 0.827876
v -0.112466 1.510810 0.832225
v -0.152098 1.522931 0.827876
v -0.169822 1.510810 0.832225
v -0.176592 1.491198 0.839262
v -0.169822 1.471587 0.846299
v -0.152098 1.459466 0.850648
v -0.130190 1.459466 0.850648
v -0.112466 1.471587 0.846299
v -0.105696 1.491198 0.839262
v -0.141144 1.492530 0.842973
v -0.076399 1.500553 0.726046
v -0.116413 1.527917 0.716228
v -0.165874 1.527917 0.716228
v -0.205889 1.500553 0.726046
v -0.221173 1.456277 0.741932
v -0.205889 1.412000 0.757819
v -0.165874 1.384636 0.767637
v -0.116413 1.384636 0.767637
v -0.076399 1.412000 0.757819
v -0.061115 1.456277 0.741932
v -1.594535 0.495379 -1.289820
v -1.615295 0.510462 -1.289820
v -1.615295 0.510462 -0.481564
v -1.594535 0.495379 -0.481564
v -1.640955 0.510462 -1.289820
v -1.640955 0.510462 -0.481564
v -1.661715 0.495379 -1.289820
v -1.661715 0.495379 -0.481564
v -1.669644 0.470975 -1.289820
v -1.669644 0.470975 -0.481564
v -1.661715 0.446571 -1.289820
v -1.661715 0.446571 -0.481564
v -1.640955 0.431488 -1.289820
v -1.640955 0.431488 -0.481564
v -1.615295 0.431488 -1.289820
v -1.615295 0.431488 -0.481564
v -1.594535 0.446571 -1.289820
v -1.594535 0.446571 -0.481564
v -1.586606 0.470975 -1.289820
v -1.586606 0.470975 -0.481564
v -1.628125 0.470975 -1.289820
v -1.628125 0.470975 -0.481564
v -1.392961 0.495379 -1.289820
v -1.413721 0.510462 -1.289820
v -1.413721 0.510462 -0.481564
v -1.392961 0.495379 -0.481564
v -1.439381 0.510462 -1.289820
v -1.439381 0.510462 -0.481564
v -1.460140 0.495379 -1.289820
v -1.460140 0.495379 -0.481564
v -1.468070 0.470975 -1.289820
v -1.468070 0.470975 -0.481564
v -1.460140 0.446571 -1.289820
v -1.460140 0.446571 -0.481564
v -1.439381 0.431488 -1.289820
v -1.439381 0.431488 -0.481564
v -1.413721 0.431488 -1.289820
v -1.413721 0.431488 -0.481564
v -1.392961 0.446571 -1.289820
v -1.392961 0.446571 -0.481564
v -1.385032 0.470975 -1.289820
v -1.385032 0.470975 -0.481564
v -1.426551 0.470975 -1.289820
v -1.426551 0.470975 -0.481564
v 1.206640 0.618468 -1.192207
v 1.148052 0.661034 -1.192207
v 1.148052 0.661034 -0.582835
v 1.206640 0.618468 -0.582835
v 1.075634 0.661034 -1.192207
v 1.075634 0.661034 -0.582835
v 1.017046 0.618468 -1.192207
v 1.017046 0.618468 -0.582835
v 0.994668 0.549594 -1.192207
v 0.994668 0.549594 -0.582835
v 1.017046 0.480720 -1.192207
v 1.017046 0.480720 -0.582835
v 1.075634 0.438154 -1.192207
v 1.075634 0.438154 -0.582835
v 1.148052 0.438154 -1.192207
v 1.148052 0.438154 -0.582835
v 1.206640 0.480720 -1.192207
v 1.206640 0.480720 -0.582835
v 1.229018 0.549594 -1.192207
v 1.229018 0.549594 -0.582835
v 1.111843 0.549594 -1.192207
v 1.111843 0.549594 -0.582835
v 1.196128 0.614693 -0.617920
v 1.179121 0.618575 -0.617920
v 1.179121 0.618575 -0.491156
v 1.196128 0.614693 -0.491156
v 1.165483 0.607699 -0.617920
v 1.165483 0.607699 -0.491156
v 1.165483 0.590254 -0.617920
v 1.165483 0.590254 -0.491156
v 1.179121 0.579378 -0.617920
v 1.179121 0.579378 -0.491156
v 1.196128 0.583260 -0.617920
v 1.196128 0.583260 -0.491156
v 1.203697 0.598976 -0.617920
v 1.203697 0.598976 -0.491156
v 1.168657 0.640601 -0.617920
v 1.151651 0.644483 -0.617920
v 1.151651 0.644483 -0.491156
v 1.168657 0.640601 -0.491156
v 1.138012 0.633606 -0.617920
v 1.138012 0.633606 -0.491156
v 1.138012 0.616162 -0.617920
v 1.138012 0.616162 -0.491156
v 1.151651 0.605286 -0.617920
v 1.151651 0.605286 -0.491156
v 1.168657 0.609168 -0.617920
v 1.168657 0.609168 -0.491156
v 1.176226 0.624884 -0.617920
v 1.176226 0.624884 -0.491156
v 1.209769 0.576409 -0.617920
v 1.192763 0.580291 -0.617920
v 1.192763 0.580291 -0.491156
v 1.209769 0.576409 -0.491156
v 1.179124 0.569415 -0.617920
v 1.179124 0.569415 -0.491156
v 1.179124 0.551971 -0.617920
v 1.179124 0.551971 -0.491156
v 1.192763 0.541094 -0.617920
v 1.192763 0.541094 -0.491156
v 1.209769 0.544976 -0.617920
v 1.209769 0.544976 -0.491156
v 1.217338 0.560693 -0.617920
v 1.217338 0.560693 -0.491156
v 1.134160 0.651768 -0.617920
v 1.117153 0.655650 -0.617920
v 1.117153 0.655650 -0.491156
v 1.134160 0.651768 -0.491156
v 1.103514 0.644774 -0.617920
v 1.103514 0.644774 -0.491156
v 1.103514 0.627330 -0.617920
v 1.103514 0.627330 -0.491156
v 1.117153 0.616453 -0.617920
v 1.117153 0.616453 -0.491156
v 1.134160 0.620335 -0.617920
v 1.134160 0.620335 -0.491156
v 1.141729 0.636052 -0.617920
v 1.141729 0.636052 -0.491156
v 1.093826 0.647110 -0.617920
v 1.076819 0.650992 -0.617920
v 1.076819 0.650992 -0.491156
v 1.093826 0.647110 -0.491156
v 1.063181 0.640115 -0.617920
v 1.063181 0.640115 -0.491156
v 1.063181 0.622671 -0.617920
v 1.063181 0.622671 -0.491156
v 1.076819 0.611795 -0.617920
v 1.076819 0.611795 -0.491156
v 1.093826 0.615677 -0.617920
v 1.093826 0.615677 -0.491156
v 1.101395 0.631393 -0.617920
v 1.101395 0.631393 -0.491156
v 1.061989 0.620030 -0.617920
v 1.044982 0.623911 -0.617920
v 1.044982 0.623911 -0.491156
v 1.061989 0.620030 -0.491156
v 1.031343 0.613035 -0.617920
v 1.031343 0.613035 -0.491156
v 1.031343 0.595591 -0.617920
v 1.031343 0.595591 -0.491156
v 1.044982 0.584715 -0.617920
v 1.044982 0.584715 -0.491156
v 1.061989 0.588596 -0.617920
v 1.061989 0.588596 -0.491156
v 1.069557 0.604313 -0.617920
v 1.069557 0.604313 -0.491156
v 1.044902 0.582672 -0.617920
v 1.027895 0.586553 -0.617920
v 1.027895 0.586553 -0.491156
v 1.044902 0.582672 -0.491156
v 1.014256 0.575677 -0.617920
v 1.014256 0.575677 -0.491156
v 1.014256 0.558233 -0.617920
v 1.014256 0.558233 -0.491156
v 1.027895 0.547356 -0.617920
v 1.027895 0.547356 -0.491156
v 1.044902 0.551238 -0.617920
v 1.044902 0.551238 -0.491156
v 1.052470 0.566955 -0.617920
v 1.052470 0.566955 -0.491156
v 1.045697 0.543090 -0.617920
v 1.028690 0.546971 -0.617920
v 1.028690 0.546971 -0.491156
v 1.045697 0.543090 -0.491156
v 1.015051 0.536095 -0.617920
v 1.015051 0.536095 -0.491156
v 1.015051 0.518651 -0.617920
v 1.015051 0.518651 -0.491156
v 1.028690 0.507775 -0.617920
v 1.028690 0.507775 -0.491156
v 1.045697 0.511656 -0.617920
v 1.045697 0.511656 -0.491156
v 1.053266 0.527373 -0.617920
v 1.053266 0.527373 -0.491156
v 1.065701 0.507577 -0.617920
v 1.048694 0.511459 -0.617920
v 1.048694 0.511459 -0.491156
v 1.065701 0.507577 -0.491156
v 1.035056 0.500583 -0.617920
v 1.035056 0.500583 -0.491156
v 1.035056 0.483138 -0.617920
v 1.035056 0.483138 -0.491156
v 1.048694 0.472262 -0.617920
v 1.048694 0.472262 -0.491156
v 1.065701 0.476144 -0.617920
v 1.065701 0.476144 -0.491156
v 1.073270 0.491860 -0.617920
v 1.073270 0.491860 -0.491156
v 1.099614 0.486971 -0.617920
v 1.082607 0.490852 -0.617920
v 1.082607 0.490852 -0.491156
v 1.099614 0.486971 -0.491156
v 1.068969 0.479976 -0.617920
v 1.068969 0.479976 -0.491156
v 1.068969 0.462532 -0.617920
v 1.068969 0.462532 -0.491156
v 1.082607 0.451655 -0.617920
v 1.082607 0.451655 -0.491156
v 1.099614 0.455537 -0.617920
v 1.099614 0.455537 -0.491156
v 1.107183 0.471254 -0.617920
v 1.107183 0.471254 -0.491156
v 1.140546 0.486971 -0.617920
v 1.123539 0.490852 -0.617920
v 1.123539 0.490852 -0.491156
v 1.140546 0.486971 -0.491156
v 1.109900 0.479976 -0.617920
v 1.109900 0.479976 -0.491156
v 1.109900 0.462532 -0.617920
v 1.109900 0.462532 -0.491156
v 1.123539 0.451655 -0.617920
v 1.123539 0.451655 -0.491156
v 1.140546 0.455537 -0.617920
v 1.140546 0.455537 -0.491156
v 1.148114 0.471254 -0.617920
v 1.148114 0.471254 -0.491156
v 1.180025 0.500521 -0.617920
v 1.163018 0.504403 -0.617920
v 1.163018 0.504403 -0.491156
v 1.180025 0.500521 -0.491156
v 1.149380 0.493526 -0.617920
v 1.149380 0.493526 -0.491156
v 1.149380 0.476082 -0.617920
v 1.149380 0.476082 -0.491156
v 1.163018 0.465206 -0.617920
v 1.163018 0.465206 -0.491156
v 1.180025 0.469088 -0.617920
v 1.180025 0.469088 -0.491156
v 1.187594 0.484804 -0.617920
v 1.187594 0.484804 -0.491156
v 1.206061 0.536736 -0.617920
v 1.189054 0.540617 -0.617920
v 1.189054 0.540617 -0.491156
v 1.206061 0.536736 -0.491156
v 1.175416 0.529741 -0.617920
v 1.175416 0.529741 -0.491156
v 1.175416 0.512297 -0.617920
v 1.175416 0.512297 -0.491156
v 1.189054 0.501421 -0.617920
v 1.189054 0.501421 -0.491156
v 1.206061 0.505302 -0.617920
v 1.206061 0.505302 -0.491156
v 1.213630 0.521019 -0.617920
v 1.213630 0.521019 -0.491156
v 1.172521 0.577071 -0.617920
v 1.155514 0.580953 -0.617920
v 1.155514 0.580953 -0.491156
v 1.172521 0.577071 -0.491156
v 1.141876 0.570077 -0.617920
v 1.141876 0.570077 -0.491156
v 1.141876 0.552633 -0.617920
v 1.141876 0.552633 -0.491156
v 1.155514 0.541756 -0.617920
v 1.155514 0.541756 -0.491156
v 1.172521 0.545638 -0.617920
v 1.172521 0.545638 -0.491156
v 1.180090 0.561355 -0.617920
v 1.180090 0.561355 -0.491156
v 1.167851 0.538792 -0.617920
v 1.150845 0.542674 -0.617920
v 1.150845 0.542674 -0.491156
v 1.167851 0.538792 -0.491156
v 1.137206 0.531798 -0.617920
v 1.137206 0.531798 -0.491156
v 1.137206 0.514353 -0.617920
v 1.137206 0.514353 -0.491156
v 1.150845 0.503477 -0.617920
v 1.150845 0.503477 -0.491156
v 1.167851 0.507359 -0.617920
v 1.167851 0.507359 -0.491156
v 1.175420 0.523075 -0.617920
v 1.175420 0.523075 -0.491156
v 1.131250 0.526783 -0.617920
v 1.114243 0.530665 -0.617920
v 1.114243 0.530665 -0.491156
v 1.131250 0.526783 -0.491156
v 1.100604 0.519789 -0.617920
v 1.100604 0.519789 -0.491156
v 1.100604 0.502344 -0.617920
v 1.100604 0.502344 -0.491156
v 1.114243 0.491468 -0.617920
v 1.114243 0.491468 -0.491156
v 1.131250 0.495350 -0.617920
v 1.131250 0.495350 -0.491156
v 1.138819 0.511067 -0.617920
v 1.138819 0.511067 -0.491156
v 1.093633 0.538219 -0.617920
v 1.076626 0.542100 -0.617920
v 1.076626 0.542100 -0.491156
v 1.093633 0.538219 -0.491156
v 1.062988 0.531224 -0.617920
v 1.062988 0.531224 -0.491156
v 1.062988 0.513780 -0.617920
v 1.062988 0.513780 -0.491156
v 1.076626 0.502904 -0.617920
v 1.076626 0.502904 -0.491156
v 1.093633 0.506785 -0.617920
v 1.093633 0.506785 -0.491156
v 1.101202 0.522502 -0.617920
v 1.101202 0.522502 -0.491156
v 1.086253 0.576363 -0.617920
v 1.069247 0.580245 -0.617920
v 1.069247 0.580245 -0.491156
v 1.086253 0.576363 -0.491156
v 1.055608 0.569369 -0.617920
v 1.055608 0.569369 -0.491156
v 1.055608 0.551924 -0.617920
v 1.055608 0.551924 -0.491156
v 1.069247 0.541048 -0.617920
v 1.069247 0.541048 -0.491156
v 1.086253 0.544930 -0.617920
v 1.086253 0.544930 -0.491156
v 1.093822 0.560647 -0.617920
v 1.093822 0.560647 -0.491156
v 1.105505 0.608169 -0.617920
v 1.088498 0.612051 -0.617920
v 1.088498 0.612051 -0.491156
v 1.105505 0.608169 -0.491156
v 1.074859 0.601174 -0.617920
v 1.074859 0.601174 -0.491156
v 1.074859 0.583730 -0.617920
v 1.074859 0.583730 -0.491156
v 1.088498 0.572854 -0.617920
v 1.088498 0.572854 -0.491156
v 1.105505 0.576735 -0.617920
v 1.105505 0.576735 -0.491156
v 1.113073 0.592452 -0.617920
v 1.113073 0.592452 -0.491156
v 1.144368 0.606810 -0.617920
v 1.127361 0.610691 -0.617920
v 1.127361 0.610691 -0.491156
v 1.144368 0.606810 -0.491156
v 1.113723 0.599815 -0.617920
v 1.113723 0.599815 -0.491156
v 1.113723 0.582371 -0.617920
v 1.113723 0.582371 -0.491156
v 1.127361 0.571495 -0.617920
v 1.127361 0.571495 -0.491156
v 1.144368 0.575376 -0.617920
v 1.144368 0.575376 -0.491156
v 1.151937 0.591093 -0.617920
v 1.151937 0.591093 -0.491156
v 1.128629 0.567896 -0.617920
v 1.111622 0.571777 -0.617920
v 1.111622 0.571777 -0.491156
v 1.128629 0.567896 -0.491156
v 1.097983 0.560901 -0.617920
v 1.097983 0.560901 -0.491156
v 1.097983 0.543457 -0.617920
v 1.097983 0.543457 -0.491156
v 1.111622 0.532581 -0.617920
v 1.111622 0.532581 -0.491156
v 1.128629 0.536462 -0.617920
v 1.128629 0.536462 -0.491156
v 1.136198 0.552179 -0.617920
v 1.136198 0.552179 -0.491156
v -1.025594 0.618468 -1.192207
v -1.084182 0.661034 -1.192207
v -1.084182 0.661034 -0.582835
v -1.025594 0.618468 -0.582835
v -1.156600 0.661034 -1.192207
v -1.156600 0.661034 -0.582835
v -1.215187 0.618468 -1.192207
v -1.215187 0.618468 -0.582835
v -1.237566 0.549594 -1.192207
v -1.237566 0.549594 -0.582835
v -1.215187 0.480720 -1.192207
v -1.215187 0.480720 -0.582835
v -1.156600 0.438154 -1.192207
v -1.156600 0.438154 -0.582835
v -1.084182 0.438154 -1.192207
v -1.084182 0.438154 -0.582835
v -1.025594 0.480720 -1.192207
v -1.025594 0.480720 -0.582835
v -1.003216 0.549594 -1.192207
v -1.003216 0.549594 -0.582835
v -1.120391 0.549594 -1.192207
v -1.120391 0.549594 -0.582835
v -1.036106 0.614693 -0.617920
v -1.053112 0.618575 -0.617920
v -1.053112 0.618575 -0.491156
v -1.036106 0.614693 -0.491156
v -1.066751 0.607699 -0.617920
v -1.066751 0.607699 -0.491156
v -1.066751 0.590254 -0.617920
v -1.066751 0.590254 -0.491156
v -1.053112 0.579378 -0.617920
v -1.053112 0.579378 -0.491156
v -1.036106 0.583260 -0.617920
v -1.036106 0.583260 -0.491156
v -1.028537 0.598976 -0.617920
v -1.028537 0.598976 -0.491156
v -1.063576 0.640601 -0.617920
v -1.080583 0.644483 -0.617920
v -1.080583 0.644483 -0.491156
v -1.063576 0.640601 -0.491156
v -1.094222 0.633606 -0.617920
v -1.094222 0.633606 -0.491156
v -1.094222 0.616162 -0.617920
v -1.094222 0.616162 -0.491156
v -1.080583 0.605286 -0.617920
v -1.080583 0.605286 -0.491156
v -1.063576 0.609168 -0.617920
v -1.063576 0.609168 -0.491156
v -1.056008 0.624884 -0.617920
v -1.056008 0.624884 -0.491156
v -1.022464 0.576409 -0.617920
v -1.039471 0.580291 -0.617920
v -1.039471 0.580291 -0.491156
v -1.022464 0.576409 -0.491156
v -1.053110 0.569415 -0.617920
v -1.053110 0.569415 -0.491156
v -1.053110 0.551971 -0.617920
v -1.053110 0.551971 -0.491156
v -1.039471 0.541094 -0.617920
v -1.039471 0.541094 -0.491156
v -1.022464 0.544976 -0.617920
v -1.022464 0.544976 -0.491156
v -1.014895 0.560693 -0.617920
v -1.014895 0.560693 -0.491156
v -1.098074 0.651768 -0.617920
v -1.115081 0.655650 -0.617920
v -1.115081 0.655650 -0.491156
v -1.098074 0.651768 -0.491156
v -1.128719 0.644774 -0.617920
v -1.128719 0.644774 -0.491156
v -1.128719 0.627330 -0.617920
v -1.128719 0.627330 -0.491156
v -1.115081 0.616453 -0.617920
v -1.115081 0.616453 -0.491156
v -1.098074 0.620335 -0.617920
v -1.098074 0.620335 -0.491156
v -1.090505 0.636052 -0.617920
v -1.090505 0.636052 -0.491156
v -1.138408 0.647110 -0.617920
v -1.155414 0.650992 -0.617920
v -1.155414 0.650992 -0.491156
v -1.138408 0.647110 -0.491156
v -1.169053 0.640115 -0.617920
v -1.169053 0.640115 -0.491156
v -1.169053 0.622671 -0.617920
v -1.169053 0.622671 -0.491156
v -1.155414 0.611795 -0.617920
v -1.155414 0.611795 -0.491156
v -1.138408 0.615677 -0.617920
v -1.138408 0.615677 -0.491156
v -1.130839 0.631393 -0.617920
v -1.130839 0.631393 -0.491156
v -1.170245 0.620030 -0.617920
v -1.187252 0.623911 -0.617920
v -1.187252 0.623911 -0.491156
v -1.170245 0.620030 -0.491156
v -1.200891 0.613035 -0.617920
v -1.200891 0.613035 -0.491156
v -1.200891 0.595591 -0.617920
v -1.200891 0.595591 -0.491156
v -1.187252 0.584715 -0.617920
v -1.187252 0.584715 -0.491156
v -1.170245 0.588596 -0.617920
v -1.170245 0.588596 -0.491156
v -1.162676 0.604313 -0.617920
v -1.162676 0.604313 -0.491156
v -1.187332 0.582672 -0.617920
v -1.204339 0.586553 -0.617920
v -1.204339 0.586553 -0.491156
v -1.187332 0.582672 -0.491156
v -1.217977 0.575677 -0.617920
v -1.217977 0.575677 -0.491156
v -1.217977 0.558233 -0.617920
v -1.217977 0.558233 -0.491156
v -1.204339 0.547356 -0.617920
v -1.204339 0.547356 -0.491156
v -1.187332 0.551238 -0.617920
v -1.187332 0.551238 -0.491156
v -1.179763 0.566955 -0.617920
v -1.179763 0.566955 -0.491156
v -1.186537 0.543090 -0.617920
v -1.203544 0.546971 -0.617920
v -1.203544 0.546971 -0.491156
v -1.186537 0.543090 -0.491156
v -1.217182 0.536095 -0.617920
v -1.217182 0.536095 -0.491156
v -1.217182 0.518651 -0.617920
v -1.217182 0.518651 -0.491156
v -1.203544 0.507775 -0.617920
v -1.203544 0.507775 -0.491156
v -1.186537 0.511656 -0.617920
v -1.186537 0.511656 -0.491156
v -1.178968 0.527373 -0.617920
v -1.178968 0.527373 -0.491156
v -1.166532 0.507577 -0.617920
v -1.183539 0.511459 -0.617920
v -1.183539 0.511459 -0.491156
v -1.166532 0.507577 -0.491156
v -1.197178 0.500583 -0.617920
v -1.197178 0.500583 -0.491156
v -1.197178 0.483138 -0.617920
v -1.197178 0.483138 -0.491156
v -1.183539 0.472262 -0.617920
v -1.183539 0.472262 -0.491156
v -1.166532 0.476144 -0.617920
v -1.166532 0.476144 -0.491156
v -1.158964 0.491860 -0.617920
v -1.158964 0.491860 -0.491156
v -1.132620 0.486971 -0.617920
v -1.149626 0.490852 -0.617920
v -1.149626 0.490852 -0.491156
v -1.132620 0.486971 -0.491156
v -1.163265 0.479976 -0.617920
v -1.163265 0.479976 -0.491156
v -1.163265 0.462532 -0.617920
v -1.163265 0.462532 -0.491156
v -1.149626 0.451655 -0.617920
v -1.149626 0.451655 -0.491156
v -1.132620 0.455537 -0.617920
v -1.132620 0.455537 -0.491156
v -1.125051 0.471254 -0.617920
v -1.125051 0.471254 -0.491156
v -1.091688 0.486971 -0.617920
v -1.108695 0.490852 -0.617920
v -1.108695 0.490852 -0.491156
v -1.091688 0.486971 -0.491156
v -1.122333 0.479976 -0.617920
v -1.122333 0.479976 -0.491156
v -1.122333 0.462532 -0.617920
v -1.122333 0.462532 -0.491156
v -1.108695 0.451655 -0.617920
v -1.108695 0.451655 -0.491156
v -1.091688 0.455537 -0.617920
v -1.091688 0.455537 -0.491156
v -1.084119 0.471254 -0.617920
v -1.084119 0.471254 -0.491156
v -1.052209 0.500521 -0.617920
v -1.069215 0.504403 -0.617920
v -1.069215 0.504403 -0.491156
v -1.052209 0.500521 -0.491156
v -1.082854 0.493526 -0.617920
v -1.082854 0.493526 -0.491156
v -1.082854 0.476082 -0.617920
v -1.082854 0.476082 -0.491156
v -1.069215 0.465206 -0.617920
v -1.069215 0.465206 -0.491156
v -1.052209 0.469088 -0.617920
v -1.052209 0.469088 -0.491156
v -1.044640 0.484804 -0.617920
v -1.044640 0.484804 -0.491156
v -1.026173 0.536736 -0.617920
v -1.043180 0.540617 -0.617920
v -1.043180 0.540617 -0.491156
v -1.026173 0.536736 -0.491156
v -1.056818 0.529741 -0.617920
v -1.056818 0.529741 -0.491156
v -1.056818 0.512297 -0.617920
v -1.056818 0.512297 -0.491156
v -1.043180 0.501421 -0.617920
v -1.043180 0.501421 -0.491156
v -1.026173 0.505302 -0.617920
v -1.026173 0.505302 -0.491156
v -1.018604 0.521019 -0.617920
v -1.018604 0.521019 -0.491156
v -1.059712 0.577071 -0.617920
v -1.076719 0.580953 -0.617920
v -1.076719 0.580953 -0.491156
v -1.059712 0.577071 -0.491156
v -1.090358 0.570077 -0.617920
v -1.090358 0.570077 -0.491156
v -1.090358 0.552633 -0.617920
v -1.090358 0.552633 -0.491156
v -1.076719 0.541756 -0.617920
v -1.076719 0.541756 -0.491156
v -1.059712 0.545638 -0.617920
v -1.059712 0.545638 -0.491156
v -1.052144 0.561355 -0.617920
v -1.052144 0.561355 -0.491156
v -1.064382 0.538792 -0.617920
v -1.081389 0.542674 -0.617920
v -1.081389 0.542674 -0.491156
v -1.064382 0.538792 -0.491156
v -1.095028 0.531798 -0.617920
v -1.095028 0.531798 -0.491156
v -1.095028 0.514353 -0.617920
v -1.095028 0.514353 -0.491156
v -1.081389 0.503477 -0.617920
v -1.081389 0.503477 -0.491156
v -1.064382 0.507359 -0.617920
v -1.064382 0.507359 -0.491156
v -1.056813 0.523075 -0.617920
v -1.056813 0.523075 -0.491156
v -1.100984 0.526783 -0.617920
v -1.117991 0.530665 -0.617920
v -1.117991 0.530665 -0.491156
v -1.100984 0.526783 -0.491156
v -1.131629 0.519789 -0.617920
v -1.131629 0.519789 -0.491156
v -1.131629 0.502344 -0.617920
v -1.131629 0.502344 -0.491156
v -1.117991 0.491468 -0.617920
v -1.117991 0.491468 -0.491156
v -1.100984 0.495350 -0.617920
v -1.100984 0.495350 -0.491156
v -1.093415 0.511067 -0.617920
v -1.093415 0.511067 -0.491156
v -1.138600 0.538219 -0.617920
v -1.155607 0.542100 -0.617920
v -1.155607 0.542100 -0.491156
v -1.138600 0.538219 -0.491156
v -1.169246 0.531224 -0.617920
v -1.169246 0.531224 -0.491156
v -1.169246 0.513780 -0.617920
v -1.169246 0.513780 -0.491156
v -1.155607 0.502904 -0.617920
v -1.155607 0.502904 -0.491156
v -1.138600 0.506785 -0.617920
v -1.138600 0.506785 -0.491156
v -1.131032 0.522502 -0.617920
v -1.131032 0.522502 -0.491156
v -1.145980 0.576363 -0.617920
v -1.162987 0.580245 -0.617920
v -1.162987 0.580245 -0.491156
v -1.145980 0.576363 -0.491156
v -1.176626 0.569369 -0.617920
v -1.176626 0.569369 -0.491156
v -1.176626 0.551924 -0.617920
v -1.176626 0.551924 -0.491156
v -1.162987 0.541048 -0.617920
v -1.162987 0.541048 -0.491156
v -1.145980 0.544930 -0.617920
v -1.145980 0.544930 -0.491156
v -1.138412 0.560647 -0.617920
v -1.138412 0.560647 -0.491156
v -1.126729 0.608169 -0.617920
v -1.143736 0.612051 -0.617920
v -1.143736 0.612051 -0.491156
v -1.126729 0.608169 -0.491156
v -1.157375 0.601174 -0.617920
v -1.157375 0.601174 -0.491156
v -1.157375 0.583730 -0.617920
v -1.157375 0.583730 -0.491156
v -1.143736 0.572854 -0.617920
v -1.143736 0.572854 -0.491156
v -1.126729 0.576735 -0.617920
v -1.126729 0.576735 -0.491156
v -1.119160 0.592452 -0.617920
v -1.119160 0.592452 -0.491156
v -1.087865 0.606810 -0.617920
v -1.104872 0.610691 -0.617920
v -1.104872 0.610691 -0.491156
v -1.087865 0.606810 -0.491156
v -1.118511 0.599815 -0.617920
v -1.118511 0.599815 -0.491156
v -1.118511 0.582371 -0.617920
v -1.118511 0.582371 -0.491156
v -1.104872 0.571495 -0.617920
v -1.104872 0.571495 -0.491156
v -1.087865 0.575376 -0.617920
v -1.087865 0.575376 -0.491156
v -1.080297 0.591093 -0.617920
v -1.080297 0.591093 -0.491156
v -1.103605 0.567896 -0.617920
v -1.120612 0.571777 -0.617920
v -1.120612 0.571777 -0.491156
v -1.103605 0.567896 -0.491156
v -1.134250 0.560901 -0.617920
v -1.134250 0.560901 -0.491156
v -1.134250 0.543457 -0.617920
v -1.134250 0.543457 -0.491156
v -1.120612 0.532581 -0.617920
v -1.120612 0.532581 -0.491156
v -1.103605 0.536462 -0.617920
v -1.103605 0.536462 -0.491156
v -1.096036 0.552179 -0.617920
v -1.096036 0.552179 -0.491156
v -0.754435 0.658584 -1.344352
v -0.768599 0.664451 -1.344352
v -0.768599 0.681432 -1.333005
v -0.742427 0.670592 -1.333005
v -0.782763 0.658584 -1.344352
v -0.794771 0.670592 -1.333005
v -0.788630 0.644419 -1.344352
v -0.805612 0.644419 -1.333005
v -0.782763 0.630255 -1.344352
v -0.794771 0.618247 -1.333005
v -0.768599 0.624388 -1.344352
v -0.768599 0.607406 -1.333005
v -0.754435 0.630255 -1.344352
v -0.742427 0.618247 -1.333005
v -0.748568 0.644419 -1.344352
v -0.731586 0.644419 -1.333005
v -0.768599 0.734743 -1.173612
v -0.704731 0.708288 -1.173612
v -0.832467 0.708288 -1.173612
v -0.858922 0.644419 -1.173612
v -0.832467 0.580551 -1.173612
v -0.768599 0.554096 -1.173612
v -0.704731 0.580551 -1.173612
v -0.678276 0.644419 -1.173612
v -0.768599 0.734743 -0.602411
v -0.704731 0.708288 -0.602411
v -0.832467 0.708288 -0.602411
v -0.858922 0.644419 -0.602411
v -0.832467 0.580551 -0.602411
v -0.768599 0.554096 -0.602411
v -0.704731 0.580551 -0.602411
v -0.678276 0.644419 -0.602411
v -0.768599 0.713550 -0.570693
v -0.719716 0.693302 -0.570693
v -0.817482 0.693302 -0.570693
v -0.837730 0.644419 -0.570693
v -0.817482 0.595537 -0.570693
v -0.768599 0.575289 -0.570693
v -0.719716 0.595537 -0.570693
v -0.699468 0.644419 -0.570693
v -0.768599 0.681833 -0.549500
v -0.742144 0.670874 -0.549500
v -0.795054 0.670874 -0.549500
v -0.806012 0.644419 -0.549500
v -0.795054 0.617964 -0.549500
v -0.768599 0.607006 -0.549500
v -0.742144 0.617964 -0.549500
v -0.731186 0.644419 -0.549500
v -0.768599 0.644419 -1.348336
v -0.768599 0.644419 -0.542058
v -0.742427 0.618247 -1.333005
v -0.704731 0.580551 -1.173612
v -0.678534 0.554355 -1.220724
v -0.678382 0.554202 -1.288153
v -0.770041 0.681404 -1.333005
v -0.772119 0.734674 -1.173612
v -0.773562 0.771693 -1.220724
v -0.773571 0.771909 -1.288153
v -0.795874 0.619398 -1.333005
v -0.835158 0.583359 -1.173612
v -0.862457 0.558315 -1.220724
v -0.862616 0.558169 -1.288153
vn -0.8879 0.2757 -0.3683
vn -0.8846 0.4447 -0.1402
vn -0.4620 0.8456 -0.2674
vn -0.4664 0.5287 -0.7092
vn -0.8846 0.4447 0.1402
vn -0.4621 0.8456 0.2674
vn -0.8879 0.2757 0.3683
vn -0.4664 0.5291 0.7089
vn -0.8899 -0.0000 0.4562
vn -0.4691 -0.0000 0.8832
vn -0.8879 -0.2757 0.3683
vn -0.4664 -0.5291 0.7089
vn -0.8846 -0.4447 0.1402
vn -0.4621 -0.8456 0.2674
vn -0.8846 -0.4447 -0.1402
vn -0.4620 -0.8456 -0.2674
vn -0.8879 -0.2757 -0.3683
vn -0.4664 -0.5291 -0.7089
vn -0.8899 -0.0000 -0.4562
vn -0.4691 -0.0000 -0.8832
vn 0.4432 0.8547 -0.2703
vn 0.4470 0.5352 -0.7168
vn 0.4432 0.8547 0.2703
vn 0.4475 0.5349 0.7167
vn 0.4503 -0.0000 0.8929
vn 0.4476 -0.5349 0.7167
vn 0.4432 -0.8547 0.2703
vn 0.4432 -0.8547 -0.2703
vn 0.4470 -0.5352 -0.7168
vn 0.4494 -0.0000 -0.8933
vn 0.8717 0.4673 -0.1474
vn 0.8751 0.2907 -0.3868
vn 0.8717 0.4673 0.1474
vn 0.8752 0.2899 0.3873
vn 0.8774 -0.0000 0.4798
vn 0.8752 -0.2899 0.3873
vn 0.8717 -0.4673 0.1474
vn 0.8717 -0.4673 -0.1474
vn 0.8751 -0.2907 -0.3868
vn 0.8777 -0.0000 -0.4792
vn -0.9427 0.2000 -0.2671
vn -0.9408 0.3233 -0.1018
vn -0.9408 0.3233 0.1018
vn -0.9427 0.2004 0.2669
vn -0.9438 -0.0000 0.3304
vn -0.9427 -0.2002 0.2670
vn -0.9408 -0.3234 0.1017
vn -0.9408 -0.3233 -0.1018
vn -0.9427 -0.2001 -0.2671
vn -0.9438 -0.0000 -0.3304
vn 0.9361 0.3356 -0.1055
vn 0.9384 0.2084 -0.2757
vn 0.9361 0.3355 0.1056
vn 0.9381 0.2077 0.2773
vn 0.9393 -0.0000 0.3430
vn 0.9381 -0.2079 0.2771
vn 0.9361 -0.3355 0.1056
vn 0.9361 -0.3356 -0.1055
vn 0.9384 -0.2085 -0.2755
vn 0.9404 -0.0000 -0.3401
vn 0.7249 0.4105 -0.5532
vn 0.7239 0.6574 -0.2091
vn 1.0000 -0.0000 -0.0000
vn 0.7239 0.6574 0.2091
vn 0.7249 0.4105 0.5532
vn 0.7255 -0.0000 0.6882
vn 0.7249 -0.4105 0.5532
vn 0.7239 -0.6574 0.2091
vn 0.7239 -0.6574 -0.2091
vn 0.7249 -0.4105 -0.5532
vn 0.7255 -0.0000 -0.6882
vn -0.0000 0.5959 -0.8030
vn -0.0000 0.9530 -0.3031
vn -0.0000 0.9530 0.3031
vn 0.2878 0.8233 0.4892
vn 0.7267 0.0054 0.6870
vn 0.2551 -0.7259 0.6388
vn -0.0000 -0.9530 0.3031
vn -0.0000 -0.9530 -0.3031
vn -0.0000 -0.5959 -0.8030
vn -0.0000 -0.0000 -1.0000
vn 0.5972 0.7332 0.3251
vn 0.7266 0.0054 0.6870
vn -0.0000 0.9951 0.0990
vn -0.0000 0.9148 0.4038
vn 0.4832 -0.5860 0.6505
vn -0.0000 -0.0000 1.0000
vn -0.0000 -0.6725 0.7401
vn -0.0000 -0.8695 0.4940
vn -0.7249 0.4105 -0.5532
vn -1.0000 -0.0000 -0.0000
vn -0.7239 0.6574 -0.2091
vn -0.7239 0.6574 0.2091
vn -0.7249 0.4105 0.5532
vn -0.7255 -0.0000 0.6882
vn -0.7249 -0.4105 0.5532
vn -0.7239 -0.6574 0.2091
vn -0.7239 -0.6574 -0.2091
vn -0.7249 -0.4105 -0.5532
vn -0.7255 -0.0000 -0.6882
vn -0.2878 0.8233 0.4892
vn -0.7267 0.0054 0.6870
vn -0.2551 -0.7262 0.6384
vn -0.7266 0.0054 0.6870
vn -0.5972 0.7332 0.3251
vn -0.4832 -0.5860 0.6505
vn -0.8090 -0.0000 -0.5878
vn -0.8090 -0.0000 0.5878
vn -0.3090 -0.0000 0.9511
vn 0.3090 -0.0000 0.9511
vn 0.8090 -0.0000 0.5878
vn 0.8090 -0.0000 -0.5878
vn 0.3090 -0.0000 -0.9511
vn -0.3090 -0.0000 -0.9511
vn -0.5512 -0.7319 -0.4005
vn -0.6814 -0.7319 -0.0000
vn -0.5512 -0.7319 0.4005
vn -0.2106 -0.7319 0.6480
vn 0.2105 -0.7319 0.6480
vn 0.5512 -0.7319 0.4005
vn 0.6814 -0.7319 -0.0000
vn 0.5512 -0.7319 -0.4005
vn 0.2106 -0.7319 -0.6480
vn -0.2106 -0.7319 -0.6480
vn 0.3090 -0.0000 -0.9510
vn -0.3090 -0.0000 -0.9510
vn -0.0000 -1.0000 -0.0000
vn -0.6006 0.6527 0.4617
vn -0.4686 0.7212 0.5102
vn -0.6007 0.6527 0.4617
vn -0.3082 0.7767 0.5494
vn -0.0000 0.8164 0.5775
vn 0.6006 0.6527 0.4617
vn 0.6007 0.6527 0.4617
vn 0.4686 0.7212 0.5102
vn 0.3082 0.7767 0.5494
vn 0.2241 -0.8024 -0.5532
vn 0.1621 -0.4114 -0.8969
vn 0.0940 0.0478 -0.9944
vn 0.0332 0.4944 -0.8686
vn 0.0332 0.4945 -0.8686
vn -0.0124 0.8536 -0.5207
vn -0.0305 0.9995 -0.0000
vn -0.0305 0.9995 -0.0001
vn -0.0137 0.8536 0.5207
vn 0.0309 0.4943 0.8687
vn 0.0914 0.0476 0.9947
vn 0.1597 -0.4115 0.8973
vn 0.2226 -0.8024 0.5538
vn 0.2226 -0.8023 0.5538
vn 0.2508 -0.9680 0.0004
vn 0.2508 -0.9680 0.0003
vn -0.2241 -0.8024 -0.5532
vn -0.1621 -0.4114 -0.8969
vn -0.0940 0.0478 -0.9944
vn -0.0332 0.4945 -0.8686
vn -0.0332 0.4944 -0.8686
vn 0.0124 0.8537 -0.5207
vn 0.0124 0.8536 -0.5207
vn 0.0305 0.9995 -0.0001
vn 0.0305 0.9995 -0.0000
vn 0.0137 0.8536 0.5207
vn -0.0309 0.4943 0.8687
vn -0.0914 0.0476 0.9947
vn -0.1597 -0.4115 0.8973
vn -0.2226 -0.8023 0.5538
vn -0.2226 -0.8024 0.5538
vn -0.2508 -0.9680 0.0003
vn -0.2508 -0.9680 0.0004
vn -0.4620 0.8456 0.2674
vn -0.4620 -0.8456 0.2674
vn -0.4621 -0.8456 -0.2674
vn 0.4476 0.5349 0.7167
vn -0.9427 0.2001 -0.2670
vn -0.9408 0.3233 -0.1016
vn -0.9427 0.2001 0.2671
vn -0.9427 -0.2001 0.2671
vn -0.9408 -0.3233 0.1017
vn -0.9408 -0.3233 -0.1019
vn -0.9427 -0.2000 -0.2671
vn 0.9361 0.3355 -0.1057
vn 0.9384 0.2085 -0.2756
vn 0.9361 0.3355 0.1059
vn 0.9381 0.2078 0.2772
vn 0.9381 -0.2078 0.2772
vn 0.9361 -0.3355 -0.1057
vn 0.9384 -0.2083 -0.2757
vn -0.9022 0.2586 -0.3453
vn -0.8993 0.4172 -0.1315
vn -0.4801 0.8364 -0.2645
vn -0.4843 0.5230 -0.7014
vn -0.8993 0.4172 0.1315
vn -0.4801 0.8364 0.2645
vn -0.9022 0.2586 0.3453
vn -0.4843 0.5233 0.7011
vn -0.9040 -0.0000 0.4276
vn -0.4870 -0.0000 0.8734
vn -0.9022 -0.2586 0.3453
vn -0.4843 -0.5233 0.7011
vn -0.8993 -0.4172 0.1315
vn -0.4801 -0.8364 0.2645
vn -0.8993 -0.4172 -0.1315
vn -0.4801 -0.8364 -0.2645
vn -0.9022 -0.2586 -0.3453
vn -0.4843 -0.5233 -0.7011
vn -0.9040 -0.0000 -0.4276
vn -0.4870 -0.0000 -0.8734
vn 0.4618 0.8457 -0.2674
vn 0.4656 0.5295 -0.7091
vn 0.4618 0.8457 0.2674
vn 0.4662 0.5292 0.7090
vn 0.4689 -0.0000 0.8832
vn 0.4662 -0.5292 0.7090
vn 0.4618 -0.8457 0.2674
vn 0.4618 -0.8457 -0.2674
vn 0.4656 -0.5295 -0.7091
vn 0.4680 -0.0000 -0.8837
vn 0.8876 0.4393 -0.1385
vn 0.8906 0.2732 -0.3635
vn 0.8876 0.4393 0.1385
vn 0.8907 0.2724 0.3639
vn 0.8927 -0.0000 0.4507
vn 0.8907 -0.2724 0.3639
vn 0.8876 -0.4393 0.1385
vn 0.8876 -0.4393 -0.1385
vn 0.8906 -0.2732 -0.3635
vn 0.8929 -0.0000 -0.4502
vn -0.9509 0.1858 -0.2476
vn -0.9492 0.3001 -0.0944
vn -0.9493 0.3000 0.0943
vn -0.9509 0.1859 0.2475
vn -0.9519 -0.0000 0.3065
vn -0.9509 -0.1856 0.2478
vn -0.9492 -0.3002 0.0942
vn -0.9492 -0.3001 -0.0944
vn -0.9509 -0.1858 -0.2476
vn -0.9519 -0.0000 -0.3065
vn 0.9451 0.3118 -0.0977
vn 0.9471 0.1935 -0.2559
vn 0.9451 0.3117 0.0978
vn 0.9469 0.1929 0.2573
vn 0.9480 -0.0000 0.3184
vn 0.9469 -0.1929 0.2573
vn 0.9451 -0.3117 0.0979
vn 0.9451 -0.3117 -0.0976
vn 0.9471 -0.1936 -0.2558
vn 0.9489 -0.0000 -0.3156
vn 0.9022 0.2586 -0.3453
vn 0.4843 0.5233 -0.7011
vn 0.4801 0.8363 -0.2647
vn 0.8993 0.4172 -0.1315
vn 0.4801 0.8363 0.2647
vn 0.8993 0.4172 0.1315
vn 0.4843 0.5230 0.7014
vn 0.9022 0.2586 0.3453
vn 0.4870 -0.0000 0.8734
vn 0.9040 -0.0000 0.4276
vn 0.4843 -0.5230 0.7014
vn 0.9022 -0.2586 0.3453
vn 0.4801 -0.8363 0.2647
vn 0.8993 -0.4172 0.1315
vn 0.4801 -0.8363 -0.2647
vn 0.8993 -0.4172 -0.1315
vn 0.4843 -0.5230 -0.7014
vn 0.9022 -0.2586 -0.3453
vn 0.4870 -0.0000 -0.8734
vn 0.9040 -0.0000 -0.4276
vn -0.4656 0.5295 -0.7091
vn -0.4618 0.8457 -0.2674
vn -0.4618 0.8457 0.2674
vn -0.4662 0.5292 0.7090
vn -0.4689 -0.0000 0.8833
vn -0.4662 -0.5292 0.7090
vn -0.4618 -0.8457 0.2674
vn -0.4618 -0.8457 -0.2674
vn -0.4656 -0.5295 -0.7091
vn -0.4680 -0.0000 -0.8837
vn -0.8906 0.2732 -0.3635
vn -0.8876 0.4393 -0.1385
vn -0.8876 0.4393 0.1385
vn -0.8907 0.2724 0.3639
vn -0.8927 -0.0000 0.4507
vn -0.8907 -0.2724 0.3639
vn -0.8876 -0.4393 0.1385
vn -0.8876 -0.4393 -0.1385
vn -0.8906 -0.2732 -0.3635
vn -0.8929 -0.0000 -0.4502
vn 0.9509 0.1857 -0.2477
vn 0.9492 0.3001 -0.0944
vn 0.9493 0.3000 0.0943
vn 0.9509 0.1858 0.2477
vn 0.9519 -0.0000 0.3065
vn 0.9509 -0.1857 0.2478
vn 0.9492 -0.3002 0.0942
vn 0.9492 -0.3001 -0.0943
vn 0.9509 -0.1859 -0.2475
vn 0.9519 -0.0000 -0.3065
vn -0.9451 0.3117 -0.0980
vn -0.9471 0.1936 -0.2558
vn -0.9451 0.3115 0.0984
vn -0.9469 0.1928 0.2573
vn -0.9480 -0.0000 0.3184
vn -0.9469 -0.1929 0.2573
vn -0.9451 -0.3115 0.0984
vn -0.9451 -0.3117 -0.0980
vn -0.9471 -0.1936 -0.2558
vn -0.9489 -0.0000 -0.3156
vn 0.5878 0.8082 0.0374
vn -0.0000 0.9989 0.0463
vn -0.5878 0.8082 0.0374
vn -0.9511 0.3087 0.0143
vn -0.9511 -0.3087 -0.0143
vn -0.5878 -0.8082 -0.0374
vn -0.0000 -0.9989 -0.0463
vn 0.5878 -0.8082 -0.0374
vn 0.9511 -0.3087 -0.0143
vn 0.9511 0.3087 0.0143
vn 0.2620 0.1463 0.9539
vn 0.1001 0.2638 0.9594
vn -0.0000 -0.0463 0.9989
vn -0.1001 0.2638 0.9594
vn -0.2620 0.1463 0.9539
vn -0.3238 -0.0438 0.9451
vn -0.2620 -0.2339 0.9363
vn -0.1001 -0.3514 0.9309
vn 0.1001 -0.3514 0.9309
vn 0.2620 -0.2339 0.9363
vn 0.3238 -0.0438 0.9451
vn -0.2793 0.9592 0.0444
vn 0.7811 -0.6238 -0.0289
vn 0.7845 0.6195 0.0287
vn -0.2896 -0.9561 -0.0443
vn 0.7845 -0.6195 -0.0287
vn 0.7873 0.6160 0.0285
vn 0.2794 0.9592 0.0444
vn -0.7811 -0.6238 -0.0289
vn -0.7845 0.6194 0.0287
vn 0.2896 -0.9561 -0.0443
vn -0.7845 -0.6195 -0.0287
vn -0.7873 0.6160 0.0285
vn -0.0000 -0.0462 0.9989
vn -0.0000 -0.9059 0.4234
vn 0.7988 -0.5450 0.2547
vn -0.0000 -0.8199 0.5725
vn -0.7988 -0.5450 0.2547
vn -0.0000 1.0000 -0.0000
vn -0.9897 0.0163 0.1421
vn -0.0000 0.2026 0.9793
vn 0.9897 0.0163 0.1421
vn 0.3668 0.2125 0.9057
vn -0.0000 0.2124 0.9772
vn 0.1350 -0.2513 0.9584
vn -0.0515 -0.9353 -0.3500
vn -0.4712 -0.7086 -0.5252
vn 0.6778 -0.6909 -0.2516
vn 0.4986 -0.8526 -0.1566
vn 0.6778 -0.6909 0.2516
vn 0.4993 -0.8521 0.1570
vn -0.4713 -0.7085 0.5252
vn -0.0499 -0.9350 0.3511
vn -0.4280 -0.5215 -0.7382
vn 0.8115 -0.4780 -0.3360
vn 0.8115 -0.4780 0.3360
vn -0.4280 -0.5215 0.7381
vn -0.4039 -0.2852 -0.8692
vn 0.8966 -0.2275 -0.3800
vn 0.8967 -0.2205 0.3837
vn -0.4073 -0.2634 0.8745
vn 0.2066 -0.5596 -0.8026
vn 0.9177 0.0474 -0.3944
vn 0.9170 0.0692 0.3929
vn 0.6779 0.1309 -0.7234
vn 0.8993 0.1907 -0.3936
vn 0.8975 0.2180 0.3833
vn -0.5618 -0.8209 0.1022
vn -1.0000 0.0046 -0.0000
vn -0.9999 -0.0119 -0.0000
vn -0.9999 -0.0125 0.0003
vn -0.7030 -0.7078 0.0698
vn -0.5624 -0.8206 -0.1014
vn -0.0000 -0.9804 0.1971
vn -0.0000 -0.9951 0.0990
vn -0.3668 0.2125 0.9057
vn -0.1350 -0.2513 0.9584
vn 0.0515 -0.9353 -0.3500
vn -0.4986 -0.8526 -0.1566
vn -0.6778 -0.6909 -0.2516
vn 0.4712 -0.7086 -0.5252
vn -0.4993 -0.8521 0.1570
vn -0.6778 -0.6909 0.2516
vn 0.0499 -0.9350 0.3512
vn 0.4713 -0.7085 0.5252
vn -0.8115 -0.4780 -0.3360
vn 0.4280 -0.5214 -0.7382
vn -0.8115 -0.4780 0.3360
vn 0.4280 -0.5214 0.7382
vn -0.8966 -0.2275 -0.3800
vn 0.4039 -0.2852 -0.8692
vn -0.8967 -0.2205 0.3837
vn 0.4073 -0.2634 0.8745
vn -0.9177 0.0473 -0.3944
vn -0.2066 -0.5596 -0.8026
vn -0.9170 0.0692 0.3929
vn -0.8993 0.1906 -0.3936
vn -0.6779 0.1309 -0.7234
vn -0.8975 0.2180 0.3834
vn 0.5618 -0.8209 0.1022
vn 1.0000 0.0046 -0.0000
vn 0.9999 -0.0119 -0.0000
vn 0.9999 -0.0125 0.0003
vn 0.7030 -0.7078 0.0698
vn 0.5624 -0.8206 -0.1014
vn 0.5576 0.4051 -0.7245
vn 0.2130 0.6554 -0.7246
vn 0.2130 0.6554 0.7246
vn 0.5576 0.4051 0.7245
vn -0.2130 0.6554 -0.7246
vn -0.2130 0.6554 0.7246
vn -0.5576 0.4051 -0.7246
vn -0.5575 0.4051 0.7246
vn -0.6892 -0.0000 -0.7245
vn -0.6892 -0.0000 0.7245
vn -0.5576 -0.4050 -0.7246
vn -0.5576 -0.4051 0.7246
vn -0.2130 -0.6554 -0.7246
vn -0.2130 -0.6554 0.7246
vn 0.2130 -0.6554 -0.7246
vn 0.2130 -0.6554 0.7246
vn 0.5576 -0.4051 -0.7245
vn 0.5575 -0.4051 0.7246
vn 0.6892 -0.0000 -0.7246
vn 0.6892 -0.0000 0.7246
vn 0.7071 0.7071 -0.0000
vn -0.7071 0.7071 -0.0000
vn -0.7071 -0.7071 -0.0000
vn 0.7071 -0.7071 -0.0000
vn 0.6380 0.6380 0.4313
vn -0.0000 0.9022 0.4313
vn -0.6380 0.6380 0.4313
vn -0.9022 -0.0000 0.4313
vn -0.6380 -0.6380 0.4313
vn -0.0000 -0.9022 0.4313
vn 0.6380 -0.6380 0.4313
vn 0.9022 -0.0000 0.4313
vn -0.7090 0.7052 -0.0000
vn 0.2984 0.7768 -0.5546
vn 0.2573 0.9323 0.2541
vn 0.6735 0.6477 0.3562
vn 0.7813 0.4466 -0.4361
vn -0.2984 0.7768 -0.5546
vn -0.2573 0.9323 0.2541
vn -0.7813 0.4466 -0.4361
vn -0.6735 0.6477 0.3562
vn -0.9657 -0.0877 -0.2444
vn -0.8325 0.1871 0.5215
vn -0.7813 -0.6220 -0.0527
vn -0.6735 -0.2735 0.6867
vn -0.2984 -0.9522 0.0658
vn -0.2573 -0.5581 0.7889
vn 0.2984 -0.9522 0.0658
vn 0.2573 -0.5581 0.7889
vn 0.7813 -0.6220 -0.0527
vn 0.6735 -0.2735 0.6867
vn 0.9657 -0.0877 -0.2444
vn 0.8325 0.1871 0.5215
vn 0.1755 0.7864 0.5923
vn 0.4594 0.5922 0.6620
vn -0.1755 0.7863 0.5924
vn -0.4594 0.5922 0.6620
vn -0.5679 0.2780 0.7747
vn -0.4595 -0.0362 0.8874
vn -0.1755 -0.2304 0.9571
vn 0.1755 -0.2304 0.9571
vn 0.4595 -0.0362 0.8875
vn 0.5679 0.2780 0.7748
vn 0.0789 0.5550 0.8281
vn 0.2065 0.4677 0.8594
vn -0.0789 0.5550 0.8281
vn -0.2065 0.4677 0.8594
vn -0.2552 0.3265 0.9101
vn -0.2065 0.1853 0.9607
vn -0.0789 0.0981 0.9920
vn 0.0789 0.0981 0.9920
vn 0.2065 0.1853 0.9607
vn 0.2552 0.3265 0.9101
vn -0.0000 0.3377 0.9412
vn 0.4946 0.0710 -0.8662
vn 0.1889 0.2801 -0.9412
vn -0.1889 0.2801 -0.9412
vn -0.4946 0.0710 -0.8662
vn -0.6114 -0.2672 -0.7448
vn -0.4946 -0.6055 -0.6235
vn -0.1889 -0.8146 -0.5485
vn 0.1889 -0.8146 -0.5485
vn 0.4946 -0.6055 -0.6235
vn 0.6114 -0.2672 -0.7448
vn 0.7471 0.0003 0.6647
vn 0.7844 0.0060 0.6202
vn 0.7935 0.1262 0.5954
vn 0.6198 -0.0303 0.7842
vn -0.0206 -0.6407 0.7675
vn 0.0112 -0.6415 0.7671
vn 0.0923 -0.5669 0.8186
vn -0.0250 -0.5137 0.8576
vn -0.8015 0.0058 0.5979
vn -0.7686 -0.0026 0.6397
vn -0.6386 -0.0178 0.7694
vn -0.8105 0.1237 0.5725
vn 0.4365 0.7133 0.5483
vn 0.8840 0.3907 0.2566
vn 0.7661 0.6409 -0.0477
vn 0.1565 0.9876 0.0133
vn 0.5240 -0.3712 0.7666
vn 0.9200 -0.2013 0.3363
vn 0.1785 -0.9542 0.2402
vn 0.7755 -0.6225 0.1052
vn 0.9967 -0.0117 -0.0799
vn 0.9968 0.0012 -0.0800
vn 0.7373 0.6259 -0.2542
vn 0.7439 -0.6572 -0.1211
vn 0.7855 0.3419 -0.5159
vn 0.8243 -0.2895 -0.4865
vn 0.2100 0.5755 -0.7904
vn 0.1045 0.9478 -0.3012
vn 0.2382 -0.5529 -0.7985
vn 0.1133 -0.9880 -0.1052
vn -0.7069 -0.7072 -0.0122
vn -0.7017 -0.7087 -0.0732
vn 0.7026 -0.7079 -0.0720
vn 0.7069 -0.7071 -0.0135
vn -0.7039 -0.7082 0.0546
vn 0.7039 -0.7082 0.0550
vn -0.3318 -0.6583 0.6757
vn 0.7145 -0.4880 0.5014
vn -0.7808 -0.6019 0.1677
vn -0.8580 -0.4862 -0.1654
vn 0.7863 -0.5831 -0.2043
vn 0.6349 -0.7426 0.2130
vn -0.8530 -0.4567 0.2524
vn 0.7845 -0.5324 0.3181
vn -0.2943 -0.6156 0.7310
vn -0.4458 0.1294 0.8857
vn 0.2573 -0.6127 0.7472
vn 0.8107 0.0851 0.5793
vn -0.6750 0.0065 -0.7378
vn -0.5903 -0.5422 -0.5979
vn 0.4694 -0.5940 -0.6533
vn 0.6108 -0.0019 -0.7918
vn 0.1649 0.7568 -0.6325
vn 0.6802 0.0732 -0.7294
vn 0.5599 0.2028 -0.8034
vn 0.0591 0.5444 -0.8368
vn -0.6489 0.1048 -0.7536
vn -0.5192 0.2436 -0.8192
vn -0.0000 -0.7071 0.7071
vn -0.5229 -0.2851 0.8033
vn -0.5068 0.3672 0.7800
vn 0.5050 0.0053 0.8631
vn -0.5068 0.3672 -0.7800
vn 0.7069 -0.0126 -0.7072
vn -0.5229 -0.2851 -0.8033
vn -0.0000 -0.7071 -0.7071
vn 0.8531 -0.0906 0.5139
vn 0.8531 -0.0906 -0.5139
vn 0.8413 0.0022 -0.5406
vn 0.8413 0.0022 0.5406
vn 0.0321 -0.0161 0.9994
vn 0.0016 0.0944 0.9955
vn -0.6611 0.6217 -0.4200
vn -0.6611 0.6217 0.4200
vn -0.0070 0.8013 0.5983
vn -0.0070 0.8013 -0.5983
vn 0.0016 0.0944 -0.9955
vn 0.0321 -0.0161 -0.9994
vn -0.7237 -0.5108 0.4641
vn -0.7237 -0.5108 -0.4641
vn 0.0330 -0.7481 -0.6628
vn 0.0330 -0.7481 0.6628
vn 0.6544 0.6243 -0.4266
vn 0.6544 0.6243 0.4266
vn 0.7517 -0.4994 0.4309
vn 0.7517 -0.4994 -0.4309
vn -0.4981 0.0155 0.8670
vn 0.4784 0.3714 0.7958
vn 0.4943 -0.2866 0.8207
vn -0.7083 -0.0052 -0.7059
vn 0.4784 0.3714 -0.7958
vn 0.4943 -0.2866 -0.8207
vn -0.8238 -0.0901 0.5596
vn -0.8146 0.0084 0.5800
vn -0.8146 0.0084 -0.5800
vn -0.8238 -0.0904 -0.5596
vn 0.0157 0.0968 0.9952
vn -0.0082 -0.0123 0.9999
vn 0.6416 0.6322 -0.4344
vn 0.0160 0.7938 -0.6079
vn 0.0160 0.7938 0.6079
vn 0.6416 0.6322 0.4344
vn -0.0082 -0.0123 -0.9999
vn 0.0157 0.0968 -0.9952
vn 0.7059 -0.5182 0.4829
vn -0.0149 -0.7345 0.6784
vn -0.0149 -0.7345 -0.6784
vn 0.7059 -0.5182 -0.4829
vn -0.6259 0.6383 0.4482
vn -0.6259 0.6383 -0.4482
vn -0.7191 -0.5126 -0.4691
vn -0.7192 -0.5126 0.4691
vn 0.1299 -0.0867 0.9877
vn 0.7888 0.5003 0.3570
vn 0.3324 0.8971 0.2911
vn 0.1421 -0.3280 0.9339
vn 0.3958 -0.0848 0.9144
vn 0.0431 -0.8664 0.4975
vn 0.0576 -0.3159 0.9470
vn 0.3428 -0.1498 -0.9274
vn 0.2487 0.7499 -0.6130
vn -0.0415 -0.9570 0.2870
vn 0.0734 -0.9907 -0.1144
vn -0.0316 -0.9462 0.3220
vn 0.2287 0.9138 -0.3358
vn 0.2333 0.9061 -0.3529
vn 0.3822 0.8923 0.2401
vn 0.3177 0.9027 0.2902
vn 0.0439 -0.0141 0.9989
vn 0.9632 -0.0181 0.2683
vn -0.6351 -0.5572 0.5349
vn -0.9243 0.0012 0.3817
vn 0.0239 -0.0210 -0.9995
vn 0.6845 0.4769 -0.5514
vn 0.9420 0.0064 -0.3355
vn 0.0504 0.0242 -0.9984
vn -0.7439 -0.5892 -0.3153
vn -0.9259 0.0059 -0.3777
vn -0.7753 -0.5954 0.2107
vn -1.0000 -0.0028 -0.0019
vn -0.7691 -0.5930 0.2386
vn -1.0000 0.0005 0.0039
vn 0.7873 0.5568 -0.2650
vn 0.9998 -0.0120 -0.0136
vn 0.0097 -0.4974 0.8675
vn -0.3015 -0.3015 0.9045
vn -0.3015 0.3015 0.9045
vn 0.7079 -0.0090 0.7063
vn -0.3015 0.3015 -0.9045
vn 0.4921 0.0187 -0.8703
vn -0.3015 -0.3015 -0.9045
vn 0.6985 -0.0894 0.7100
vn 0.6985 -0.0894 -0.7100
vn -0.5774 0.5774 -0.5774
vn -0.5774 0.5774 0.5774
vn 0.5774 0.5774 0.5774
vn 0.5774 0.5774 -0.5774
vn -0.5774 -0.5774 0.5774
vn -0.5774 -0.5774 -0.5774
vn 0.5774 -0.5774 -0.5774
vn 0.5774 -0.5774 0.5774
vn -0.7084 -0.0102 0.7057
vn 0.3015 0.3015 0.9045
vn 0.3015 -0.3015 0.9045
vn -0.4761 0.0153 -0.8793
vn 0.3015 0.3015 -0.9045
vn 0.3015 -0.3015 -0.9045
vn -0.6985 -0.0894 0.7100
vn -0.6985 -0.0894 -0.7100
vn 0.0229 -0.4586 -0.8884
vn -0.2017 -0.6183 0.7596
vn 0.3493 -0.6040 0.7164
vn -0.7069 -0.7072 -0.0137
vn -0.7015 -0.7087 -0.0746
vn 0.7025 -0.7079 -0.0737
vn 0.7069 -0.7072 -0.0153
vn -0.7034 -0.7084 0.0587
vn 0.7033 -0.7084 0.0592
vn -0.3290 -0.6551 0.6801
vn 0.7120 -0.4869 0.5060
vn -0.8666 -0.4681 -0.1730
vn -0.7765 -0.6057 0.1735
vn -0.8478 -0.4505 0.2797
vn 0.6381 -0.7317 0.2396
vn 0.7999 -0.5645 -0.2040
vn 0.7828 -0.5291 0.3277
vn 0.1455 0.7788 -0.6102
vn 0.2345 0.8950 -0.3795
vn -0.4224 0.1449 0.8948
vn 0.8156 0.0929 0.5711
vn 0.6861 0.1621 -0.7092
vn -0.6767 0.0023 -0.7363
vn -0.5901 -0.5434 -0.5971
vn 0.4688 -0.5951 -0.6527
vn 0.6115 -0.0048 -0.7912
vn 0.5554 0.2377 -0.7969
vn 0.0381 0.5997 -0.7993
vn -0.6791 0.1404 -0.7205
vn -0.5292 0.2577 -0.8084
vn 0.4528 0.8701 0.1949
vn 0.5725 -0.0625 0.8175
vn 0.2113 -0.8430 0.4947
vn 0.5913 -0.1054 -0.7995
vn 0.2932 0.7511 -0.5916
vn 0.3413 -0.9358 -0.0887
vn 0.2334 0.9143 -0.3311
vn 0.1329 -0.9486 0.2871
vn 0.1301 -0.9426 0.3075
vn 0.7069 -0.7072 -0.0122
vn -0.7069 -0.7072 -0.0135
vn -0.7026 -0.7079 -0.0720
vn 0.7017 -0.7087 -0.0732
vn 0.7039 -0.7082 0.0546
vn -0.7039 -0.7082 0.0550
vn 0.3318 -0.6583 0.6757
vn -0.7145 -0.4880 0.5014
vn 0.7808 -0.6019 0.1677
vn 0.8580 -0.4862 -0.1654
vn -0.7863 -0.5830 -0.2043
vn -0.6349 -0.7426 0.2130
vn 0.8530 -0.4568 0.2523
vn -0.7844 -0.5324 0.3182
vn 0.2943 -0.6156 0.7310
vn 0.4458 0.1294 0.8857
vn -0.8107 0.0851 0.5793
vn -0.2573 -0.6127 0.7472
vn 0.5903 -0.5422 -0.5979
vn 0.6750 0.0065 -0.7378
vn -0.6108 -0.0019 -0.7918
vn -0.4694 -0.5940 -0.6533
vn -0.1649 0.7568 -0.6325
vn -0.0591 0.5444 -0.8368
vn -0.5599 0.2028 -0.8034
vn -0.6802 0.0732 -0.7294
vn 0.6489 0.1048 -0.7536
vn 0.5192 0.2436 -0.8192
vn -0.5051 0.0053 0.8631
vn 0.5068 0.3672 0.7800
vn 0.5229 -0.2851 0.8033
vn -0.7069 -0.0126 -0.7072
vn 0.5068 0.3672 -0.7800
vn 0.5229 -0.2851 -0.8033
vn -0.8531 -0.0906 0.5139
vn -0.8413 0.0022 0.5406
vn -0.8413 0.0022 -0.5406
vn -0.8531 -0.0906 -0.5139
vn -0.0016 0.0944 0.9955
vn -0.0321 -0.0161 0.9994
vn 0.6611 0.6217 -0.4200
vn 0.0070 0.8013 -0.5983
vn 0.0070 0.8013 0.5983
vn 0.6611 0.6217 0.4200
vn -0.0321 -0.0161 -0.9994
vn -0.0016 0.0944 -0.9955
vn 0.7237 -0.5108 0.4641
vn -0.0330 -0.7481 0.6628
vn -0.0330 -0.7481 -0.6628
vn 0.7237 -0.5108 -0.4641
vn -0.6544 0.6243 0.4266
vn -0.6544 0.6243 -0.4266
vn -0.7517 -0.4994 -0.4309
vn -0.7517 -0.4994 0.4309
vn -0.4943 -0.2866 0.8207
vn -0.4784 0.3714 0.7958
vn 0.4981 0.0155 0.8670
vn -0.4784 0.3714 -0.7958
vn 0.7083 -0.0052 -0.7059
vn -0.4943 -0.2866 -0.8207
vn 0.8238 -0.0904 0.5596
vn 0.8238 -0.0901 -0.5596
vn 0.8146 0.0084 -0.5800
vn 0.8146 0.0084 0.5800
vn 0.0082 -0.0123 0.9999
vn -0.0157 0.0968 0.9952
vn -0.6416 0.6322 -0.4344
vn -0.6416 0.6322 0.4344
vn -0.0160 0.7938 0.6079
vn -0.0160 0.7939 -0.6078
vn -0.0157 0.0968 -0.9952
vn 0.0082 -0.0123 -0.9999
vn -0.7060 -0.5181 0.4829
vn -0.7059 -0.5182 -0.4829
vn 0.0149 -0.7345 -0.6784
vn 0.0149 -0.7345 0.6784
vn 0.6259 0.6383 -0.4482
vn 0.6259 0.6383 0.4482
vn 0.7192 -0.5126 0.4691
vn 0.7192 -0.5126 -0.4691
vn -0.1299 -0.0867 0.9877
vn -0.1422 -0.3280 0.9339
vn -0.3324 0.8971 0.2911
vn -0.7888 0.5003 0.3570
vn -0.3958 -0.0848 0.9144
vn -0.0575 -0.3159 0.9470
vn -0.0431 -0.8664 0.4975
vn -0.2487 0.7499 -0.6130
vn -0.3428 -0.1498 -0.9274
vn 0.0415 -0.9570 0.2870
vn -0.0734 -0.9907 -0.1144
vn 0.0316 -0.9462 0.3221
vn -0.2333 0.9061 -0.3529
vn -0.2287 0.9138 -0.3358
vn -0.3177 0.9027 0.2903
vn -0.3822 0.8923 0.2401
vn -0.9632 -0.0181 0.2683
vn -0.0439 -0.0141 0.9989
vn 0.9242 0.0012 0.3818
vn 0.6351 -0.5572 0.5349
vn -0.0239 -0.0210 -0.9995
vn -0.0504 0.0242 -0.9984
vn -0.9420 0.0064 -0.3355
vn -0.6845 0.4769 -0.5514
vn 0.7439 -0.5892 -0.3153
vn 0.9259 0.0059 -0.3777
vn 0.7753 -0.5954 0.2107
vn 1.0000 -0.0028 -0.0019
vn 0.7690 -0.5930 0.2386
vn 1.0000 0.0006 0.0039
vn -0.9998 -0.0120 -0.0139
vn -0.7873 0.5568 -0.2650
vn -0.0097 -0.4974 0.8675
vn -0.7079 -0.0090 0.7063
vn -0.4921 0.0187 -0.8703
vn 0.7084 -0.0102 0.7057
vn 0.4761 0.0153 -0.8793
vn 0.5773 0.5774 0.5773
vn 0.5773 0.5774 -0.5774
vn -0.0229 -0.4586 -0.8884
vn -0.3494 -0.6040 0.7164
vn 0.2017 -0.6183 0.7596
vn 0.7069 -0.7072 -0.0137
vn -0.7069 -0.7072 -0.0153
vn -0.7025 -0.7079 -0.0737
vn 0.7015 -0.7087 -0.0746
vn 0.7034 -0.7084 0.0587
vn -0.7033 -0.7084 0.0592
vn 0.3290 -0.6551 0.6801
vn -0.7120 -0.4869 0.5060
vn 0.7765 -0.6057 0.1735
vn 0.8666 -0.4681 -0.1730
vn 0.8478 -0.4505 0.2797
vn -0.6381 -0.7317 0.2396
vn -0.7999 -0.5644 -0.2040
vn -0.7828 -0.5291 0.3277
vn -0.1455 0.7788 -0.6102
vn -0.2345 0.8949 -0.3796
vn 0.4224 0.1449 0.8948
vn -0.8156 0.0929 0.5711
vn -0.6861 0.1621 -0.7092
vn 0.5901 -0.5434 -0.5971
vn 0.6767 0.0023 -0.7363
vn -0.6115 -0.0048 -0.7912
vn -0.4688 -0.5951 -0.6527
vn -0.0381 0.5997 -0.7993
vn -0.5554 0.2377 -0.7969
vn 0.6791 0.1404 -0.7205
vn 0.5292 0.2577 -0.8084
vn -0.5725 -0.0625 0.8175
vn -0.4528 0.8701 0.1949
vn -0.2113 -0.8430 0.4947
vn -0.2932 0.7511 -0.5916
vn -0.5913 -0.1054 -0.7995
vn -0.3412 -0.9358 -0.0887
vn -0.2334 0.9143 -0.3311
vn -0.1329 -0.9487 0.2870
vn -0.1302 -0.9425 0.3078
vn 0.9290 0.2027 0.3096
vn 0.9214 0.2143 0.3243
vn 0.9186 0.1814 0.3512
vn 0.7397 0.2243 0.6345
vn 0.4060 0.3723 0.8346
vn 0.1671 0.2981 0.9398
vn 0.7019 0.2452 0.6687
vn 0.1780 0.4755 0.8615
vn 0.0831 0.4155 0.9058
vn -0.0000 0.4992 0.8665
vn -0.0000 0.4173 0.9088
vn 0.3731 0.7501 0.5460
vn -0.0000 0.7977 0.6030
vn 0.8954 0.3680 0.2507
vn 0.7785 0.5002 0.3792
vn 0.9491 0.2760 0.1520
vn -0.0000 0.8866 0.4626
vn 0.4435 0.8079 0.3881
vn 0.4643 0.8756 0.1330
vn -0.0000 0.9853 0.1710
vn 0.7899 0.5745 0.2145
vn 0.9317 0.3616 0.0339
vn 0.9059 0.4212 -0.0439
vn 0.7702 0.6353 0.0566
vn -0.0000 0.9995 -0.0304
vn 0.3850 0.9226 0.0249
vn 0.7192 0.6849 0.1171
vn 0.9221 0.3832 0.0544
vn -0.0000 0.8764 0.4815
vn 0.2356 0.7468 0.6220
vn 0.6744 0.5568 0.4850
vn 0.6452 0.4056 0.6474
vn 0.9473 0.2276 0.2255
vn 0.9442 0.1791 0.2763
vn 0.8552 0.4494 0.2582
vn 0.7008 0.5377 0.4688
vn -0.0000 0.8245 0.5658
vn 0.3438 0.7380 0.5807
vn 0.6209 0.7700 0.1469
vn 0.9268 0.2450 0.2846
vn 0.9144 0.3914 0.1035
vn 0.8787 0.3101 0.3630
vn 0.9282 0.2846 0.2396
vn -0.0000 0.9914 0.1311
vn 0.5664 0.8220 -0.0583
vn 0.8656 0.4956 -0.0715
vn 0.4602 0.0086 0.8878
vn 0.8776 -0.3107 0.3651
vn 0.9601 0.2444 0.1356
vn 0.5618 0.3718 0.7390
vn 0.2377 0.3703 0.8980
vn 0.1405 0.2314 0.9627
vn 0.2204 -0.0034 0.9754
vn 0.7609 -0.1619 0.6283
vn 0.0192 0.2170 0.9760
vn -0.0755 0.2232 0.9718
vn -0.0342 0.2474 0.9683
vn -0.2490 0.1511 0.9566
vn -0.3924 0.3014 0.8690
vn -0.0000 0.3166 0.9486
vn 0.0035 0.3121 0.9500
vn 0.1442 0.3153 0.9380
vn -0.1854 0.4791 0.8580
vn -0.0000 0.8344 0.5511
vn 0.2221 0.2029 0.9537
vn -0.1032 0.6359 0.7648
vn -0.2867 0.9519 0.1084
vn 0.1114 0.1603 0.9808
vn 0.1281 0.9911 -0.0374
vn 0.1859 0.9687 -0.1646
vn -0.2504 0.9681 0.0133
vn 0.0806 0.7428 0.6646
vn 0.0466 0.3176 0.9471
vn 0.3906 0.6767 0.6241
vn 0.6435 0.7646 -0.0369
vn 0.1664 0.4638 0.8702
vn 0.6749 0.7048 -0.2184
vn 0.9484 0.3002 0.1016
vn 0.9068 0.3671 0.2074
vn 0.9004 0.4249 0.0938
vn 0.9309 0.3617 0.0515
vn 0.9149 0.3763 0.1462
vn 0.9068 0.4209 0.0212
vn 0.9625 0.2264 0.1496
vn 0.9751 0.1894 0.1155
vn 0.8526 0.4700 0.2284
vn 0.8678 0.4536 0.2031
vn 0.9192 0.2892 0.2672
vn 0.9313 0.2529 0.2623
vn 0.9420 0.3158 0.1139
vn 0.9281 0.3722 0.0079
vn 0.8875 0.4222 0.1847
vn 0.9868 0.1524 0.0555
vn 0.9938 0.1076 -0.0285
vn 0.9453 0.3241 0.0379
vn 0.9943 0.0699 0.0805
vn 0.9841 0.1486 0.0970
vn 0.9644 0.1878 0.1861
vn 0.9223 0.1994 0.3311
vn 0.7369 0.1853 0.6501
vn 0.4683 0.2881 0.8353
vn -0.0000 0.4524 0.8918
vn 0.2416 0.4414 0.8642
vn 0.9961 -0.0881 0.0100
vn 0.9942 -0.0843 -0.0668
vn 0.9953 -0.0817 0.0524
vn -0.0000 -0.6116 0.7912
vn 0.1622 -0.6091 0.7763
vn 0.0106 -0.9907 0.1356
vn -0.3221 -0.9238 0.2069
vn 0.2281 -0.3949 0.8900
vn 0.9918 -0.1114 0.0630
vn 0.7891 -0.5813 -0.1984
vn 0.9879 -0.0404 0.1496
vn 0.9328 -0.3474 0.0961
vn 0.8942 -0.4473 0.0182
vn 0.9617 0.0143 0.2737
vn 0.8196 -0.0284 0.5722
vn 0.9361 -0.2682 0.2274
vn 0.7677 -0.3240 0.5528
vn -0.0000 0.9995 -0.0323
vn 0.8569 0.3823 0.3457
vn 0.4700 0.6680 0.5770
vn -0.0000 0.9703 0.2418
vn -0.2306 -0.5104 0.8284
vn 0.6051 -0.6342 0.4813
vn 0.4912 -0.8053 0.3320
vn 0.2812 -0.9387 0.1995
vn 0.7950 -0.5098 0.3288
vn 0.9649 0.2448 -0.0955
vn 0.9796 -0.1220 0.1594
vn 0.9217 -0.0308 0.3868
vn -0.0000 0.9923 0.1238
vn 0.8958 0.2416 0.3730
vn 0.9184 0.3474 0.1896
vn 0.9310 0.2738 0.2415
vn 0.9576 0.2559 0.1320
vn 0.9948 0.0729 0.0710
vn 0.9647 0.2016 0.1693
vn 0.9942 -0.1023 0.0320
vn 0.9867 0.0747 0.1443
vn 0.9862 -0.1122 0.1220
vn 0.9872 0.1494 0.0550
vn 0.9945 -0.0934 0.0483
vn 0.0003 0.9953 0.0965
vn 0.2058 0.9786 -0.0085
vn 0.1757 0.9820 0.0695
vn 0.0007 0.9972 0.0754
vn 0.6728 0.7379 -0.0534
vn 0.6826 0.7303 0.0257
vn 0.9162 0.4006 0.0128
vn 0.9007 0.4344 -0.0017
vn 0.9661 0.2122 0.1474
vn 0.9565 0.2854 0.0612
vn 0.9550 0.2964 0.0144
vn 0.0827 0.5251 0.8470
vn -0.0000 0.7040 0.7102
vn 0.5529 0.1523 0.8192
vn -0.0064 0.0003 1.0000
vn -0.0167 0.0357 0.9992
vn 0.8359 0.5056 0.2137
vn 0.9163 0.4005 0.0026
vn 0.9455 0.3255 0.0010
vn 0.9526 0.3040 0.0099
vn 0.9889 0.1482 0.0127
vn 0.9967 -0.0803 0.0151
vn -0.0000 -0.0182 0.9998
vn -0.0000 0.0348 0.9994
vn 0.5175 0.8025 -0.2970
vn 0.3436 0.6103 0.7138
vn 0.7924 0.4307 0.4320
vn 0.8555 0.4955 -0.1502
vn -0.0006 0.9312 -0.3644
vn -0.0001 0.7102 0.7040
vn -0.0000 0.8255 0.5644
vn -0.0000 0.8454 0.5341
vn 0.5225 0.8280 0.2032
vn 0.5779 0.8149 -0.0450
vn -0.0000 0.9969 -0.0785
vn 0.8197 0.5728 -0.0026
vn 0.7861 0.6181 0.0020
vn 0.9890 0.1477 0.0007
vn 0.9973 -0.0730 0.0012
vn 0.9475 0.3198 -0.0018
vn 0.9405 0.3397 -0.0037
vn 0.9302 0.3670 0.0038
vn 0.8966 0.4316 -0.0991
vn 0.8855 0.4645 0.0073
vn 0.9981 -0.0545 -0.0272
vn 0.9878 0.1537 -0.0248
vn 0.9475 0.3191 -0.0193
vn 0.9430 0.3327 -0.0062
vn 0.9426 0.3335 0.0134
vn 0.8721 0.4888 0.0217
vn 0.4653 0.8721 -0.1514
vn -0.0000 0.9804 -0.1972
vn 0.7529 0.6525 -0.0865
vn -0.0000 0.9655 -0.2605
vn 0.4607 0.8600 -0.2195
vn 0.4067 0.7366 0.5405
vn -0.0000 0.7381 0.6747
vn -0.0000 0.9834 -0.1814
vn 0.4426 0.8882 -0.1229
vn 0.7227 0.6624 -0.1973
vn 0.6875 0.7262 -0.0037
vn 0.7032 0.6825 0.1990
vn 0.7096 0.6700 -0.2179
vn 0.7408 0.6435 -0.1926
vn 0.4923 0.6120 -0.6189
vn 0.4512 0.6761 -0.5825
vn -0.0000 0.5814 -0.8136
vn -0.0000 0.6896 -0.7242
vn 0.8359 0.5219 -0.1698
vn 0.7166 0.6649 -0.2106
vn 0.8311 0.4544 -0.3207
vn -0.0000 0.5784 -0.8158
vn 0.5529 0.5074 -0.6610
vn -0.0000 0.9961 -0.0887
vn 0.3180 0.9376 -0.1406
vn 0.7686 0.6236 -0.1429
vn 0.9965 -0.0236 -0.0803
vn 0.9861 0.1572 -0.0534
vn 0.7445 0.6464 -0.1671
vn 0.9268 0.3684 -0.0727
vn 0.9875 0.1481 -0.0541
vn 0.9652 0.2581 -0.0432
vn 0.9543 0.2962 -0.0382
vn 0.9961 0.0475 -0.0750
vn 0.9835 0.1710 -0.0587
vn 0.9610 0.2706 -0.0563
vn 0.8942 0.4459 -0.0395
vn 0.9539 0.3002 -0.0021
vn 0.9251 0.3698 -0.0868
vn 0.9512 0.3076 -0.0246
vn 0.7871 -0.6066 -0.1116
vn 0.7586 -0.5693 -0.3168
vn 0.7994 -0.5589 -0.2204
vn 0.7452 -0.6437 -0.1740
vn -0.0000 -0.9526 -0.3042
vn -0.0000 -0.9075 -0.4201
vn 0.7217 -0.6917 -0.0256
vn -0.0000 -0.9810 -0.1938
vn 0.7083 -0.7059 -0.0052
vn -0.0000 -0.9999 -0.0148
vn 0.6999 -0.7142 0.0021
vn -0.0000 -0.9999 -0.0107
vn 0.6890 -0.7243 0.0235
vn -0.0000 -0.9999 -0.0137
vn 0.6822 -0.7289 0.0574
vn -0.0000 -0.9999 -0.0136
vn -0.0000 -1.0000 -0.0067
vn 0.6970 -0.7170 0.0097
vn 0.7128 -0.7006 -0.0332
vn -0.0000 -0.9999 0.0171
vn 0.7125 -0.7017 0.0043
vn -0.0000 -0.9998 0.0192
vn 0.7047 -0.7085 0.0376
vn -0.0000 -1.0000 -0.0068
vn 0.0311 -0.9995 0.0059
vn 0.5042 -0.8445 -0.1808
vn 0.7759 -0.5896 -0.2245
vn 0.2113 -0.9555 -0.2058
vn 0.2615 -0.9573 -0.1231
vn 0.1835 -0.8893 -0.4188
vn 0.3740 -0.7969 -0.4744
vn 0.1521 -0.8922 -0.4253
vn -0.8031 -0.4713 0.3646
vn -0.2860 -0.5541 0.7818
vn 0.0061 -0.7956 0.6058
vn 0.8214 -0.5594 -0.1114
vn 0.9807 0.1827 -0.0696
vn -0.0000 -0.9925 -0.1219
vn -0.0000 0.9567 0.2912
vn 0.7300 0.6546 0.1963
vn 0.7620 0.6240 -0.1733
vn -0.0000 0.9662 -0.2577
vn 0.9065 0.4200 -0.0431
vn 0.8533 0.5176 -0.0624
vn 0.7809 0.4023 -0.4778
vn 0.8288 0.1847 -0.5282
vn 0.7850 0.5633 -0.2577
vn 0.8101 0.3936 -0.4346
vn 0.9115 -0.1107 -0.3962
vn 0.8512 0.1943 -0.4876
vn 0.8688 -0.4845 -0.1016
vn 0.7917 -0.4481 -0.4152
vn -0.0000 -0.9917 -0.1282
vn -0.0000 -0.7337 -0.6795
vn -0.0000 0.9216 0.3880
vn 0.6656 0.7342 0.1337
vn 0.0002 -0.0136 -0.9999
vn -0.0000 0.5088 -0.8609
vn 0.8114 0.2963 -0.5038
vn -0.0000 0.9986 -0.0537
vn 0.4087 0.9113 -0.0488
vn 0.8381 0.5442 -0.0391
vn 0.8041 0.5840 -0.1110
vn 0.5747 0.8175 -0.0380
vn 0.4752 0.8480 -0.2345
vn 0.7521 -0.5270 -0.3958
vn 0.5067 -0.1487 -0.8492
vn 0.3492 0.7405 -0.5743
vn 0.6754 -0.7351 -0.0590
vn 0.8237 -0.5558 -0.1123
vn -0.0000 -0.9921 -0.1252
vn 0.9955 0.0183 0.0934
vn 0.8275 -0.3852 0.4084
vn 0.5617 0.7755 0.2881
vn 0.6674 0.7198 0.1910
vn -0.3731 0.7501 0.5460
vn -0.1780 0.4755 0.8615
vn -0.8953 0.3681 0.2508
vn -0.9214 0.2143 0.3243
vn -0.7785 0.5002 0.3792
vn -0.9491 0.2760 0.1520
vn -0.9290 0.2027 0.3096
vn -0.4435 0.8079 0.3881
vn -0.4643 0.8756 0.1330
vn -0.7899 0.5745 0.2145
vn -0.9317 0.3616 0.0339
vn -0.4060 0.3723 0.8346
vn -0.7397 0.2243 0.6345
vn -0.7702 0.6353 0.0566
vn -0.9059 0.4211 -0.0439
vn -0.3850 0.9226 0.0249
vn -0.7191 0.6850 0.1171
vn -0.9221 0.3832 0.0544
vn -0.2357 0.7468 0.6219
vn -0.6744 0.5568 0.4850
vn -0.6452 0.4056 0.6474
vn -0.9473 0.2276 0.2255
vn -0.9442 0.1791 0.2763
vn -0.8550 0.4496 0.2585
vn -0.7004 0.5390 0.4679
vn -0.3438 0.7380 0.5807
vn -0.6209 0.7700 0.1469
vn -0.9268 0.2450 0.2846
vn -0.9144 0.3914 0.1035
vn -0.0740 0.4198 0.9046
vn -0.1642 0.3262 0.9309
vn -0.7051 0.2734 0.6543
vn -0.9186 0.1814 0.3512
vn -0.8780 0.3189 0.3570
vn -0.9282 0.2846 0.2396
vn -0.5664 0.8221 -0.0582
vn -0.8656 0.4956 -0.0715
vn -0.4602 0.0086 0.8878
vn -0.5618 0.3718 0.7390
vn -0.9601 0.2444 0.1356
vn -0.8776 -0.3107 0.3651
vn -0.1412 0.2317 0.9625
vn -0.2377 0.3703 0.8980
vn -0.2204 -0.0034 0.9754
vn -0.7609 -0.1619 0.6283
vn -0.0192 0.2170 0.9760
vn 0.0756 0.2232 0.9718
vn 0.0341 0.2475 0.9683
vn 0.2490 0.1511 0.9566
vn 0.3924 0.3014 0.8690
vn -0.0035 0.3121 0.9500
vn -0.1442 0.3153 0.9380
vn 0.1854 0.4791 0.8580
vn -0.2221 0.2029 0.9537
vn 0.1015 0.6376 0.7636
vn 0.2831 0.9531 0.1067
vn -0.1114 0.1603 0.9808
vn -0.0849 0.7398 0.6675
vn -0.1411 0.9894 -0.0341
vn -0.0466 0.3179 0.9470
vn -0.3917 0.6722 0.6282
vn -0.6517 0.7579 -0.0315
vn -0.1664 0.4638 0.8702
vn -0.9484 0.3002 0.1016
vn -0.9068 0.3670 0.2074
vn -0.9004 0.4249 0.0938
vn -0.9309 0.3617 0.0515
vn -0.9149 0.3763 0.1462
vn -0.9068 0.4209 0.0212
vn -0.9625 0.2264 0.1496
vn -0.8678 0.4536 0.2031
vn -0.8526 0.4700 0.2284
vn -0.9751 0.1894 0.1155
vn -0.9192 0.2892 0.2672
vn -0.9420 0.3158 0.1139
vn -0.9313 0.2529 0.2623
vn -0.9281 0.3722 0.0079
vn -0.8875 0.4222 0.1847
vn -0.9868 0.1524 0.0555
vn -0.9453 0.3241 0.0379
vn -0.9938 0.1076 -0.0285
vn -0.9942 0.0745 0.0776
vn -0.9823 0.1620 0.0941
vn -0.9609 0.2056 0.1857
vn -0.9214 0.2311 0.3123
vn -0.7399 0.2181 0.6364
vn -0.4531 0.2887 0.8434
vn -0.2290 0.4346 0.8710
vn -0.9961 -0.0880 0.0099
vn -0.9942 -0.0843 -0.0668
vn -0.9954 -0.0803 0.0516
vn -0.1455 -0.6179 0.7727
vn 0.3520 -0.8994 0.2591
vn -0.1506 -0.3835 0.9112
vn -0.8032 -0.5708 -0.1703
vn -0.9868 -0.1585 0.0339
vn -0.9882 -0.0279 0.1505
vn -0.9101 -0.4011 0.1043
vn -0.8568 -0.5132 -0.0504
vn -0.9205 -0.3679 -0.1318
vn -0.9309 -0.3567 0.0782
vn -0.9660 0.0019 0.2584
vn -0.8061 -0.0894 0.5849
vn -0.7123 -0.5520 0.4335
vn -0.9064 -0.3479 0.2394
vn -0.6989 -0.4221 0.5773
vn -0.4700 0.6680 0.5770
vn -0.8569 0.3823 0.3457
vn 0.3981 -0.3580 0.8446
vn -0.3169 -0.8596 0.4007
vn 0.2480 0.9686 0.0150
vn -0.1955 0.9657 -0.1706
vn -0.6797 0.6981 -0.2252
vn -0.9649 0.2448 -0.0955
vn -0.9796 -0.1220 0.1594
vn -0.9217 -0.0308 0.3868
vn -0.8958 0.2416 0.3730
vn -0.9184 0.3474 0.1896
vn -0.9310 0.2738 0.2415
vn -0.9576 0.2559 0.1321
vn -0.9948 0.0729 0.0710
vn -0.9647 0.2016 0.1693
vn -0.9942 -0.1023 0.0320
vn -0.9867 0.0747 0.1443
vn -0.9862 -0.1122 0.1220
vn -0.9872 0.1494 0.0550
vn -0.9944 -0.0935 0.0483
vn -0.2041 0.9789 -0.0126
vn -0.1730 0.9824 0.0705
vn -0.6721 0.7382 -0.0584
vn -0.6811 0.7317 0.0271
vn -0.9161 0.4007 0.0128
vn -0.9007 0.4344 -0.0017
vn -0.9661 0.2122 0.1474
vn -0.9565 0.2854 0.0612
vn -0.9550 0.2963 0.0144
vn -0.0827 0.5252 0.8470
vn -0.5548 0.1537 0.8177
vn 0.0167 0.0357 0.9992
vn 0.0064 0.0003 1.0000
vn -0.8343 0.5086 0.2129
vn -0.9163 0.4005 0.0026
vn -0.9455 0.3255 0.0010
vn -0.9527 0.3039 0.0099
vn -0.9888 0.1485 0.0130
vn -0.9967 -0.0803 0.0151
vn -0.5208 0.8002 -0.2976
vn -0.8567 0.4924 -0.1536
vn -0.7954 0.4307 0.4264
vn -0.3459 0.6096 0.7132
vn -0.5229 0.8274 0.2048
vn -0.5779 0.8149 -0.0450
vn -0.7862 0.6180 0.0020
vn -0.8177 0.5756 0.0002
vn -0.9890 0.1481 0.0006
vn -0.9973 -0.0732 0.0012
vn -0.9475 0.3198 -0.0018
vn -0.9405 0.3397 -0.0037
vn -0.9303 0.3669 0.0039
vn -0.8956 0.4336 -0.0996
vn -0.8836 0.4683 0.0083
vn -0.9878 0.1538 -0.0248
vn -0.9981 -0.0545 -0.0272
vn -0.9475 0.3191 -0.0194
vn -0.9431 0.3326 -0.0062
vn -0.9426 0.3335 0.0134
vn -0.8721 0.4888 0.0217
vn -0.4653 0.8721 -0.1514
vn -0.7529 0.6525 -0.0865
vn -0.4607 0.8600 -0.2195
vn -0.4067 0.7366 0.5405
vn -0.4426 0.8882 -0.1229
vn -0.7228 0.6624 -0.1972
vn -0.6875 0.7262 -0.0037
vn -0.7032 0.6825 0.1990
vn -0.7100 0.6700 -0.2168
vn -0.7407 0.6436 -0.1926
vn -0.4923 0.6120 -0.6190
vn -0.4512 0.6761 -0.5825
vn -0.8359 0.5219 -0.1698
vn -0.7166 0.6649 -0.2106
vn -0.8311 0.4544 -0.3207
vn -0.5529 0.5074 -0.6610
vn -0.3180 0.9376 -0.1406
vn -0.7686 0.6236 -0.1429
vn -0.9965 -0.0236 -0.0803
vn -0.9861 0.1572 -0.0534
vn -0.7445 0.6464 -0.1671
vn -0.9268 0.3684 -0.0727
vn -0.9875 0.1481 -0.0541
vn -0.9652 0.2581 -0.0432
vn -0.9543 0.2962 -0.0382
vn -0.9961 0.0475 -0.0750
vn -0.9611 0.2705 -0.0563
vn -0.9835 0.1710 -0.0587
vn -0.8942 0.4459 -0.0395
vn -0.9539 0.3002 -0.0021
vn -0.9251 0.3696 -0.0868
vn -0.9512 0.3075 -0.0246
vn -0.7586 -0.5693 -0.3168
vn -0.7994 -0.5589 -0.2204
vn -0.7452 -0.6437 -0.1740
vn -0.7217 -0.6917 -0.0256
vn -0.7083 -0.7059 -0.0052
vn -0.6999 -0.7142 0.0021
vn -0.6890 -0.7243 0.0235
vn -0.6822 -0.7289 0.0571
vn -0.6970 -0.7170 0.0097
vn -0.7128 -0.7006 -0.0332
vn -0.7125 -0.7017 0.0043
vn -0.7158 -0.6983 0.0076
vn -0.5836 -0.6958 -0.4186
vn -0.5905 -0.5101 -0.6254
vn -0.2339 -0.7735 -0.5890
vn -0.0366 -0.9094 -0.4143
vn 0.2928 -0.8043 -0.5171
vn -0.1392 -0.5901 -0.7952
vn 0.0536 -0.9215 -0.3847
vn -0.1776 -0.9234 -0.3403
vn 0.9005 -0.2379 0.3639
vn 0.5881 -0.5328 0.6085
vn 0.4301 -0.8361 0.3404
vn 0.8434 -0.2401 0.4807
vn -0.6656 0.7342 0.1337
vn -0.4087 0.9113 -0.0488
vn -0.8338 0.5506 -0.0405
vn -0.8029 0.5858 -0.1101
vn -0.6648 0.7219 0.1921
vn -0.9955 0.0154 0.0940
vn -0.9807 0.1827 -0.0696
vn -0.8214 -0.5594 -0.1114
vn -0.8114 0.2963 -0.5038
vn -0.7620 0.6240 -0.1733
vn -0.9061 0.4209 -0.0432
vn -0.8283 0.1862 -0.5284
vn -0.7803 0.4032 -0.4781
vn -0.8529 0.5184 -0.0625
vn -0.8101 0.3932 -0.4349
vn -0.7815 0.5674 -0.2595
vn -0.8511 0.1943 -0.4876
vn -0.9093 -0.1100 -0.4013
vn -0.7917 -0.4481 -0.4152
vn -0.8674 -0.4864 -0.1051
vn -0.7300 0.6546 0.1963
vn -0.5637 0.7753 0.2849
vn -0.4805 0.8462 -0.2306
vn -0.7544 -0.5303 -0.3868
vn -0.8277 -0.3914 0.4022
vn -0.6732 -0.7366 -0.0642
vn -0.8221 -0.5584 -0.1114
vn -0.5669 0.8228 -0.0400
vn -0.5196 -0.1535 -0.8405
vn -0.3575 0.7416 -0.5676
vn -0.4786 -0.8161 0.3240
vn 0.1858 -0.8161 0.5472
vn -0.5187 -0.7305 0.4442
vn 0.1329 -0.9358 0.3264
vn -0.2337 -0.9392 0.2515
vn -0.0296 -0.9990 0.0338
vn 0.0842 -0.9964 -0.0101
vn 0.9914 0.1233 0.0442
vn 0.3725 0.8513 -0.3694
vn -0.7462 0.1784 -0.6413
vn 0.4818 0.8763 -0.0006
vn -0.1643 -0.9863 0.0127
vn -0.8656 0.1440 0.4796
vn 0.3055 0.8502 0.4288
vn 0.7110 -0.5005 0.4940
vn -0.0459 -0.6346 0.7715
vn 0.0058 -0.9802 0.1980
vn -0.4540 -0.6075 -0.6518
vn -0.0207 -0.7592 -0.6506
vn 0.0036 -0.9969 -0.0791
vn -0.6827 -0.7112 -0.1677
vn -0.7030 -0.7087 0.0592
vn -0.0463 -0.7200 0.6924
vn -0.6593 -0.5005 0.5611
vn 0.8911 -0.2889 0.3500
vn 0.8182 -0.5533 0.1562
vn 0.7074 -0.7046 -0.0560
vn 0.4851 -0.6615 -0.5720
vn 0.6332 -0.5266 0.5673
vn 0.7055 -0.7073 0.0450
vn 0.0002 0.3827 -0.9239
vn -0.0000 0.3826 -0.9239
vn -0.0000 0.0784 -0.9969
vn 0.5603 -0.0000 0.8283
vn 0.9522 -0.0000 0.3053
vn 0.9531 -0.0000 -0.3028
vn 0.5907 -0.0000 -0.8069
vn -0.5603 -0.0000 0.8283
vn -0.9522 -0.0000 0.3053
vn -0.9531 -0.0000 -0.3028
vn -0.5907 -0.0000 -0.8069
vn 0.5007 0.3862 0.7747
vn 0.0007 0.5730 0.8196
vn 0.7391 0.6040 0.2982
vn 0.7404 0.6115 -0.2792
vn 0.5502 0.3741 -0.7466
vn 0.0020 0.6061 -0.7954
vn -0.5013 0.3874 0.7737
vn -0.7376 0.6068 0.2963
vn -0.7376 0.6152 -0.2784
vn -0.5486 0.3772 -0.7461
vn 0.0028 0.9847 0.1742
vn 0.0038 0.9880 -0.1542
vn -0.1215 0.3435 -0.9313
vn -0.2505 0.1592 -0.9549
vn -0.5897 0.2497 -0.7680
vn -0.3396 0.6003 -0.7240
vn -0.2476 -0.0678 -0.9665
vn -0.5871 -0.1871 -0.7876
vn -0.1140 -0.2503 -0.9614
vn -0.3302 -0.5393 -0.7747
vn 0.0987 -0.3185 -0.9428
vn 0.0804 -0.6709 -0.7372
vn 0.3099 -0.2471 -0.9181
vn 0.4880 -0.5332 -0.6910
vn 0.4390 -0.0627 -0.8963
vn 0.7370 -0.1772 -0.6522
vn 0.4361 0.1643 -0.8848
vn 0.7292 0.2595 -0.6332
vn 0.3023 0.3467 -0.8879
vn 0.4702 0.6064 -0.6413
vn 0.0895 0.4149 -0.9055
vn 0.0635 0.7348 -0.6753
vn -0.8127 0.2968 -0.5015
vn -0.4873 0.7484 -0.4499
vn -0.8105 -0.2681 -0.5208
vn -0.4776 -0.7225 -0.4999
vn 0.0527 -0.8915 -0.4499
vn 0.5795 -0.7146 -0.3918
vn 0.9030 -0.2553 -0.3457
vn 0.8928 0.3096 -0.3272
vn 0.5571 0.7562 -0.3431
vn 0.0329 0.9205 -0.3893
vn -0.9045 0.3083 -0.2947
vn -0.9013 -0.3024 -0.3103
vn -0.5408 -0.7916 -0.2844
vn 0.0308 -0.9727 -0.2299
vn 0.5988 -0.7831 -0.1680
vn 0.9498 -0.2886 -0.1209
vn 0.9407 0.3221 -0.1061
vn 0.5782 0.8056 -0.1291
vn -0.9379 0.3078 -0.1600
vn -0.7967 0.5888 -0.1362
vn -0.9332 -0.3151 -0.1727
vn -0.5649 -0.8122 -0.1454
vn 0.0166 -0.9958 -0.0897
vn 0.5944 -0.8037 -0.0275
vn 0.9534 -0.3011 0.0198
vn 0.9462 0.3218 0.0325
vn 0.5771 0.8166 0.0067
vn -0.9541 0.2956 0.0478
vn -0.9460 -0.3231 0.0255
vn -0.5786 -0.8145 0.0437
vn -0.0023 -0.9955 0.0951
vn 0.5698 -0.8059 0.1611
vn 0.9260 -0.3090 0.2169
vn 0.9202 0.3096 0.2394
vn 0.5536 0.8033 0.2195
vn -0.8840 0.2442 0.3985
vn -0.5686 0.6879 0.4510
vn -0.8771 -0.3057 0.3706
vn -0.5505 -0.7443 0.3782
vn -0.0362 -0.9066 0.4204
vn 0.4735 -0.7366 0.4829
vn 0.7884 -0.2932 0.5408
vn 0.7814 0.2567 0.5688
vn 0.4554 0.6956 0.5557
vn -0.0586 0.8581 0.5101
vn -0.7005 0.1618 0.6951
vn -0.4658 0.4945 0.7338
vn -0.6953 -0.2491 0.6742
vn -0.4522 -0.5780 0.6793
vn -0.0674 -0.7004 0.7105
vn 0.3140 -0.5723 0.7576
vn 0.5481 -0.2398 0.8013
vn 0.5429 0.1711 0.8222
vn 0.3003 0.5003 0.8121
vn -0.0842 0.6229 0.7778
vn -0.4390 0.0627 0.8963
vn -0.3099 0.2471 0.9181
vn -0.4361 -0.1643 0.8848
vn -0.3023 -0.3467 0.8879
vn -0.0895 -0.4149 0.9055
vn 0.1215 -0.3435 0.9313
vn 0.2505 -0.1592 0.9549
vn 0.2476 0.0678 0.9665
vn 0.1140 0.2503 0.9614
vn -0.0988 0.3185 0.9427
vn 0.1012 0.0518 -0.9935
vn -0.1012 -0.0518 0.9935
vn -0.0000 0.9982 -0.0606
vn 0.4040 0.9125 -0.0636
vn 0.7998 0.5971 -0.0613
vn -0.4040 0.9125 -0.0636
vn -0.7998 0.5972 -0.0613
vn 0.5027 0.8148 -0.2888
vn -0.0005 0.9384 -0.3455
vn -0.5058 0.8138 -0.2862
vn 0.7068 0.5335 -0.4645
vn 0.7056 0.7056 -0.0651
vn 0.7056 0.6136 0.3544
vn 0.7068 0.2902 0.6451
vn 0.7076 -0.1513 0.6902
vn 0.7068 -0.5335 0.4645
vn 0.7056 -0.7056 0.0651
vn 0.7057 -0.6136 -0.3543
vn 0.7068 -0.2902 -0.6451
vn 0.7076 0.1514 -0.6902
vn -0.5678 0.6348 -0.5241
vn -0.5773 0.8124 -0.0825
vn -0.5988 0.7084 0.3736
vn -0.6170 0.3627 0.6984
vn -0.6314 -0.1247 0.7654
vn -0.6390 -0.5651 0.5219
vn -0.6354 -0.7694 0.0660
vn -0.6223 -0.6627 -0.4166
vn -0.6028 -0.2875 -0.7443
vn -0.5807 0.2143 -0.7854
vn -0.3412 0.6398 -0.6887
vn -0.2010 0.9627 -0.1811
vn -0.2510 0.8175 0.5184
vn -0.4448 0.3329 0.8315
vn -0.6617 -0.0871 0.7447
vn -0.8230 -0.3445 0.4516
vn -0.8959 -0.4372 0.0791
vn -0.8778 -0.3746 -0.2987
vn -0.7664 -0.1584 -0.6226
vn -0.5682 0.2009 -0.7980
vn 0.8057 -0.1922 -0.5603
vn 0.9747 -0.1095 -0.1949
vn 0.9648 -0.1769 0.1948
vn 0.7679 -0.3870 0.5105
vn 0.4194 -0.6859 0.5946
vn 0.0901 -0.9215 0.3779
vn -0.0727 -0.9974 0.0019
vn -0.0521 -0.9211 -0.3857
vn 0.1467 -0.7124 -0.6863
vn 0.4837 -0.4252 -0.7650
vn 0.8001 -0.1857 -0.5704
vn 0.9741 -0.1106 -0.1972
vn 0.9635 -0.1932 0.1854
vn 0.7774 -0.4070 0.4796
vn 0.4509 -0.6911 0.5649
vn 0.1154 -0.9193 0.3763
vn -0.0793 -0.9968 0.0080
vn -0.0770 -0.9166 -0.3923
vn 0.1236 -0.7024 -0.7009
vn 0.4691 -0.4156 -0.7793
vn 0.4785 0.5584 -0.6777
vn 0.7419 0.6576 -0.1307
vn 0.7067 0.5496 0.4456
vn 0.4466 0.2620 0.8555
vn 0.0149 -0.1613 0.9868
vn -0.4867 -0.5418 0.6853
vn -0.7551 -0.6475 0.1028
vn -0.7561 -0.4902 -0.4336
vn -0.4693 -0.1322 -0.8731
vn 0.0369 0.2770 -0.9602
vn 0.2713 0.4860 -0.8308
vn 0.7252 0.6792 -0.1128
vn 0.6579 0.5828 0.4770
vn 0.2154 0.1137 0.9699
vn -0.4736 -0.5567 0.6825
vn -0.7352 -0.6757 0.0536
vn -0.7439 -0.4888 -0.4558
vn -0.4456 -0.0716 -0.8924
vn 0.0069 0.9601 0.2797
vn 0.0083 0.9283 0.3717
vn 0.0578 0.9182 0.3919
vn 0.0555 0.9641 0.2597
vn 0.0150 0.9259 0.3774
vn 0.0156 0.8455 0.5338
vn 0.0666 0.8408 0.5372
vn 0.2825 0.7388 0.6118
vn 0.2002 0.7910 0.5781
vn 0.1633 0.5128 0.8428
vn 0.2165 0.4641 0.8589
vn 0.0423 0.9898 -0.1360
vn -0.0085 0.9933 -0.1153
vn 0.1490 0.3345 0.9305
vn 0.1923 0.3413 0.9201
vn 0.0369 0.9216 -0.3863
vn -0.0206 0.9192 -0.3933
vn 0.2184 0.8849 0.4114
vn 0.1982 0.9617 0.1895
vn 0.0539 0.5572 0.8286
vn -0.0003 0.5528 0.8333
vn 0.1719 0.9651 -0.1974
vn 0.0481 0.3218 0.9456
vn -0.0087 0.3156 0.9489
vn 0.1696 0.9216 -0.3492
vn 0.3104 0.8574 0.4105
vn 0.2924 0.9465 0.1366
vn 0.2488 0.9394 -0.2357
vn 0.2439 0.9162 -0.3181
vn -0.2802 -0.4141 -0.8660
vn 0.2802 0.4141 -0.8660
vn 0.5605 0.8282 -0.0000
vn 0.2802 0.4141 0.8660
vn -0.2802 -0.4141 0.8660
vn -0.5605 -0.8282 -0.0000
vn -0.7068 0.5335 -0.4645
vn -0.7056 0.7056 -0.0651
vn -0.7056 0.6136 0.3543
vn -0.7068 0.2902 0.6451
vn -0.7076 -0.1513 0.6902
vn -0.7068 -0.5335 0.4645
vn -0.7056 -0.7056 0.0651
vn -0.7056 -0.6136 -0.3543
vn -0.7068 -0.2902 -0.6451
vn -0.7076 0.1514 -0.6902
vn 0.5678 0.6348 -0.5241
vn 0.5773 0.8124 -0.0825
vn 0.5989 0.7083 0.3736
vn 0.6170 0.3627 0.6984
vn 0.6314 -0.1247 0.7654
vn 0.6390 -0.5651 0.5219
vn 0.6354 -0.7694 0.0660
vn 0.6223 -0.6627 -0.4166
vn 0.6028 -0.2875 -0.7443
vn 0.5807 0.2143 -0.7854
vn 0.2010 0.9627 -0.1811
vn 0.3412 0.6398 -0.6887
vn 0.2510 0.8175 0.5184
vn 0.4448 0.3329 0.8315
vn 0.6617 -0.0871 0.7447
vn 0.8230 -0.3445 0.4516
vn 0.8959 -0.4372 0.0791
vn 0.8778 -0.3746 -0.2987
vn 0.7664 -0.1584 -0.6226
vn 0.5681 0.2009 -0.7981
vn -0.9747 -0.1094 -0.1950
vn -0.8057 -0.1921 -0.5604
vn -0.9648 -0.1769 0.1947
vn -0.7679 -0.3869 0.5105
vn -0.4194 -0.6859 0.5946
vn -0.0902 -0.9215 0.3779
vn 0.0728 -0.9973 0.0019
vn 0.0521 -0.9211 -0.3857
vn -0.1467 -0.7124 -0.6863
vn -0.4838 -0.4252 -0.7650
vn -0.9739 -0.1107 -0.1983
vn -0.8001 -0.1856 -0.5704
vn -0.9635 -0.1932 0.1854
vn -0.7774 -0.4070 0.4796
vn -0.4509 -0.6911 0.5649
vn -0.1154 -0.9193 0.3763
vn 0.0793 -0.9968 0.0081
vn 0.0770 -0.9166 -0.3923
vn -0.1236 -0.7024 -0.7010
vn -0.4691 -0.4156 -0.7793
vn -0.7419 0.6577 -0.1307
vn -0.4785 0.5584 -0.6777
vn -0.7067 0.5496 0.4456
vn -0.4466 0.2620 0.8555
vn -0.0149 -0.1613 0.9868
vn 0.4867 -0.5418 0.6853
vn 0.7551 -0.6475 0.1028
vn 0.7561 -0.4902 -0.4336
vn 0.4693 -0.1322 -0.8731
vn -0.0369 0.2770 -0.9602
vn -0.7255 0.6789 -0.1129
vn -0.2713 0.4860 -0.8308
vn -0.6579 0.5828 0.4770
vn -0.2154 0.1138 0.9699
vn 0.4735 -0.5567 0.6825
vn 0.7352 -0.6757 0.0536
vn 0.7439 -0.4888 -0.4558
vn 0.4456 -0.0716 -0.8924
vn -0.0069 0.9601 0.2797
vn -0.0555 0.9641 0.2597
vn -0.0578 0.9182 0.3919
vn -0.0083 0.9283 0.3717
vn -0.0150 0.9259 0.3774
vn -0.0666 0.8408 0.5372
vn -0.0156 0.8455 0.5338
vn -0.2825 0.7388 0.6118
vn -0.2165 0.4641 0.8589
vn -0.1633 0.5128 0.8428
vn -0.2001 0.7910 0.5781
vn 0.0085 0.9933 -0.1151
vn -0.0423 0.9898 -0.1360
vn -0.1923 0.3413 0.9201
vn -0.1489 0.3345 0.9306
vn 0.0206 0.9192 -0.3933
vn -0.0369 0.9216 -0.3863
vn -0.1982 0.9617 0.1895
vn -0.2184 0.8849 0.4114
vn -0.0539 0.5572 0.8286
vn 0.0003 0.5528 0.8333
vn -0.1721 0.9651 -0.1972
vn -0.0481 0.3218 0.9456
vn 0.0087 0.3156 0.9489
vn -0.1696 0.9216 -0.3492
vn -0.2924 0.9465 0.1366
vn -0.3104 0.8574 0.4105
vn -0.2488 0.9394 -0.2357
vn -0.2439 0.9162 -0.3181
vn 0.2802 -0.4141 -0.8660
vn -0.2802 0.4141 -0.8660
vn -0.5605 0.8282 -0.0000
vn -0.2802 0.4141 0.8660
vn 0.2802 -0.4141 0.8660
vn 0.5605 -0.8282 -0.0000
vn -0.7071 -0.0000 0.7071
vn 0.2572 0.2786 0.9253
vn 0.3299 0.7449 0.5800
vn 0.2176 0.7969 0.5635
vn -0.8845 0.3690 0.2853
vn 0.7071 -0.0000 0.7071
vn 0.8845 0.3690 0.2853
vn -0.5343 0.6687 0.5171
vn 0.4628 0.6788 0.5701
vn 0.4404 0.8978 -0.0000
vn -0.7072 0.7071 -0.0000
vn 0.5343 0.6687 0.5171
vn -0.7071 0.7072 -0.0000
vn 0.3299 0.7450 0.5797
vn 0.3557 0.3852 0.8515
vn -0.3557 0.3852 0.8515
vn -0.3299 0.7450 0.5797
vn 0.2177 0.7965 0.5640
vn -0.2177 0.7965 0.5640
vn 0.4630 0.6784 0.5704
vn -0.4630 0.6784 0.5704
vn -0.4404 0.8978 -0.0000
vn -0.3299 0.7449 0.5800
vn -0.2573 0.2785 0.9253
vn -0.2176 0.7969 0.5635
vn -0.4629 0.6788 0.5701
vn -0.6696 0.3537 0.6532
vn -0.0489 0.6830 0.7288
vn 0.2046 0.8859 0.4162
vn -0.5831 0.4178 0.6967
vn 0.6696 0.3537 0.6532
vn 0.8123 0.5825 -0.0291
vn -0.1009 0.9949 0.0026
vn 0.0489 0.6830 0.7288
vn -0.0000 0.6181 0.7861
vn -0.0000 0.6180 0.7861
vn -0.0000 0.9717 0.2360
vn 0.1666 -0.0655 0.9839
vn -0.5715 0.2618 0.7777
vn -0.1666 -0.0655 0.9839
vn 0.5716 0.2618 0.7777
vn 0.3021 0.3243 0.8964
vn -0.3021 0.3243 0.8964
vn 0.9212 0.3873 -0.0372
vn -0.9127 0.4073 0.0317
vn -0.5714 0.2618 0.7778
vn -0.3431 0.5601 0.7541
vn 0.3056 0.7742 -0.5543
vn -0.2960 0.7181 -0.6299
vn 0.5174 0.8447 0.1372
vn 0.2963 0.7181 -0.6297
vn -0.3054 0.7744 -0.5541
vn -0.3189 0.9475 0.0248
vn -0.6575 0.3078 -0.6877
vn -0.9247 0.3657 -0.1055
vn -0.1183 0.1225 -0.9854
vn 0.6576 0.3074 -0.6878
vn 0.1186 0.1225 -0.9854
vn -0.2961 0.7182 -0.6297
vn -0.2050 0.1692 -0.9640
vn -0.6135 0.6169 -0.4930
vn -0.6136 0.6170 -0.4928
vn -0.0000 0.1364 -0.9906
vn -0.0000 0.9020 -0.4317
vn 0.2059 0.1691 -0.9638
vn 0.6150 0.6155 -0.4928
vn 0.6151 0.6154 -0.4930
vn -0.7457 0.3224 0.5831
vn -0.3943 0.4447 0.8042
vn -0.0000 0.4924 0.8704
vn 0.3955 0.4440 0.8040
vn 0.7463 0.3217 0.5827
vn -0.6932 -0.0000 0.7207
vn 0.0390 -0.0000 0.9992
vn -0.0392 -0.0000 0.9992
vn 0.6932 -0.0000 0.7208
vn 0.2642 0.2804 0.9228
vn 0.3388 0.7471 0.5719
vn 0.2281 0.7975 0.5585
vn 0.4798 0.6709 0.5654
vn 0.4552 0.8904 -0.0000
vn 0.3388 0.7472 0.5717
vn 0.3655 0.3879 0.8461
vn -0.3655 0.3879 0.8461
vn -0.3388 0.7472 0.5717
vn 0.2282 0.7972 0.5590
vn -0.2282 0.7972 0.5589
vn 0.4800 0.6705 0.5658
vn -0.4800 0.6704 0.5658
vn -0.4552 0.8904 -0.0000
vn -0.3388 0.7471 0.5719
vn -0.2642 0.2803 0.9229
vn -0.2281 0.7975 0.5585
vn -0.4798 0.6708 0.5655
vn -0.6850 0.3331 0.6479
vn -0.0652 0.6631 0.7456
vn 0.2006 0.8795 0.4315
vn -0.5958 0.3987 0.6971
vn 0.6850 0.3330 0.6479
vn 0.8308 0.5559 -0.0278
vn -0.0974 0.9952 0.0022
vn 0.0652 0.6631 0.7456
vn 0.1781 -0.0653 0.9818
vn -0.5746 0.2461 0.7806
vn -0.1781 -0.0653 0.9818
vn 0.5746 0.2461 0.7806
vn 0.3216 0.3221 0.8904
vn -0.3216 0.3221 0.8904
vn 0.9303 0.3651 -0.0351
vn -0.9227 0.3843 0.0299
vn -0.5745 0.2461 0.7807
vn -0.3609 0.5499 0.7532
vn 0.3064 0.7676 -0.5629
vn -0.3107 0.7086 -0.6335
vn 0.5437 0.8284 0.1345
vn 0.3108 0.7086 -0.6334
vn -0.3061 0.7679 -0.5627
vn -0.3153 0.9486 0.0284
vn -0.6681 0.2943 -0.6834
vn -0.9335 0.3445 -0.0994
vn -0.1266 0.1224 -0.9844
vn 0.6682 0.2940 -0.6835
vn 0.1270 0.1223 -0.9843
vn -0.3106 0.7088 -0.6334
vn -0.2190 0.1687 -0.9610
vn -0.6353 0.5953 -0.4920
vn -0.6353 0.5954 -0.4917
vn -0.0000 0.9020 -0.4318
vn 0.2200 0.1686 -0.9608
vn 0.6368 0.5939 -0.4917
vn 0.6367 0.5939 -0.4919
vn -0.7542 0.3116 0.5779
vn -0.4106 0.4330 0.8025
vn 0.4117 0.4321 0.8024
vn 0.7548 0.3109 0.5776
vn -0.6923 -0.0000 0.7216
vn 0.0418 -0.0000 0.9991
vn -0.0420 -0.0000 0.9991
vn 0.6922 -0.0000 0.7217
vn 0.2691 0.2691 -0.9248
vn -0.0000 0.3806 -0.9247
vn -0.0000 0.7899 -0.6132
vn 0.5586 0.5586 -0.6131
vn -0.2691 0.2692 -0.9247
vn -0.5586 0.5586 -0.6131
vn -0.3806 -0.0000 -0.9247
vn -0.7899 -0.0000 -0.6132
vn -0.2691 -0.2691 -0.9248
vn -0.5586 -0.5586 -0.6131
vn -0.0000 -0.3806 -0.9247
vn -0.0000 -0.7899 -0.6132
vn 0.2691 -0.2691 -0.9248
vn 0.5586 -0.5586 -0.6131
vn 0.3806 -0.0000 -0.9247
vn 0.7899 -0.0000 -0.6132
vn -0.0000 0.9869 -0.1613
vn 0.6978 0.6978 -0.1613
vn -0.6978 0.6978 -0.1613
vn -0.9869 -0.0000 -0.1613
vn -0.6978 -0.6978 -0.1613
vn -0.0000 -0.9869 -0.1613
vn 0.6979 -0.6979 -0.1613
vn 0.9869 -0.0000 -0.1613
vn -0.0000 0.9559 0.2937
vn 0.6759 0.6759 0.2937
vn -0.6759 0.6759 0.2937
vn -0.9559 -0.0000 0.2937
vn -0.6759 -0.6759 0.2937
vn -0.0000 -0.9559 0.2937
vn 0.6759 -0.6759 0.2937
vn 0.9559 -0.0000 0.2937
vn -0.0000 0.7050 0.7092
vn 0.4985 0.4985 0.7092
vn -0.4985 0.4985 0.7092
vn -0.7050 -0.0000 0.7092
vn -0.4985 -0.4985 0.7092
vn -0.0000 -0.7050 0.7092
vn 0.4985 -0.4985 0.7092
vn 0.7050 -0.0000 0.7092
vn -0.0000 0.3806 0.9247
vn 0.2691 0.2691 0.9247
vn -0.2691 0.2691 0.9247
vn -0.3806 -0.0000 0.9247
vn -0.2691 -0.2691 0.9247
vn -0.0000 -0.3806 0.9247
vn 0.2691 -0.2691 0.9247
vn 0.3806 -0.0000 0.9247
vn -0.9992 -0.0390 -0.0000
vn 0.6760 -0.7369 -0.0000
vn -0.6892 -0.0001 -0.7245
vn 0.5576 -0.4051 0.7245
vn 0.6892 -0.0000 -0.7245
vn 0.6892 -0.0000 0.7245
vn 0.1755 0.7863 0.5924
vn 0.4595 0.5922 0.6620
vn -0.5679 0.2780 0.7748
vn -0.4594 -0.0362 0.8875
vn 0.4594 -0.0362 0.8875
vn 0.5679 0.2780 0.7747
vn 0.2130 0.6555 -0.7246
vn -0.5576 0.4051 -0.7245
vn -0.6892 -0.0001 -0.7246
vn -0.6892 -0.0000 0.7246
vn -0.5575 -0.4051 -0.7246
vn -0.5576 -0.4051 0.7245
vn 0.6892 -0.0001 -0.7246
vn 0.2129 0.6555 -0.7246
vn 0.5575 0.4051 -0.7246
vn -0.5576 -0.4051 -0.7246
vn -0.5575 -0.4051 0.7246
vn -0.2130 -0.6555 -0.7246
vn 0.6892 0.0001 -0.7245
vn 0.6235 0.7818 -0.0000
vn -0.2225 0.9749 -0.0000
vn -0.9010 0.4339 -0.0000
vn -0.9010 -0.4339 -0.0000
vn -0.2225 -0.9749 -0.0000
vn 0.6235 -0.7818 -0.0000
vn -0.2691 0.2691 -0.9248
vn 0.6979 0.6979 -0.1613
vn 0.6978 -0.6978 -0.1613
vn 0.2692 0.2691 0.9247
vn -0.2691 0.2691 0.9248
vt 0.091053 0.560754
vt 0.081515 0.574084
vt 0.070981 0.570516
vt 0.084597 0.551537
vt 0.081401 0.590653
vt 0.070817 0.594089
vt 0.090757 0.604112
vt 0.084139 0.613147
vt 0.105988 0.609327
vt 0.105910 0.620654
vt 0.121290 0.604323
vt 0.127744 0.613540
vt 0.130831 0.590995
vt 0.141367 0.594576
vt 0.130946 0.574425
vt 0.141531 0.570991
vt 0.121592 0.560965
vt 0.128175 0.551837
vt 0.106358 0.555777
vt 0.106436 0.544417
vt 0.133502 0.658986
vt 0.133506 0.685033
vt 0.107868 0.685035
vt 0.107864 0.658988
vt 0.133506 0.711361
vt 0.107867 0.711361
vt 0.133506 0.737408
vt 0.107867 0.737408
vt 0.133506 0.762995
vt 0.107867 0.762995
vt 0.133503 0.658986
vt 0.107864 0.633399
vt 0.133503 0.633399
vt 0.133502 0.633400
vt 0.107864 0.633400
vt 0.128175 0.551838
vt 0.141531 0.570992
vt 0.130946 0.574426
vt 0.141367 0.594575
vt 0.130831 0.590994
vt 0.127744 0.613539
vt 0.121290 0.604322
vt 0.105910 0.620653
vt 0.105988 0.609326
vt 0.084176 0.613238
vt 0.090757 0.604111
vt 0.070817 0.594088
vt 0.070978 0.570505
vt 0.091053 0.560755
vt 0.106358 0.555778
vt 0.097573 0.570135
vt 0.092152 0.577726
vt 0.092087 0.587158
vt 0.097404 0.594823
vt 0.106068 0.597796
vt 0.114772 0.594943
vt 0.120201 0.587370
vt 0.120267 0.577868
vt 0.114944 0.570255
vt 0.106278 0.567283
vt 0.120259 0.577921
vt 0.114944 0.570256
vt 0.120194 0.587352
vt 0.106068 0.597795
vt 0.092152 0.577727
vt 0.097573 0.570136
vt 0.106278 0.567284
vt 0.768146 0.436540
vt 0.757627 0.433172
vt 0.767625 0.418677
vt 0.750927 0.424267
vt 0.750605 0.413227
vt 0.756784 0.404269
vt 0.767104 0.400814
vt 0.777623 0.404182
vt 0.784322 0.413086
vt 0.784644 0.424126
vt 0.778466 0.433085
vt 0.809798 0.307089
vt 0.809559 0.298273
vt 0.852300 0.298238
vt 0.852312 0.307011
vt 0.809311 0.289380
vt 0.852296 0.289383
vt 0.809145 0.280566
vt 0.852300 0.280601
vt 0.809131 0.271881
vt 0.852310 0.271935
vt 0.809387 0.359696
vt 0.809439 0.351000
vt 0.852496 0.350689
vt 0.852565 0.359345
vt 0.809616 0.342176
vt 0.852442 0.341921
vt 0.809815 0.333278
vt 0.852398 0.333071
vt 0.809944 0.324461
vt 0.852361 0.324299
vt 0.809942 0.315775
vt 0.852332 0.315655
vt 0.826633 0.216843
vt 0.816167 0.219253
vt 0.820946 0.257230
vt 0.830655 0.254088
vt 0.804459 0.220857
vt 0.809193 0.258565
vt 0.833812 0.209029
vt 0.838142 0.247060
vt 0.799485 0.307108
vt 0.799474 0.298285
vt 0.799469 0.289387
vt 0.799466 0.280577
vt 0.826198 0.268465
vt 0.836270 0.263723
vt 0.845367 0.257304
vt 0.799661 0.351033
vt 0.799618 0.342222
vt 0.799572 0.333323
vt 0.799534 0.324500
vt 0.799505 0.315804
vt 0.849991 0.245579
vt 0.845701 0.207818
vt 0.556921 0.214190
vt 0.557983 0.207320
vt 0.604150 0.212751
vt 0.602887 0.220666
vt 0.558677 0.200547
vt 0.604984 0.204646
vt 0.559028 0.193604
vt 0.609232 0.196867
vt 0.558680 0.186149
vt 0.610804 0.188978
vt 0.559029 0.193605
vt 0.609231 0.196868
vt 0.558678 0.200548
vt 0.604982 0.204646
vt 0.557983 0.207321
vt 0.604149 0.212752
vt 0.556922 0.214190
vt 0.602885 0.220666
vt 0.555067 0.221419
vt 0.601585 0.228518
vt 0.551060 0.212291
vt 0.551975 0.206368
vt 0.552600 0.200263
vt 0.552903 0.194278
vt 0.552640 0.188867
vt 0.552904 0.194279
vt 0.552600 0.200264
vt 0.551975 0.206369
vt 0.551060 0.212290
vt 0.549708 0.217536
vt 0.527443 0.207832
vt 0.528234 0.203103
vt 0.528720 0.198345
vt 0.528899 0.193553
vt 0.528937 0.188697
vt 0.528900 0.193554
vt 0.528721 0.198345
vt 0.528235 0.203104
vt 0.527444 0.207833
vt 0.526291 0.213082
vt 0.618548 0.215170
vt 0.617264 0.222999
vt 0.222967 0.208537
vt 0.222854 0.215927
vt 0.209461 0.216214
vt 0.209432 0.208824
vt 0.619905 0.197310
vt 0.619572 0.205234
vt 0.620239 0.189385
vt 0.222856 0.215927
vt 0.222969 0.208537
vt 0.209434 0.208824
vt 0.209462 0.216214
vt 0.617263 0.222998
vt 0.618547 0.215171
vt 0.615997 0.230829
vt 0.258693 0.216318
vt 0.258716 0.208927
vt 0.258771 0.195333
vt 0.223109 0.195177
vt 0.258621 0.229929
vt 0.222975 0.229756
vt 0.258717 0.208927
vt 0.258694 0.216318
vt 0.258638 0.229912
vt 0.222974 0.229756
vt 0.258772 0.195333
vt 0.223108 0.195178
vt 0.694212 0.106012
vt 0.700658 0.108299
vt 0.700405 0.054559
vt 0.693951 0.052272
vt 0.688067 0.105056
vt 0.687802 0.051316
vt 0.730309 0.108163
vt 0.730060 0.054422
vt 0.074337 0.626467
vt 0.071442 0.642956
vt 0.098863 0.639914
vt 0.101483 0.624987
vt 0.067876 0.660629
vt 0.095636 0.655917
vt 0.065110 0.678449
vt 0.093133 0.672050
vt 0.064595 0.695186
vt 0.092668 0.687202
vt 0.067473 0.710259
vt 0.095274 0.700853
vt 0.074330 0.723987
vt 0.101483 0.713281
vt 0.050215 0.836588
vt 0.050892 0.818169
vt 0.081790 0.811311
vt 0.081179 0.827989
vt 0.054052 0.798571
vt 0.084649 0.793566
vt 0.058097 0.779134
vt 0.088310 0.775969
vt 0.061400 0.760999
vt 0.091298 0.759544
vt 0.062708 0.744156
vt 0.092482 0.744287
vt 0.061552 0.727301
vt 0.091435 0.729024
vt 0.668331 0.220223
vt 0.668375 0.228443
vt 0.624250 0.228715
vt 0.624200 0.220459
vt 0.668419 0.236663
vt 0.624287 0.236935
vt 0.668232 0.195633
vt 0.668269 0.203853
vt 0.624137 0.204054
vt 0.624100 0.195834
vt 0.668306 0.212074
vt 0.624175 0.212274
vt 0.624200 0.220460
vt 0.624245 0.228679
vt 0.624288 0.236899
vt 0.668270 0.203853
vt 0.624101 0.195834
vt 0.668306 0.212073
vt 0.688923 0.597218
vt 0.683338 0.589609
vt 0.697840 0.584819
vt 0.683294 0.580171
vt 0.688805 0.572508
vt 0.697767 0.569548
vt 0.706757 0.572422
vt 0.712342 0.580031
vt 0.712386 0.589468
vt 0.706875 0.597131
vt 0.697913 0.600091
vt 0.660879 0.125769
vt 0.660904 0.130984
vt 0.517081 0.131696
vt 0.517055 0.126481
vt 0.660830 0.115933
vt 0.660854 0.120859
vt 0.517031 0.121570
vt 0.517007 0.116645
vt 0.660704 0.167683
vt 0.660729 0.172824
vt 0.517616 0.173532
vt 0.517590 0.168391
vt 0.660754 0.177710
vt 0.517640 0.178418
vt 0.660777 0.182572
vt 0.517665 0.183281
vt 0.660930 0.136199
vt 0.517107 0.136910
vt 0.660978 0.146034
vt 0.517156 0.146746
vt 0.517131 0.141820
vt 0.660954 0.141109
vt 0.240408 0.022887
vt 0.244954 0.022864
vt 0.245030 0.038150
vt 0.237689 0.032407
vt 0.517566 0.163250
vt 0.660678 0.162542
vt 0.517541 0.158365
vt 0.660654 0.157656
vt 0.517517 0.153502
vt 0.660630 0.152794
vt 0.252221 0.022829
vt 0.259562 0.022793
vt 0.259635 0.037960
vt 0.252304 0.032275
vt 0.244879 0.007579
vt 0.237595 0.013395
vt 0.259485 0.007626
vt 0.252211 0.013383
vt 0.266826 0.013369
vt 0.264035 0.022771
vt 0.266919 0.032144
vt 0.565997 0.054670
vt 0.625342 0.054329
vt 0.625492 0.082064
vt 0.566154 0.082402
vt 0.681155 0.053296
vt 0.681293 0.081029
vt 0.625640 0.109799
vt 0.681433 0.108762
vt 0.623489 0.018971
vt 0.581234 0.018810
vt 0.581004 0.025054
vt 0.623496 0.025207
vt 0.578401 0.007135
vt 0.540612 0.006920
vt 0.578547 0.013382
vt 0.543625 0.045104
vt 0.497540 0.070739
vt 0.529726 0.068773
vt 0.540544 0.022462
vt 0.498074 0.090587
vt 0.530320 0.090815
vt 0.578391 0.032167
vt 0.545473 0.113702
vt 0.540355 0.038002
vt 0.624125 0.027019
vt 0.581635 0.027578
vt 0.581926 0.033820
vt 0.624177 0.033254
vt 0.578143 0.038410
vt 0.664751 0.004487
vt 0.644415 0.017308
vt 0.612302 0.013226
vt 0.612268 0.004700
vt 0.716597 0.004224
vt 0.716706 0.025541
vt 0.664962 0.047107
vt 0.644499 0.034486
vt 0.716808 0.046857
vt 0.612478 0.047411
vt 0.612428 0.038885
vt 0.720890 0.021830
vt 0.720548 0.003233
vt 0.741952 0.002839
vt 0.742293 0.021435
vt 0.721232 0.040426
vt 0.742636 0.040032
vt 0.763355 0.002446
vt 0.763697 0.021042
vt 0.764039 0.039639
vt 0.642103 0.033200
vt 0.642082 0.026965
vt 0.566103 0.111393
vt 0.560354 0.084021
vt 0.560082 0.073941
vt 0.564349 0.046298
vt 0.641454 0.025092
vt 0.641415 0.018857
vt 0.836796 0.128298
vt 0.836672 0.114825
vt 0.844655 0.114751
vt 0.844779 0.128225
vt 0.704234 0.220348
vt 0.691410 0.214558
vt 0.708670 0.207078
vt 0.712693 0.217393
vt 0.726496 0.207002
vt 0.722568 0.217351
vt 0.743833 0.214308
vt 0.731056 0.220228
vt 0.679737 0.204539
vt 0.705627 0.194705
vt 0.729417 0.194613
vt 0.755422 0.204152
vt 0.671355 0.190797
vt 0.703564 0.181467
vt 0.731342 0.181384
vt 0.763671 0.190275
vt 0.668831 0.182452
vt 0.702199 0.167569
vt 0.732597 0.167452
vt 0.767589 0.174757
vt 0.667492 0.165524
vt 0.701611 0.158827
vt 0.733172 0.158662
vt 0.767366 0.165130
vt 0.717712 0.113372
vt 0.725466 0.114547
vt 0.737389 0.120366
vt 0.714107 0.122557
vt 0.747349 0.130238
vt 0.715811 0.133205
vt 0.754369 0.143199
vt 0.717961 0.146620
vt 0.757755 0.157981
vt 0.719633 0.153969
vt 0.722856 0.221994
vt 0.712515 0.222041
vt 0.707932 0.114298
vt 0.700464 0.116911
vt 0.689843 0.124862
vt 0.681910 0.136426
vt 0.677444 0.150473
vt 0.676171 0.158105
vt 0.877338 0.114450
vt 0.877462 0.127924
vt 0.914562 0.114107
vt 0.914686 0.127581
vt 0.836547 0.101351
vt 0.844530 0.101278
vt 0.743834 0.214309
vt 0.705627 0.194706
vt 0.679738 0.204539
vt 0.729417 0.194612
vt 0.703563 0.181467
vt 0.732598 0.167452
vt 0.701612 0.158828
vt 0.717711 0.113371
vt 0.714108 0.122556
vt 0.737389 0.120365
vt 0.725466 0.114546
vt 0.717961 0.146621
vt 0.754369 0.143200
vt 0.719633 0.153970
vt 0.757756 0.157982
vt 0.707932 0.114297
vt 0.700464 0.116910
vt 0.689843 0.124861
vt 0.677445 0.150474
vt 0.676171 0.158106
vt 0.877213 0.100977
vt 0.914438 0.100634
vt 0.236522 0.516660
vt 0.229129 0.516669
vt 0.228382 0.283472
vt 0.235636 0.283438
vt 0.221737 0.516679
vt 0.221128 0.283506
vt 0.258700 0.516630
vt 0.251308 0.516640
vt 0.251000 0.283783
vt 0.258392 0.283773
vt 0.243915 0.516650
vt 0.243607 0.283793
vt 0.236523 0.516660
vt 0.235637 0.283438
vt 0.229130 0.516669
vt 0.228383 0.283472
vt 0.250999 0.283783
vt 0.243915 0.516651
vt 0.286512 0.351704
vt 0.294704 0.357656
vt 0.281449 0.367287
vt 0.276385 0.351704
vt 0.268193 0.357656
vt 0.265064 0.367287
vt 0.268193 0.376918
vt 0.276385 0.382870
vt 0.286512 0.382870
vt 0.294704 0.376918
vt 0.297833 0.367287
vt 0.374125 0.229436
vt 0.366497 0.234978
vt 0.361783 0.220469
vt 0.357069 0.234978
vt 0.349440 0.229436
vt 0.346527 0.220469
vt 0.349440 0.211501
vt 0.357069 0.205959
vt 0.366497 0.205959
vt 0.374125 0.211501
vt 0.377039 0.220469
vt 0.664189 0.655673
vt 0.667056 0.656482
vt 0.634518 0.770535
vt 0.631666 0.769730
vt 0.669925 0.657291
vt 0.637369 0.771338
vt 0.672796 0.658100
vt 0.640220 0.772141
vt 0.675665 0.658908
vt 0.643072 0.772943
vt 0.678531 0.659715
vt 0.645924 0.773746
vt 0.681399 0.660524
vt 0.648775 0.774549
vt 0.684259 0.661338
vt 0.651628 0.775355
vt 0.661330 0.654861
vt 0.628812 0.768922
vt 0.613130 0.673304
vt 0.606595 0.676011
vt 0.606595 0.666769
vt 0.600061 0.673304
vt 0.597354 0.666769
vt 0.600060 0.660234
vt 0.606595 0.657527
vt 0.613130 0.660234
vt 0.615837 0.666769
vt 0.629242 0.778314
vt 0.632098 0.779117
vt 0.626726 0.798450
vt 0.623870 0.797647
vt 0.634953 0.779920
vt 0.629581 0.799252
vt 0.637808 0.780724
vt 0.632436 0.800056
vt 0.640664 0.781527
vt 0.635292 0.800859
vt 0.643518 0.782330
vt 0.638150 0.801663
vt 0.646373 0.783132
vt 0.641011 0.802464
vt 0.649231 0.783930
vt 0.643871 0.803260
vt 0.626384 0.777512
vt 0.621012 0.796850
vt 0.733678 0.478195
vt 0.726702 0.489634
vt 0.715745 0.462312
vt 0.722720 0.450873
vt 0.047200 0.915708
vt 0.056872 0.917774
vt 0.058648 0.936422
vt 0.044921 0.936541
vt 0.050572 0.895939
vt 0.058980 0.900142
vt 0.060345 0.878459
vt 0.066825 0.885018
vt 0.076486 0.866306
vt 0.080002 0.874708
vt 0.096359 0.862084
vt 0.096258 0.871152
vt 0.116133 0.866748
vt 0.112430 0.875069
vt 0.131998 0.879257
vt 0.125374 0.885671
vt 0.141379 0.896952
vt 0.132880 0.900967
vt 0.144309 0.916791
vt 0.134594 0.918641
vt 0.146123 0.937670
vt 0.132403 0.937245
vt 0.069990 0.917547
vt 0.074144 0.930411
vt 0.070677 0.904652
vt 0.075936 0.893646
vt 0.084976 0.886265
vt 0.096117 0.883743
vt 0.107200 0.886513
vt 0.116073 0.894094
vt 0.121084 0.905214
vt 0.121484 0.918121
vt 0.117044 0.930890
vt 0.083425 0.914601
vt 0.086591 0.920483
vt 0.083280 0.907950
vt 0.085776 0.902094
vt 0.090327 0.898163
vt 0.095971 0.896828
vt 0.101584 0.898289
vt 0.106047 0.902321
vt 0.108411 0.908231
vt 0.108118 0.914876
vt 0.104822 0.920686
vt 0.095833 0.909216
vt 0.031380 0.929363
vt 0.034876 0.911970
vt 0.039766 0.890851
vt 0.052028 0.870462
vt 0.071969 0.855877
vt 0.096486 0.850769
vt 0.120882 0.856423
vt 0.140492 0.871448
vt 0.152296 0.892106
vt 0.156714 0.913328
vt 0.159821 0.930795
vt 0.928994 0.824224
vt 0.925440 0.828964
vt 0.922962 0.829021
vt 0.926244 0.823434
vt 0.945674 0.853780
vt 0.932807 0.853798
vt 0.934049 0.849785
vt 0.944281 0.849780
vt 0.953340 0.828990
vt 0.949872 0.824189
vt 0.952649 0.823331
vt 0.955819 0.829040
vt 0.777419 0.235326
vt 0.852707 0.183040
vt 0.850703 0.169545
vt 0.773336 0.196305
vt 0.267344 0.224495
vt 0.261814 0.213332
vt 0.348737 0.187632
vt 0.352369 0.193694
vt 0.270539 0.173199
vt 0.351681 0.170770
vt 0.011527 0.434512
vt 0.038932 0.422333
vt 0.039734 0.446198
vt 0.004866 0.420044
vt 0.038074 0.399924
vt 0.072562 0.420815
vt 0.073717 0.436008
vt 0.071534 0.402460
vt 0.103038 0.422932
vt 0.105755 0.415489
vt 0.849655 0.139361
vt 0.769518 0.116083
vt 0.770745 0.156299
vt 0.850059 0.153790
vt 0.362770 0.138347
vt 0.360460 0.140930
vt 0.292465 0.094710
vt 0.297851 0.087733
vt 0.355571 0.156440
vt 0.280316 0.134867
vt 0.499883 0.182015
vt 0.512726 0.186902
vt 0.502940 0.193296
vt 0.512046 0.200626
vt 0.498782 0.204220
vt 0.491266 0.192717
vt 0.383783 0.862880
vt 0.385877 0.843310
vt 0.394727 0.843146
vt 0.394199 0.863484
vt 0.380932 0.889734
vt 0.391156 0.890849
vt 0.378064 0.917568
vt 0.380026 0.917017
vt 0.348516 0.859116
vt 0.355839 0.839504
vt 0.921656 0.778311
vt 0.941445 0.783565
vt 0.942522 0.750317
vt 0.922598 0.749664
vt 0.336427 0.885546
vt 0.968175 0.793779
vt 0.969525 0.751183
vt 0.326017 0.905545
vt 0.348916 0.915078
vt 0.989451 0.804493
vt 0.996913 0.781169
vt 0.325609 0.907510
vt 0.348427 0.916811
vt 0.373097 0.822033
vt 0.388398 0.824878
vt 0.903585 0.749084
vt 0.902628 0.764306
vt 0.390934 0.824273
vt 0.920371 0.799845
vt 0.914189 0.782678
vt 0.904366 0.778376
vt 0.903806 0.783942
vt 0.351513 0.831551
vt 0.335282 0.835084
vt 0.353786 0.821553
vt 0.358409 0.822271
vt 0.901061 0.748951
vt 0.900273 0.764474
vt 0.901919 0.779283
vt 0.377802 0.919446
vt 0.997727 0.752072
vt 0.770154 0.397949
vt 0.770575 0.389318
vt 0.774492 0.389522
vt 0.774014 0.398150
vt 0.796663 0.382748
vt 0.788024 0.382567
vt 0.788242 0.372080
vt 0.796790 0.372165
vt 0.774782 0.355601
vt 0.774866 0.364242
vt 0.770941 0.364266
vt 0.770918 0.355625
vt 0.748690 0.371320
vt 0.757331 0.371478
vt 0.757137 0.381966
vt 0.748358 0.381698
vt 0.770916 0.382315
vt 0.771123 0.371652
vt 0.775029 0.372032
vt 0.774832 0.382087
vt 0.770718 0.385673
vt 0.774565 0.385979
vt 0.784883 0.372596
vt 0.784692 0.381913
vt 0.781387 0.383231
vt 0.781636 0.370947
vt 0.774912 0.368132
vt 0.771056 0.368288
vt 0.760843 0.382034
vt 0.761040 0.371546
vt 0.764504 0.369870
vt 0.764197 0.383412
vt 0.777974 0.385974
vt 0.777973 0.389290
vt 0.778331 0.372343
vt 0.778022 0.381816
vt 0.778163 0.368193
vt 0.767366 0.368360
vt 0.767209 0.364319
vt 0.767066 0.382057
vt 0.767271 0.371554
vt 0.767034 0.385458
vt 0.774013 0.398150
vt 0.770574 0.389318
vt 0.796662 0.382748
vt 0.796789 0.372165
vt 0.788241 0.372080
vt 0.770942 0.364266
vt 0.775028 0.372032
vt 0.784882 0.372596
vt 0.781387 0.383232
vt 0.784692 0.381914
vt 0.146608 0.699417
vt 0.139344 0.699336
vt 0.139387 0.695472
vt 0.146650 0.695552
vt 0.146768 0.685064
vt 0.139504 0.684982
vt 0.139547 0.681118
vt 0.146811 0.681199
vt 0.778330 0.372343
vt 0.778163 0.368192
vt 0.794333 0.830005
vt 0.797685 0.823107
vt 0.728475 0.821406
vt 0.728690 0.830773
vt 0.611844 0.815754
vt 0.614119 0.826094
vt 0.674296 0.833864
vt 0.673513 0.825840
vt 0.678745 0.905165
vt 0.624276 0.916555
vt 0.627055 0.934411
vt 0.685572 0.918033
vt 0.622684 0.881335
vt 0.625112 0.905062
vt 0.679420 0.897633
vt 0.676880 0.879683
vt 0.618120 0.849687
vt 0.673519 0.854290
vt 0.859701 0.988214
vt 0.864074 0.955521
vt 0.780395 0.959721
vt 0.778009 0.987293
vt 0.863490 0.889422
vt 0.781920 0.906887
vt 0.372766 0.996836
vt 0.379257 0.993103
vt 0.381676 0.931306
vt 0.376989 0.931054
vt 0.384589 0.990868
vt 0.386358 0.931372
vt 0.328690 0.974234
vt 0.335883 0.979584
vt 0.336197 0.928115
vt 0.331829 0.927860
vt 0.323250 0.970644
vt 0.327368 0.927546
vt 0.825008 0.880862
vt 0.812162 0.880078
vt 0.799622 0.836409
vt 0.809186 0.833986
vt 0.843071 0.883583
vt 0.831931 0.828230
vt 0.858765 0.885845
vt 0.841493 0.825809
vt 0.346727 0.988867
vt 0.345493 0.928791
vt 0.377474 0.925547
vt 0.381917 0.926752
vt 0.382794 0.922119
vt 0.576953 0.809043
vt 0.578083 0.800557
vt 0.581909 0.801066
vt 0.580774 0.809631
vt 0.605368 0.793933
vt 0.596727 0.793954
vt 0.596703 0.783464
vt 0.605343 0.783444
vt 0.580742 0.767856
vt 0.581865 0.776418
vt 0.578040 0.776931
vt 0.576911 0.768359
vt 0.556308 0.783533
vt 0.564948 0.783523
vt 0.564961 0.794013
vt 0.556320 0.794023
vt 0.578761 0.794110
vt 0.578740 0.783379
vt 0.582723 0.783614
vt 0.582744 0.793863
vt 0.593384 0.783472
vt 0.593407 0.793962
vt 0.586036 0.794020
vt 0.586015 0.783446
vt 0.568670 0.794007
vt 0.568654 0.783518
vt 0.575017 0.783549
vt 0.575036 0.793953
vt 0.585247 0.801436
vt 0.585201 0.776034
vt 0.574400 0.777299
vt 0.574442 0.800204
vt 0.580775 0.809632
vt 0.578083 0.800558
vt 0.605344 0.783444
vt 0.556307 0.783533
vt 0.556319 0.794023
vt 0.564947 0.783523
vt 0.582723 0.783615
vt 0.586036 0.794021
vt 0.568653 0.783518
vt 0.575035 0.793953
vt 0.147106 0.654717
vt 0.139842 0.654636
vt 0.139885 0.650771
vt 0.147149 0.650852
vt 0.147266 0.640363
vt 0.140003 0.640282
vt 0.140045 0.636418
vt 0.147308 0.636498
vt 0.574441 0.800205
vt 0.332095 0.923265
vt 0.336244 0.922580
vt 0.331057 0.918944
vt 0.778335 0.364587
vt 0.766718 0.389284
vt 0.674407 0.814524
vt 0.613755 0.801890
vt 0.729715 0.837776
vt 0.731751 0.838190
vt 0.383783 0.862879
vt 0.385877 0.843309
vt 0.394727 0.843145
vt 0.394199 0.863483
vt 0.380932 0.889733
vt 0.378064 0.917567
vt 0.676231 0.834463
vt 0.688755 0.879120
vt 0.691001 0.897170
vt 0.736576 0.893129
vt 0.733319 0.877657
vt 0.684211 0.854119
vt 0.729125 0.855277
vt 0.791999 0.835397
vt 0.747700 0.874679
vt 0.751742 0.889812
vt 0.805856 0.878464
vt 0.802212 0.866607
vt 0.740683 0.853248
vt 0.796657 0.849901
vt 0.707026 0.991894
vt 0.709512 0.967644
vt 0.620648 0.978773
vt 0.619619 0.997901
vt 0.710433 0.921404
vt 0.620990 0.942188
vt 0.348516 0.859115
vt 0.355839 0.839503
vt 0.921655 0.778311
vt 0.942521 0.750317
vt 0.922596 0.749665
vt 0.336427 0.885545
vt 0.968174 0.793779
vt 0.969524 0.751183
vt 0.348916 0.915077
vt 0.989450 0.804493
vt 0.325609 0.907509
vt 0.348427 0.916810
vt 0.809646 0.883875
vt 0.752800 0.896756
vt 0.749502 0.909806
vt 0.813419 0.892200
vt 0.373097 0.822031
vt 0.388398 0.824877
vt 0.390934 0.824272
vt 0.920370 0.799845
vt 0.914188 0.782677
vt 0.351513 0.831550
vt 0.335282 0.835083
vt 0.353786 0.821552
vt 0.358409 0.822270
vt 0.901060 0.748951
vt 0.386525 0.925891
vt 0.327830 0.922058
vt 0.797994 0.830850
vt 0.807300 0.828490
vt 0.830797 0.822548
vt 0.840102 0.820191
vt 0.345354 0.923251
vt 0.368383 0.924920
vt 0.377802 0.919445
vt 0.997727 0.752073
vt 0.691757 0.904994
vt 0.686205 0.920251
vt 0.739420 0.912578
vt 0.736519 0.900313
vt 0.601923 0.798101
vt 0.599599 0.812841
vt 0.603357 0.823402
vt 0.612062 0.917430
vt 0.617114 0.934872
vt 0.614846 0.909316
vt 0.872403 0.995384
vt 0.877404 0.957801
vt 0.613672 0.884739
vt 0.608470 0.849107
vt 0.878865 0.881390
vt 0.446841 0.236905
vt 0.438824 0.259537
vt 0.416214 0.233804
vt 0.398901 0.256173
vt 0.416514 0.285307
vt 0.360535 0.243787
vt 0.380425 0.233635
vt 0.421331 0.317213
vt 0.349974 0.273256
vt 0.411729 0.341940
vt 0.341457 0.286816
vt 0.449125 0.322590
vt 0.441635 0.354176
vt 0.476095 0.271373
vt 0.450570 0.292268
vt 0.489364 0.247695
vt 0.487283 0.364930
vt 0.487804 0.337045
vt 0.532127 0.337065
vt 0.532956 0.367571
vt 0.496282 0.301205
vt 0.517201 0.259006
vt 0.555774 0.272217
vt 0.546015 0.301263
vt 0.581852 0.360170
vt 0.582711 0.334970
vt 0.587042 0.302219
vt 0.588593 0.280304
vt 0.609355 0.358791
vt 0.607973 0.339351
vt 0.614105 0.304211
vt 0.635501 0.311238
vt 0.615360 0.286655
vt 0.637141 0.284614
vt 0.670239 0.306092
vt 0.655025 0.325239
vt 0.670842 0.375564
vt 0.670332 0.352362
vt 0.703249 0.320719
vt 0.672606 0.280343
vt 0.711206 0.276255
vt 0.419705 0.213521
vt 0.453851 0.208364
vt 0.708618 0.371744
vt 0.744539 0.313224
vt 0.745701 0.266372
vt 0.807549 0.393733
vt 0.816182 0.401280
vt 0.811950 0.416060
vt 0.804113 0.410682
vt 0.800526 0.408671
vt 0.802861 0.393845
vt 0.805342 0.377300
vt 0.819208 0.384551
vt 0.801062 0.380413
vt 0.737524 0.430567
vt 0.741765 0.417938
vt 0.745920 0.420238
vt 0.742695 0.429364
vt 0.744622 0.440297
vt 0.753610 0.444245
vt 0.739188 0.447381
vt 0.747151 0.436859
vt 0.756250 0.440427
vt 0.767088 0.445443
vt 0.768057 0.457101
vt 0.765936 0.441150
vt 0.778692 0.441194
vt 0.784856 0.449839
vt 0.776059 0.437721
vt 0.794600 0.441783
vt 0.799198 0.446851
vt 0.788254 0.454966
vt 0.787560 0.435046
vt 0.785126 0.431881
vt 0.797322 0.425462
vt 0.804779 0.430198
vt 0.793977 0.421987
vt 0.811016 0.433841
vt 0.504622 0.208397
vt 0.619411 0.257137
vt 0.595880 0.251282
vt 0.560727 0.806078
vt 0.544564 0.782414
vt 0.540540 0.821264
vt 0.570015 0.238262
vt 0.529707 0.867904
vt 0.533350 0.892117
vt 0.579979 0.880936
vt 0.561532 0.850627
vt 0.539884 0.221211
vt 0.578368 0.826484
vt 0.605691 0.862706
vt 0.594163 0.844626
vt 0.651109 0.246092
vt 0.686981 0.234892
vt 0.720045 0.226348
vt 0.747484 0.222217
vt 0.609093 0.919382
vt 0.607672 0.890152
vt 0.585451 0.922287
vt 0.610482 0.945175
vt 0.536781 0.926404
vt 0.532311 0.960246
vt 0.576323 0.961437
vt 0.613336 0.965805
vt 0.497273 0.832817
vt 0.488752 0.058115
vt 0.477062 0.012761
vt 0.436230 0.007358
vt 0.438682 0.049030
vt 0.395117 0.017914
vt 0.402623 0.046595
vt 0.366028 0.023739
vt 0.372133 0.048023
vt 0.329230 0.024946
vt 0.338728 0.049232
vt 0.314057 0.028370
vt 0.321608 0.043895
vt 0.294776 0.013412
vt 0.282788 0.008626
vt 0.272728 0.036272
vt 0.300551 0.042142
vt 0.490206 0.921779
vt 0.487104 0.957888
vt 0.494059 0.886632
vt 0.265653 0.061969
vt 0.295229 0.069611
vt 0.374423 0.505850
vt 0.348895 0.512025
vt 0.340455 0.458017
vt 0.356796 0.452868
vt 0.317380 0.072287
vt 0.441975 0.073027
vt 0.490969 0.087643
vt 0.411233 0.070744
vt 0.409930 0.084863
vt 0.439586 0.086347
vt 0.378678 0.068961
vt 0.345120 0.069170
vt 0.377080 0.082594
vt 0.347676 0.083788
vt 0.753098 0.360264
vt 0.777057 0.256859
vt 0.783869 0.299654
vt 0.794593 0.342339
vt 0.809432 0.372433
vt 0.837671 0.370652
vt 0.731313 0.445400
vt 0.735923 0.416370
vt 0.323490 0.086582
vt 0.349941 0.101915
vt 0.351764 0.110441
vt 0.385221 0.122014
vt 0.382497 0.103730
vt 0.819098 0.417756
vt 0.824718 0.401059
vt 0.822364 0.385982
vt 0.771397 0.460732
vt 0.541811 0.728505
vt 0.555837 0.741181
vt 0.558536 0.742165
vt 0.561681 0.723526
vt 0.770756 0.218180
vt 0.538129 0.703945
vt 0.557693 0.702652
vt 0.614648 0.984553
vt 0.579150 0.988268
vt 0.536520 0.991643
vt 0.531230 0.678065
vt 0.554273 0.677671
vt 0.490908 0.991340
vt 0.552068 0.647404
vt 0.524600 0.646927
vt 0.524570 0.619240
vt 0.551639 0.615098
vt 0.488642 0.660041
vt 0.487354 0.618427
vt 0.523418 0.807885
vt 0.539721 0.809383
vt 0.535099 0.795745
vt 0.534797 0.785208
vt 0.522627 0.786903
vt 0.489132 0.789396
vt 0.486875 0.806773
vt 0.537290 0.772184
vt 0.522040 0.771322
vt 0.488484 0.772233
vt 0.542042 0.759767
vt 0.524054 0.758503
vt 0.490439 0.755067
vt 0.525082 0.733459
vt 0.547093 0.747692
vt 0.504350 0.704197
vt 0.492764 0.731524
vt 0.465806 0.788118
vt 0.465849 0.806425
vt 0.014441 0.375314
vt 0.032255 0.360857
vt 0.034615 0.377910
vt 0.027971 0.391849
vt 0.465494 0.773074
vt 0.005428 0.403420
vt 0.458401 0.751263
vt 0.452233 0.727934
vt 0.444941 0.699561
vt 0.442360 0.656355
vt 0.443989 0.615111
vt 0.059259 0.356062
vt 0.058652 0.378786
vt 0.420015 0.807050
vt 0.463914 0.810586
vt 0.464592 0.798114
vt 0.426736 0.794770
vt 0.416684 0.821270
vt 0.462290 0.827029
vt 0.377274 0.817028
vt 0.384057 0.814815
vt 0.381797 0.800900
vt 0.323911 0.796975
vt 0.327176 0.811958
vt 0.385374 0.787947
vt 0.327676 0.782530
vt 0.391403 0.652905
vt 0.389506 0.611183
vt 0.390895 0.698082
vt 0.388940 0.722451
vt 0.389705 0.747336
vt 0.418577 0.788081
vt 0.464626 0.790598
vt 0.386107 0.771707
vt 0.332959 0.609834
vt 0.337845 0.650655
vt 0.339348 0.693201
vt 0.337908 0.717122
vt 0.338964 0.745042
vt 0.336112 0.767808
vt 0.285578 0.788888
vt 0.282268 0.803028
vt 0.286728 0.774131
vt 0.231439 0.788614
vt 0.240034 0.774723
vt 0.184860 0.766802
vt 0.184541 0.776044
vt 0.194839 0.777741
vt 0.201141 0.761151
vt 0.203238 0.758146
vt 0.178820 0.758594
vt 0.179065 0.761353
vt 0.169875 0.763782
vt 0.168772 0.759349
vt 0.160128 0.762732
vt 0.161919 0.767835
vt 0.148214 0.768507
vt 0.151291 0.772087
vt 0.180581 0.747925
vt 0.204858 0.747159
vt 0.168177 0.742520
vt 0.142932 0.750738
vt 0.156591 0.745213
vt 0.138493 0.746834
vt 0.148144 0.732848
vt 0.154563 0.713647
vt 0.277317 0.611453
vt 0.299980 0.648779
vt 0.242501 0.761994
vt 0.199753 0.710312
vt 0.156546 0.653961
vt 0.194673 0.668887
vt 0.296848 0.690821
vt 0.192335 0.633435
vt 0.253039 0.647519
vt 0.249003 0.682266
vt 0.281455 0.759040
vt 0.293976 0.741255
vt 0.245085 0.724919
vt 0.294206 0.711247
vt 0.458856 0.091667
vt 0.186199 0.597348
vt 0.156412 0.611394
vt 0.254414 0.582971
vt 0.144452 0.552168
vt 0.176316 0.540714
vt 0.327663 0.585172
vt 0.245562 0.520147
vt 0.389025 0.585310
vt 0.323777 0.517244
vt 0.443149 0.587749
vt 0.385828 0.518401
vt 0.485860 0.589296
vt 0.448147 0.520936
vt 0.520465 0.589683
vt 0.490566 0.524605
vt 0.524228 0.528292
vt 0.551336 0.590222
vt 0.462224 0.957881
vt 0.455584 0.990596
vt 0.558290 0.532131
vt 0.465127 0.920140
vt 0.391066 0.984687
vt 0.393252 0.949744
vt 0.468528 0.835381
vt 0.465899 0.878796
vt 0.395609 0.911999
vt 0.398885 0.873236
vt 0.456195 0.118938
vt 0.436845 0.110419
vt 0.434428 0.129734
vt 0.455860 0.147104
vt 0.501101 0.138470
vt 0.476033 0.124858
vt 0.476112 0.162604
vt 0.437704 0.834516
vt 0.387610 0.492869
vt 0.367697 0.454879
vt 0.396394 0.471259
vt 0.392272 0.482709
vt 0.332301 0.100765
vt 0.340276 0.112876
vt 0.740352 0.816849
vt 0.774105 0.818567
vt 0.788636 0.634777
vt 0.762319 0.632288
vt 0.823817 0.819214
vt 0.824535 0.635419
vt 0.269008 0.106265
vt 0.260472 0.104168
vt 0.245754 0.069759
vt 0.250713 0.066714
vt 0.068608 0.222651
vt 0.064808 0.225279
vt 0.043085 0.142706
vt 0.044724 0.142429
vt 0.054014 0.250997
vt 0.039396 0.142710
vt 0.048919 0.252814
vt 0.034942 0.144210
vt 0.029941 0.253685
vt 0.029654 0.144580
vt 0.008840 0.254126
vt 0.020709 0.137131
vt 0.087830 0.290686
vt 0.080994 0.284376
vt 0.265220 0.111364
vt 0.042642 0.133257
vt 0.231237 0.036065
vt 0.231766 0.041662
vt 0.096479 0.334471
vt 0.087840 0.335677
vt 0.074549 0.285471
vt 0.076149 0.337043
vt 0.057768 0.281987
vt 0.850489 0.027306
vt 0.845226 0.025883
vt 0.852243 0.014689
vt 0.855634 0.016929
vt 0.051205 0.276446
vt 0.033115 0.338951
vt 0.004923 0.336202
vt 0.990963 0.003822
vt 0.997540 0.006494
vt 0.853547 0.013532
vt 0.994799 0.045620
vt 0.984037 0.113430
vt 0.826636 0.074841
vt 0.830124 0.068620
vt 0.990603 0.107784
vt 0.004265 0.015402
vt 0.141722 0.006324
vt 0.149052 0.016955
vt 0.009115 0.045059
vt 0.476096 0.271373
vt 0.446841 0.236906
vt 0.701389 0.506792
vt 0.722352 0.505244
vt 0.726347 0.521678
vt 0.707198 0.531755
vt 0.673461 0.532433
vt 0.690938 0.548142
vt 0.680769 0.576288
vt 0.644523 0.551568
vt 0.667104 0.508414
vt 0.629878 0.510710
vt 0.604203 0.551066
vt 0.595613 0.506860
vt 0.807549 0.393732
vt 0.811951 0.416060
vt 0.744623 0.440297
vt 0.756250 0.440426
vt 0.570015 0.238263
vt 0.681062 0.472608
vt 0.713520 0.476704
vt 0.613740 0.465268
vt 0.645603 0.468269
vt 0.587835 0.465266
vt 0.645967 0.440138
vt 0.696331 0.441384
vt 0.650205 0.381296
vt 0.691758 0.383649
vt 0.600974 0.421887
vt 0.610669 0.369600
vt 0.497273 0.832816
vt 0.331218 0.881796
vt 0.288975 0.859096
vt 0.298516 0.821239
vt 0.333503 0.837789
vt 0.256899 0.846083
vt 0.258400 0.818501
vt 0.228554 0.838553
vt 0.230121 0.815139
vt 0.198634 0.830685
vt 0.196087 0.805933
vt 0.182716 0.820772
vt 0.181254 0.804154
vt 0.167434 0.785746
vt 0.165053 0.813199
vt 0.141625 0.800516
vt 0.157909 0.778375
vt 0.152748 0.836374
vt 0.128374 0.821590
vt 0.293714 0.506611
vt 0.314340 0.446028
vt 0.333024 0.451277
vt 0.323203 0.513642
vt 0.169614 0.844223
vt 0.319862 0.907615
vt 0.285813 0.881205
vt 0.257962 0.869482
vt 0.250192 0.886799
vt 0.278367 0.896876
vt 0.266825 0.917691
vt 0.237685 0.903803
vt 0.228522 0.858779
vt 0.198815 0.849985
vt 0.212180 0.900863
vt 0.220082 0.876144
vt 0.194816 0.863649
vt 0.564769 0.544494
vt 0.564385 0.502858
vt 0.783870 0.299654
vt 0.809432 0.372432
vt 0.168000 0.859984
vt 0.190704 0.887430
vt 0.561701 0.723841
vt 0.558404 0.742455
vt 0.565181 0.464233
vt 0.538130 0.703945
vt 0.568431 0.420215
vt 0.572419 0.368720
vt 0.525023 0.733475
vt 0.546916 0.747888
vt 0.102981 0.377672
vt 0.088591 0.393460
vt 0.082702 0.379187
vt 0.085967 0.362288
vt 0.110478 0.406217
vt 0.299981 0.648779
vt 0.455585 0.990596
vt 0.468529 0.835381
vt 0.298048 0.922797
vt 0.284726 0.935738
vt 0.295791 0.954847
vt 0.294246 0.997806
vt 0.274366 0.981869
vt 0.283536 0.957705
vt 0.402293 0.833947
vt 0.280805 0.492216
vt 0.302395 0.448673
vt 0.276097 0.479443
vt 0.267458 0.453502
vt 0.275500 0.439041
vt 0.284810 0.419262
vt 0.168705 0.889741
vt 0.080993 0.284376
vt 0.076148 0.337043
vt 0.063790 0.330904
vt 0.057070 0.332493
vt 0.740352 0.816850
vt 0.762319 0.632289
vt 0.824626 0.635475
vt 0.233560 0.036235
vt 0.068607 0.222651
vt 0.043084 0.142706
vt 0.064807 0.225279
vt 0.054013 0.250997
vt 0.048918 0.252814
vt 0.029940 0.253685
vt 0.822936 0.066408
vt 0.051204 0.276446
vt 0.022447 0.114904
vt 0.173853 0.055970
vt 0.363486 0.136233
vt 0.338014 0.436013
vt 0.354971 0.435448
vt 0.343532 0.391373
vt 0.361330 0.392711
vt 0.395919 0.435981
vt 0.409157 0.146025
vt 0.410462 0.128006
vt 0.377699 0.404539
vt 0.361090 0.352386
vt 0.376413 0.367437
vt 0.410212 0.104004
vt 0.425071 0.112610
vt 0.426069 0.120219
vt 0.408811 0.110032
vt 0.408346 0.119969
vt 0.388863 0.118049
vt 0.390538 0.107296
vt 0.314098 0.432728
vt 0.334366 0.425563
vt 0.190283 0.912951
vt 0.187263 0.905971
vt 0.128382 0.775473
vt 0.113817 0.772397
vt 0.110855 0.787458
vt 0.131051 0.788937
vt 0.126480 0.815809
vt 0.107789 0.806837
vt 0.103155 0.836441
vt 0.119751 0.833750
vt 0.301064 0.396283
vt 0.324505 0.375114
vt 0.305689 0.377766
vt 0.320524 0.329541
vt 0.301111 0.349547
vt 0.260886 0.956849
vt 0.263511 0.944464
vt 0.233345 0.991711
vt 0.237410 0.968488
vt 0.255010 0.972944
vt 0.254639 0.938210
vt 0.201398 0.977848
vt 0.179076 0.939490
vt 0.201769 0.945165
vt 0.219143 0.960151
vt 0.215210 0.924030
vt 0.205636 0.931922
vt 0.231142 0.927128
vt 0.094805 0.768454
vt 0.090690 0.785985
vt 0.087810 0.805141
vt 0.085805 0.829336
vt 0.171569 0.910524
vt 0.343219 0.352262
vt 0.316311 0.965467
vt 0.320542 0.995539
vt 0.508505 0.174508
vt 0.482386 0.182603
vt 0.039726 0.132867
vt 0.035733 0.131551
vt 0.029835 0.132159
vt 0.045677 0.858186
vt 0.045606 0.844353
vt 0.028505 0.844437
vt 0.028575 0.858271
vt 0.044595 0.831977
vt 0.027494 0.832061
vt 0.045193 0.818711
vt 0.028092 0.818791
vt 0.044780 0.807588
vt 0.027679 0.807665
vt 0.044464 0.792541
vt 0.027363 0.792616
vt 0.045606 0.844352
vt 0.027495 0.832060
vt 0.045193 0.818710
vt 0.009715 0.844528
vt 0.009785 0.858364
vt 0.008704 0.832151
vt 0.009301 0.818879
vt 0.008888 0.807750
vt 0.008573 0.792698
vt 0.008704 0.832150
vt 0.009301 0.818878
vt 0.008888 0.807749
vt 0.005196 0.931042
vt 0.003351 0.916615
vt 0.024390 0.916795
vt 0.018463 0.927528
vt 0.025333 0.903635
vt 0.003017 0.903937
vt 0.018609 0.894936
vt 0.005009 0.888675
vt 0.058118 0.398825
vt 0.401325 0.461838
vt 0.177054 0.961793
vt 0.174701 0.963556
vt 0.170351 0.960170
vt 0.173886 0.955922
vt 0.173518 0.966440
vt 0.168773 0.965431
vt 0.173656 0.969692
vt 0.169021 0.970996
vt 0.175070 0.972513
vt 0.171029 0.976181
vt 0.177545 0.974152
vt 0.174838 0.980245
vt 0.087741 0.960063
vt 0.085401 0.961860
vt 0.081055 0.958679
vt 0.084605 0.954421
vt 0.084246 0.964702
vt 0.079441 0.963884
vt 0.084446 0.967827
vt 0.079766 0.969301
vt 0.085966 0.970477
vt 0.082076 0.974184
vt 0.088521 0.971974
vt 0.086238 0.977854
vt 0.162915 0.956480
vt 0.166448 0.949128
vt 0.161443 0.964354
vt 0.161812 0.972415
vt 0.163945 0.980242
vt 0.167943 0.987427
vt 0.073674 0.955415
vt 0.077369 0.948087
vt 0.071968 0.963280
vt 0.072337 0.971279
vt 0.075083 0.978719
vt 0.080325 0.985016
vt 0.153126 0.953778
vt 0.155279 0.943975
vt 0.152389 0.963633
vt 0.152849 0.973567
vt 0.154421 0.983441
vt 0.157184 0.993164
vt 0.064093 0.953035
vt 0.066710 0.943260
vt 0.062798 0.963011
vt 0.063004 0.973198
vt 0.065439 0.983307
vt 0.072199 0.991814
vt 0.136660 0.952082
vt 0.136659 0.940824
vt 0.137070 0.963264
vt 0.137581 0.974540
vt 0.138121 0.985865
vt 0.138846 0.997196
vt 0.047939 0.951371
vt 0.048827 0.940026
vt 0.047384 0.962816
vt 0.047028 0.974434
vt 0.047116 0.986000
vt 0.118807 0.953145
vt 0.116096 0.942258
vt 0.120459 0.963837
vt 0.120946 0.974682
vt 0.120215 0.985683
vt 0.118318 0.996886
vt 0.030329 0.951485
vt 0.028839 0.940244
vt 0.030744 0.962519
vt 0.029835 0.973641
vt 0.026772 0.984912
vt 0.111724 0.955452
vt 0.106777 0.946823
vt 0.114259 0.964733
vt 0.114668 0.974367
vt 0.112924 0.983971
vt 0.108738 0.993100
vt 0.023223 0.952703
vt 0.019482 0.943409
vt 0.024499 0.962344
vt 0.023450 0.971973
vt 0.019544 0.980773
vt 0.017342 0.993430
vt 0.011997 0.987431
vt 0.105304 0.959353
vt 0.100139 0.954176
vt 0.107988 0.966149
vt 0.108294 0.973560
vt 0.106197 0.980655
vt 0.101538 0.986375
vt 0.016439 0.955380
vt 0.012123 0.949427
vt 0.018067 0.962504
vt 0.017135 0.969712
vt 0.013570 0.975914
vt 0.007536 0.980066
vt 0.100001 0.964340
vt 0.096701 0.962297
vt 0.101886 0.968017
vt 0.102068 0.972332
vt 0.100510 0.976207
vt 0.097419 0.978611
vt 0.010451 0.959205
vt 0.007531 0.956620
vt 0.011701 0.963093
vt 0.011138 0.967213
vt 0.008867 0.970520
vt 0.005336 0.972163
vt 0.178151 0.967940
vt 0.088948 0.965988
vt 0.095975 0.970508
vt 0.005406 0.964303
vt 0.757903 0.463789
vt 0.751176 0.461990
vt 0.706068 0.622876
vt 0.716832 0.625613
vt 0.767164 0.465796
vt 0.730752 0.628143
vt 0.782649 0.462970
vt 0.057071 0.332493
vt 0.800934 0.468680
vt 0.823464 0.467418
vt 0.823157 0.467468
vt 0.657781 0.804446
vt 0.673164 0.805660
vt 0.691407 0.810020
vt 0.410092 0.802033
vt 0.406518 0.817230
vt 0.017693 0.362839
vt 0.032661 0.348350
vt 0.059591 0.343546
vt 0.086227 0.349780
vt 0.100400 0.365046
vt 0.605640 0.729772
vt 0.608661 0.736885
vt 0.596392 0.738184
vt 0.606992 0.744498
vt 0.601271 0.749695
vt 0.593693 0.750494
vt 0.587144 0.746597
vt 0.584123 0.739484
vt 0.585792 0.731870
vt 0.591513 0.726674
vt 0.599092 0.725875
vt 0.329010 0.324678
vt 0.321072 0.324834
vt 0.321255 0.294296
vt 0.329200 0.294345
vt 0.313060 0.325007
vt 0.313239 0.294249
vt 0.305119 0.325112
vt 0.305295 0.294203
vt 0.297297 0.325092
vt 0.297466 0.294159
vt 0.289476 0.324940
vt 0.289637 0.294119
vt 0.281537 0.324694
vt 0.281692 0.294078
vt 0.273529 0.324436
vt 0.273674 0.294040
vt 0.265590 0.324249
vt 0.265730 0.294003
vt 0.344658 0.324691
vt 0.336834 0.324616
vt 0.337028 0.294395
vt 0.344855 0.294445
vt 0.108022 0.431693
vt 0.112066 0.422256
vt 0.114451 0.430529
vt 0.113343 0.432961
vt 0.110263 0.441804
vt 0.113908 0.435676
vt 0.117860 0.448691
vt 0.115882 0.437513
vt 0.127901 0.449779
vt 0.118400 0.437741
vt 0.136607 0.444637
vt 0.120434 0.436384
vt 0.140645 0.435186
vt 0.121291 0.434056
vt 0.138430 0.425048
vt 0.120766 0.431600
vt 0.130819 0.418141
vt 0.119050 0.429827
vt 0.120759 0.417094
vt 0.116669 0.429375
vt 0.736982 0.388731
vt 0.737388 0.384471
vt 0.698930 0.391593
vt 0.699642 0.395163
vt 0.737900 0.392953
vt 0.700392 0.398762
vt 0.739984 0.396693
vt 0.701111 0.402331
vt 0.742645 0.399969
vt 0.701720 0.405866
vt 0.745132 0.403372
vt 0.702186 0.409419
vt 0.746764 0.407327
vt 0.702551 0.413040
vt 0.747112 0.411635
vt 0.702879 0.416699
vt 0.740081 0.376478
vt 0.740657 0.372236
vt 0.696996 0.380952
vt 0.697624 0.384537
vt 0.738705 0.380465
vt 0.698265 0.388069
vt 0.714237 0.552098
vt 0.712745 0.549225
vt 0.716235 0.545499
vt 0.719181 0.551172
vt 0.713791 0.555334
vt 0.718301 0.557562
vt 0.711579 0.557697
vt 0.713933 0.562228
vt 0.708446 0.558285
vt 0.707744 0.563389
vt 0.705588 0.556873
vt 0.702098 0.560599
vt 0.704097 0.553999
vt 0.699153 0.554925
vt 0.704542 0.550763
vt 0.700032 0.548535
vt 0.706754 0.548399
vt 0.704399 0.543868
vt 0.709887 0.547812
vt 0.710589 0.542708
vt 0.209385 0.354218
vt 0.202780 0.353784
vt 0.201374 0.439393
vt 0.207628 0.437871
vt 0.216044 0.354584
vt 0.214227 0.439017
vt 0.156779 0.354743
vt 0.150167 0.354923
vt 0.153054 0.439427
vt 0.159515 0.442268
vt 0.163305 0.354448
vt 0.165212 0.446544
vt 0.169826 0.354102
vt 0.170842 0.450328
vt 0.176444 0.353716
vt 0.177207 0.451969
vt 0.183123 0.353408
vt 0.183882 0.450866
vt 0.189736 0.353301
vt 0.190166 0.447484
vt 0.196259 0.353439
vt 0.195736 0.443073
vt 0.198618 0.452961
vt 0.207513 0.447211
vt 0.214257 0.447063
vt 0.154559 0.447379
vt 0.164424 0.451425
vt 0.171656 0.459086
vt 0.177658 0.461526
vt 0.184302 0.461428
vt 0.191029 0.458714
vt 0.113848 0.454738
vt 0.109072 0.460073
vt 0.107976 0.486912
vt 0.116267 0.487208
vt 0.104309 0.459564
vt 0.099727 0.453966
vt 0.099700 0.486752
vt 0.089563 0.538407
vt 0.095886 0.510304
vt 0.087985 0.510117
vt 0.084703 0.533992
vt 0.130244 0.487647
vt 0.130593 0.454055
vt 0.072176 0.510797
vt 0.072394 0.520639
vt 0.144088 0.487860
vt 0.145093 0.454973
vt 0.107754 0.510990
vt 0.119671 0.511577
vt 0.088098 0.486582
vt 0.085877 0.451977
vt 0.129999 0.512457
vt 0.072788 0.486128
vt 0.068098 0.452598
vt 0.144337 0.514272
vt 0.106385 0.539612
vt 0.123278 0.539748
vt 0.131122 0.536103
vt 0.144005 0.522759
vt 0.120655 0.409217
vt 0.116173 0.409180
vt 0.117332 0.268389
vt 0.121811 0.268425
vt 0.143065 0.409398
vt 0.138589 0.409362
vt 0.139719 0.268570
vt 0.144203 0.268606
vt 0.134111 0.409326
vt 0.135236 0.268534
vt 0.129624 0.409290
vt 0.130762 0.268498
vt 0.125138 0.409254
vt 0.126288 0.268462
vt 0.864816 0.281845
vt 0.865192 0.276572
vt 0.882552 0.277935
vt 0.882393 0.283161
vt 0.925988 0.276392
vt 0.925990 0.281654
vt 0.895771 0.132036
vt 0.946716 0.132156
vt 0.933922 0.147592
vt 0.895734 0.147493
vt 0.946715 0.132156
vt 0.983661 0.283182
vt 0.983504 0.277922
vt 0.997640 0.276815
vt 0.998237 0.282019
vt 0.946687 0.147600
vt 0.947898 0.139122
vt 0.960662 0.139144
vt 0.973341 0.187965
vt 0.960578 0.187961
vt 0.947897 0.139122
vt 0.884876 0.273521
vt 0.868960 0.272853
vt 0.868881 0.233671
vt 0.884794 0.232938
vt 0.927369 0.273059
vt 0.927289 0.233230
vt 0.997261 0.272553
vt 0.982339 0.273330
vt 0.982257 0.232735
vt 0.997182 0.233453
vt 0.882453 0.228532
vt 0.865097 0.229969
vt 0.864702 0.224751
vt 0.882272 0.223359
vt 0.925894 0.229903
vt 0.925875 0.224695
vt 0.997545 0.229191
vt 0.983404 0.228138
vt 0.983538 0.222931
vt 0.998118 0.224037
vt 0.857765 0.216393
vt 0.856429 0.186746
vt 0.915825 0.188834
vt 0.911974 0.222168
vt 0.857766 0.216393
vt 0.915826 0.188834
vt 0.857284 0.281573
vt 0.857172 0.225052
vt 0.863886 0.286422
vt 0.922001 0.286838
vt 0.921727 0.325109
vt 0.863612 0.324693
vt 0.997283 0.151725
vt 0.996953 0.135324
vt 0.974694 0.116273
vt 0.965509 0.150810
vt 0.965508 0.150811
vt 0.996952 0.135324
vt 0.979044 0.187771
vt 0.997462 0.204929
vt 0.858922 0.150721
vt 0.917554 0.150357
vt 0.917555 0.150357
vt 0.918042 0.218573
vt 0.918043 0.218573
vt 0.950094 0.191251
vt 0.952127 0.213098
vt 0.951465 0.163001
vt 0.994444 0.218610
vt 0.978359 0.190771
vt 0.978360 0.190771
vt 0.994445 0.218610
vt 0.995082 0.284961
vt 0.995318 0.340633
vt 0.981705 0.355502
vt 0.926385 0.285001
vt 0.939780 0.355527
vt 0.926213 0.340674
vt 0.872481 0.343620
vt 0.868294 0.332404
vt 0.858221 0.337928
vt 0.859288 0.350956
vt 0.878960 0.354016
vt 0.911762 0.354191
vt 0.911179 0.367773
vt 0.879399 0.367603
vt 0.919927 0.327497
vt 0.920519 0.340556
vt 0.910298 0.345708
vt 0.906511 0.334350
vt 0.868428 0.325892
vt 0.858200 0.325477
vt 0.911659 0.380712
vt 0.878781 0.380536
vt 0.920086 0.352998
vt 0.909927 0.352212
vt 0.904755 0.348634
vt 0.867339 0.347270
vt 0.911170 0.329317
vt 0.873728 0.329283
vt 0.675599 0.604499
vt 0.674388 0.607891
vt 0.669578 0.608131
vt 0.672028 0.601267
vt 0.675931 0.611145
vt 0.672698 0.614717
vt 0.679322 0.612356
vt 0.679562 0.617167
vt 0.682577 0.610813
vt 0.686148 0.614046
vt 0.683788 0.607422
vt 0.688599 0.607182
vt 0.682245 0.604168
vt 0.685478 0.600596
vt 0.678854 0.602957
vt 0.678614 0.598146
vt 0.226199 0.159712
vt 0.230604 0.159794
vt 0.233249 0.185709
vt 0.222550 0.185505
vt 0.234917 0.158821
vt 0.243674 0.183355
vt 0.238872 0.156848
vt 0.253238 0.178579
vt 0.242238 0.153991
vt 0.261385 0.171655
vt 0.244821 0.150415
vt 0.267641 0.162980
vt 0.246469 0.146330
vt 0.271637 0.153055
vt 0.247086 0.141972
vt 0.273132 0.142458
vt 0.246638 0.137599
vt 0.272036 0.131805
vt 0.213239 0.227521
vt 0.212582 0.350160
vt 0.197740 0.350081
vt 0.198397 0.227442
vt 0.198396 0.227442
vt 0.197740 0.350080
vt 0.183555 0.227363
vt 0.182897 0.350001
vt 0.168712 0.227283
vt 0.168055 0.349922
vt 0.153870 0.227204
vt 0.153213 0.349843
vt 0.677106 0.618973
vt 0.683327 0.632100
vt 0.676883 0.632422
vt 0.672777 0.623756
vt 0.678443 0.645782
vt 0.673660 0.641453
vt 0.665315 0.652003
vt 0.664994 0.645560
vt 0.651634 0.647119
vt 0.655962 0.642336
vt 0.645413 0.633991
vt 0.651856 0.633670
vt 0.650297 0.620310
vt 0.655080 0.624639
vt 0.663424 0.614089
vt 0.663746 0.620532
vt 0.670622 0.632734
vt 0.668570 0.628404
vt 0.669011 0.637246
vt 0.664682 0.639298
vt 0.660169 0.637687
vt 0.658118 0.633357
vt 0.659728 0.628845
vt 0.664058 0.626794
vt 0.679088 0.607656
vt 0.664370 0.633046
vt 0.178249 0.207743
vt 0.205236 0.179072
vt 0.208491 0.192730
vt 0.201918 0.207094
vt 0.405033 0.493635
vt 0.405014 0.475669
vt 0.556177 0.475511
vt 0.556196 0.493477
vt 0.404996 0.457703
vt 0.556158 0.457545
vt 0.404977 0.439737
vt 0.556139 0.439579
vt 0.404958 0.421772
vt 0.556121 0.421614
vt 0.405084 0.511277
vt 0.556247 0.511119
vt 0.405015 0.475669
vt 0.556159 0.457545
vt 0.556140 0.439579
vt 0.193786 0.465889
vt 0.210234 0.477840
vt 0.183619 0.497178
vt 0.173452 0.465889
vt 0.157003 0.477840
vt 0.150720 0.497178
vt 0.157003 0.516515
vt 0.173452 0.528467
vt 0.193786 0.528467
vt 0.210234 0.516515
vt 0.216518 0.497178
vt 0.464446 0.405725
vt 0.450002 0.416219
vt 0.441076 0.388746
vt 0.432149 0.416219
vt 0.417706 0.405725
vt 0.412189 0.388746
vt 0.417706 0.371767
vt 0.432149 0.361273
vt 0.450002 0.361273
vt 0.464446 0.371767
vt 0.469963 0.388746
vt 0.239714 0.234341
vt 0.246048 0.234330
vt 0.246129 0.280336
vt 0.239801 0.280348
vt 0.252379 0.234319
vt 0.252459 0.280325
vt 0.258711 0.234308
vt 0.258789 0.280315
vt 0.265043 0.234297
vt 0.265118 0.280304
vt 0.271375 0.234287
vt 0.271448 0.280294
vt 0.227048 0.234367
vt 0.233380 0.234354
vt 0.233473 0.280360
vt 0.227144 0.280373
s 1
usemtl phong1SG.001
f 1/1/1 2/2/2 3/3/3 4/4/4
f 2/2/2 5/5/5 6/6/6 3/3/3
f 5/5/5 7/7/7 8/8/8 6/6/6
f 7/7/7 9/9/9 10/10/10 8/8/8
f 9/9/9 11/11/11 12/12/12 10/10/10
f 11/11/11 13/13/13 14/14/14 12/12/12
f 13/13/13 15/15/15 16/16/16 14/14/14
f 15/15/15 17/17/17 18/18/18 16/16/16
f 17/17/17 19/19/19 20/20/20 18/18/18
f 19/19/19 1/1/1 4/4/4 20/20/20
f 4/21/4 3/22/3 21/23/21 22/24/22
f 3/22/3 6/25/6 23/26/23 21/23/21
f 6/25/6 8/27/8 24/28/24 23/26/23
f 8/27/8 10/29/10 25/30/25 24/28/24
f 10/30/10 12/28/12 26/27/26 25/29/25
f 12/28/12 14/26/14 27/25/27 26/27/26
f 14/26/14 16/23/16 28/22/28 27/25/27
f 16/23/16 18/24/18 29/31/29 28/22/28
f 18/24/18 20/32/20 30/33/30 29/31/29
f 20/34/20 4/21/4 22/24/22 30/35/30
f 22/36/22 21/37/21 31/38/31 32/17/32
f 21/37/21 23/39/23 33/40/33 31/38/31
f 23/39/23 24/41/24 34/42/34 33/40/33
f 24/41/24 25/43/25 35/44/35 34/42/34
f 25/43/25 26/45/26 36/46/36 35/44/35
f 26/45/26 27/47/27 37/5/37 36/46/36
f 27/47/27 28/48/28 38/2/38 37/5/37
f 28/48/28 29/4/29 39/49/39 38/2/38
f 29/4/29 30/20/30 40/50/40 39/49/39
f 30/20/30 22/36/22 32/17/32 40/50/40
f 41/51/41 42/52/42 2/2/2 1/1/1
f 42/52/42 43/53/43 5/5/5 2/2/2
f 43/53/43 44/54/44 7/7/7 5/5/5
f 44/54/44 45/55/45 9/9/9 7/7/7
f 45/55/45 46/56/46 11/11/11 9/9/9
f 46/56/46 47/57/47 13/13/13 11/11/11
f 47/57/47 48/58/48 15/15/15 13/13/13
f 48/58/48 49/59/49 17/17/17 15/15/15
f 49/59/49 50/60/50 19/19/19 17/17/17
f 50/60/50 41/51/41 1/1/1 19/19/19
f 51/61/51 52/62/52 32/17/32 31/38/31
f 53/63/53 51/61/51 31/38/31 33/40/33
f 54/56/54 53/63/53 33/40/33 34/42/34
f 55/64/55 54/56/54 34/42/34 35/44/35
f 56/54/56 55/64/55 35/44/35 36/46/36
f 57/53/57 56/54/56 36/46/36 37/5/37
f 58/65/58 57/53/57 37/5/37 38/2/38
f 59/66/59 58/65/58 38/2/38 39/49/39
f 60/67/60 59/66/59 39/49/39 40/50/40
f 52/62/52 60/67/60 40/50/40 32/17/32
f 61/68/61 62/69/62 63/70/63
f 62/69/62 64/71/64 63/70/63
f 64/71/64 65/72/65 63/70/63
f 65/72/65 66/73/66 63/70/63
f 66/73/66 67/74/67 63/70/63
f 67/74/67 68/75/68 63/70/63
f 68/75/68 69/76/69 63/70/63
f 69/76/69 70/77/70 63/70/63
f 70/77/70 71/78/71 63/70/63
f 71/78/71 61/68/61 63/70/63
f 72/79/72 73/80/73 62/81/62 61/82/61
f 73/80/73 74/83/74 64/84/64 62/81/62
f 74/83/74 75/85/75 65/86/65 64/84/64
f 75/85/75 76/87/76 66/88/66 65/86/65
f 76/89/76 77/90/77 67/91/67 66/92/66
f 77/90/77 78/93/78 68/94/68 67/91/67
f 78/93/78 79/95/79 69/96/69 68/94/68
f 79/95/79 80/97/80 70/98/70 69/96/69
f 80/97/80 81/99/81 71/100/71 70/98/70
f 81/99/81 72/79/72 61/82/61 71/100/71
f 76/101/76 75/102/75 82/103/82 83/104/83
f 75/102/75 84/105/84 85/106/85 82/103/82
f 77/107/77 76/101/76 83/104/83 86/108/86
f 87/109/72 88/110/73 73/80/73 72/79/72
f 88/110/73 89/111/74 74/83/74 73/80/73
f 89/111/74 84/112/84 75/85/75 74/83/74
f 85/113/85 90/114/87 83/104/83 82/103/82
f 90/114/87 91/115/88 86/108/86 83/104/83
f 92/116/89 93/117/78 78/93/78 77/90/77
f 93/117/78 94/118/79 79/95/79 78/93/78
f 94/118/79 95/119/80 80/97/80 79/95/79
f 95/119/80 96/120/81 81/99/81 80/97/80
f 96/120/81 87/109/72 72/79/72 81/99/81
f 91/121/88 92/122/89 77/107/77 86/108/86
f 97/68/90 98/70/91 99/69/92
f 99/69/92 98/70/91 100/71/93
f 100/71/93 98/70/91 101/72/94
f 101/72/94 98/70/91 102/73/95
f 102/73/95 98/70/91 103/74/96
f 103/74/96 98/70/91 104/75/97
f 104/75/97 98/70/91 105/76/98
f 105/76/98 98/70/91 106/77/99
f 106/77/99 98/70/91 107/78/100
f 107/78/100 98/70/91 97/68/90
f 108/79/72 97/82/90 99/81/92 109/80/73
f 109/80/73 99/81/92 100/84/93 110/83/74
f 110/83/74 100/84/93 101/86/94 111/85/101
f 111/85/101 101/86/94 102/88/95 112/87/102
f 112/89/102 102/92/95 103/91/96 113/90/103
f 113/90/103 103/91/96 104/94/97 114/93/78
f 114/93/78 104/94/97 105/96/98 115/95/79
f 115/95/79 105/96/98 106/98/99 116/97/80
f 116/97/80 106/98/99 107/100/100 117/99/81
f 117/99/81 107/100/100 97/82/90 108/79/72
f 112/101/102 118/104/104 119/103/105 111/102/101
f 111/102/101 119/103/105 120/106/85 121/105/84
f 113/107/103 122/108/106 118/104/104 112/101/102
f 123/109/72 108/79/72 109/80/73 124/110/73
f 124/110/73 109/80/73 110/83/74 125/111/74
f 125/111/74 110/83/74 111/85/101 121/112/84
f 120/113/85 119/103/105 118/104/104 126/114/87
f 126/114/87 118/104/104 122/108/106 127/115/88
f 128/116/89 113/90/103 114/93/78 129/117/78
f 129/117/78 114/93/78 115/95/79 130/118/79
f 130/118/79 115/95/79 116/97/80 131/119/80
f 131/119/80 116/97/80 117/99/81 132/120/81
f 132/120/81 117/99/81 108/79/72 123/109/72
f 127/121/88 122/108/106 113/107/103 128/122/89
f 133/123/107 134/124/107 135/125/107 136/126/107
f 134/124/91 137/127/91 138/128/91 135/125/91
f 137/127/108 139/129/108 140/130/108 138/128/108
f 139/129/109 141/131/109 142/132/109 140/130/109
f 141/131/110 143/133/110 144/134/110 142/132/110
f 143/133/111 145/135/111 146/136/111 144/134/111
f 145/135/63 147/137/63 148/138/63 146/136/63
f 147/137/112 149/139/112 150/140/112 148/138/112
f 149/139/113 151/141/113 152/142/113 150/140/113
f 151/141/114 133/123/114 136/126/114 152/142/114
f 134/124/115 133/123/115 153/143/115 154/144/115
f 137/127/116 134/124/116 154/144/116 155/145/116
f 139/129/117 137/127/117 155/145/117 156/146/117
f 141/131/118 139/129/118 156/146/118 157/147/118
f 143/133/119 141/131/119 157/147/119 158/148/119
f 145/135/120 143/133/120 158/148/120 159/149/120
f 147/137/121 145/135/121 159/149/121 160/150/121
f 149/139/122 147/137/122 160/150/122 161/151/122
f 151/141/123 149/139/123 161/151/123 162/152/123
f 133/123/124 151/141/124 162/152/124 153/143/124
f 154/144/107 153/143/107 163/153/107 164/154/107
f 155/145/91 154/144/91 164/154/91 165/155/91
f 156/146/108 155/145/108 165/155/108 166/156/108
f 157/147/109 156/146/109 166/156/109 167/157/109
f 158/148/110 157/147/110 167/157/110 168/158/110
f 159/149/111 158/148/111 168/158/111 169/159/111
f 160/150/63 159/149/63 169/159/63 170/160/63
f 161/151/112 160/150/112 170/160/112 171/161/112
f 162/152/125 161/151/125 171/161/125 172/162/125
f 153/143/126 162/152/126 172/162/126 163/153/126
f 136/126/107 135/125/107 173/163/107 174/164/107
f 175/165/91 176/166/91 177/167/91 178/168/91
f 138/128/108 140/130/108 179/169/108 180/170/108
f 140/130/109 142/132/109 181/171/109 179/169/109
f 142/132/110 144/134/110 182/169/110 181/171/110
f 144/134/111 146/136/111 183/170/111 182/169/111
f 184/172/63 185/173/63 186/174/63 187/175/63
f 148/138/112 150/140/112 188/176/112 189/177/112
f 150/140/113 152/142/113 190/178/113 188/176/113
f 152/142/114 136/126/114 174/164/114 190/178/114
f 146/179/127 148/180/127 185/173/127 184/172/127
f 148/180/81 189/181/81 186/182/81 185/173/81
f 183/183/87 146/179/87 184/172/87 187/184/87
f 135/185/127 138/186/127 176/166/127 175/165/127
f 138/186/87 180/187/87 177/188/87 176/166/87
f 173/189/81 135/185/81 175/165/81 178/190/81
f 191/191/128 192/192/129 193/193/129 194/194/130
f 195/195/131 191/191/128 194/194/130 196/196/131
f 192/192/129 197/197/132 198/198/132 193/193/129
f 199/191/133 200/194/134 201/193/135 202/192/135
f 203/195/136 204/196/136 200/194/134 199/191/133
f 202/192/135 201/193/135 205/198/132 206/197/132
f 207/199/137 208/200/138 209/201/138 210/202/137
f 208/200/138 211/203/139 212/204/139 209/201/138
f 211/203/139 213/205/140 214/206/141 212/204/139
f 213/205/140 215/207/142 216/208/142 214/206/141
f 215/207/142 217/209/143 218/210/144 216/208/142
f 217/209/143 219/211/145 220/212/145 218/210/144
f 219/213/145 221/214/146 222/215/146 220/216/145
f 221/214/146 223/217/147 224/218/147 222/215/146
f 223/217/147 225/219/148 226/220/148 224/218/147
f 225/219/148 227/221/149 228/222/150 226/220/148
f 227/221/149 229/223/151 230/224/152 228/222/150
f 229/223/151 207/225/137 210/226/137 230/224/152
f 231/199/153 232/202/153 233/201/154 234/200/154
f 234/200/154 233/201/154 235/204/155 236/203/155
f 236/203/155 235/204/155 237/206/156 238/205/157
f 238/205/157 237/206/156 239/208/158 240/207/159
f 240/207/159 239/208/158 241/210/160 242/209/161
f 242/209/161 241/210/160 243/212/162 244/211/162
f 244/213/162 243/216/162 245/215/163 246/214/163
f 246/214/163 245/215/163 247/218/164 248/217/164
f 248/217/164 247/218/164 249/220/165 250/219/165
f 250/219/165 249/220/165 251/222/166 252/221/167
f 252/221/167 251/222/166 253/224/168 254/223/169
f 254/223/169 253/224/168 232/226/153 231/225/153
f 255/1/1 256/2/2 257/3/3 258/4/4
f 256/2/2 259/5/5 260/6/170 257/3/3
f 259/5/5 261/7/7 262/8/8 260/6/170
f 261/7/7 263/9/9 264/10/10 262/8/8
f 263/9/9 265/11/11 266/12/12 264/10/10
f 265/11/11 267/13/13 268/14/171 266/12/12
f 267/13/13 269/15/15 270/16/172 268/14/171
f 269/15/15 271/17/17 272/18/18 270/16/172
f 271/17/17 273/19/19 274/20/20 272/18/18
f 273/19/19 255/1/1 258/4/4 274/20/20
f 258/21/4 257/22/3 275/23/21 276/24/22
f 257/22/3 260/25/170 277/26/23 275/23/21
f 260/25/170 262/27/8 278/28/173 277/26/23
f 262/27/8 264/29/10 279/30/25 278/28/173
f 264/30/10 266/28/12 280/27/26 279/29/25
f 266/28/12 268/26/171 281/25/27 280/27/26
f 268/26/171 270/23/172 282/22/28 281/25/27
f 270/23/172 272/24/18 283/31/29 282/22/28
f 272/24/18 274/32/20 284/33/30 283/31/29
f 274/34/20 258/21/4 276/24/22 284/35/30
f 276/36/22 275/37/21 285/38/31 286/17/32
f 275/37/21 277/39/23 287/40/33 285/38/31
f 277/39/23 278/41/173 288/42/34 287/40/33
f 278/41/173 279/43/25 289/44/35 288/42/34
f 279/43/25 280/45/26 290/46/36 289/44/35
f 280/45/26 281/47/27 291/5/37 290/46/36
f 281/47/27 282/48/28 292/2/38 291/5/37
f 282/48/28 283/4/29 293/49/39 292/2/38
f 283/4/29 284/20/30 294/50/40 293/49/39
f 284/20/30 276/36/22 286/17/32 294/50/40
f 295/51/174 296/52/175 256/2/2 255/1/1
f 296/52/175 297/53/43 259/5/5 256/2/2
f 297/53/43 298/54/176 261/7/7 259/5/5
f 298/54/176 299/55/45 263/9/9 261/7/7
f 299/55/45 300/56/177 265/11/11 263/9/9
f 300/56/177 301/57/178 267/13/13 265/11/11
f 301/57/178 302/58/179 269/15/15 267/13/13
f 302/58/179 303/59/180 271/17/17 269/15/15
f 303/59/180 304/60/50 273/19/19 271/17/17
f 304/60/50 295/51/174 255/1/1 273/19/19
f 305/61/181 306/62/182 286/17/32 285/38/31
f 307/63/183 305/61/181 285/38/31 287/40/33
f 308/56/184 307/63/183 287/40/33 288/42/34
f 309/64/55 308/56/184 288/42/34 289/44/35
f 310/54/185 309/64/55 289/44/35 290/46/36
f 311/53/57 310/54/185 290/46/36 291/5/37
f 312/65/186 311/53/57 291/5/37 292/2/38
f 313/66/187 312/65/186 292/2/38 293/49/39
f 314/67/60 313/66/187 293/49/39 294/50/40
f 306/62/182 314/67/60 294/50/40 286/17/32
f 315/1/188 316/2/189 317/3/190 318/4/191
f 316/2/189 319/5/192 320/6/193 317/3/190
f 319/5/192 321/7/194 322/8/195 320/6/193
f 321/7/194 323/9/196 324/10/197 322/8/195
f 323/9/196 325/11/198 326/12/199 324/10/197
f 325/11/198 327/13/200 328/14/201 326/12/199
f 327/13/200 329/15/202 330/16/203 328/14/201
f 329/15/202 331/17/204 332/18/205 330/16/203
f 331/17/204 333/19/206 334/20/207 332/18/205
f 333/19/206 315/1/188 318/4/191 334/20/207
f 318/21/191 317/22/190 335/23/208 336/24/209
f 317/22/190 320/25/193 337/26/210 335/23/208
f 320/25/193 322/27/195 338/28/211 337/26/210
f 322/27/195 324/29/197 339/30/212 338/28/211
f 324/30/197 326/28/199 340/27/213 339/29/212
f 326/28/199 328/26/201 341/25/214 340/27/213
f 328/26/201 330/23/203 342/22/215 341/25/214
f 330/23/203 332/24/205 343/31/216 342/22/215
f 332/24/205 334/32/207 344/33/217 343/31/216
f 334/34/207 318/21/191 336/24/209 344/35/217
f 336/36/209 335/37/208 345/38/218 346/17/219
f 335/37/208 337/39/210 347/40/220 345/38/218
f 337/39/210 338/41/211 348/42/221 347/40/220
f 338/41/211 339/43/212 349/44/222 348/42/221
f 339/43/212 340/45/213 350/46/223 349/44/222
f 340/45/213 341/47/214 351/5/224 350/46/223
f 341/47/214 342/48/215 352/2/225 351/5/224
f 342/48/215 343/4/216 353/49/226 352/2/225
f 343/4/216 344/20/217 354/50/227 353/49/226
f 344/20/217 336/36/209 346/17/219 354/50/227
f 355/51/228 356/52/229 316/2/189 315/1/188
f 356/52/229 357/53/230 319/5/192 316/2/189
f 357/53/230 358/54/231 321/7/194 319/5/192
f 358/54/231 359/55/232 323/9/196 321/7/194
f 359/55/232 360/56/233 325/11/198 323/9/196
f 360/56/233 361/57/234 327/13/200 325/11/198
f 361/57/234 362/58/235 329/15/202 327/13/200
f 362/58/235 363/59/236 331/17/204 329/15/202
f 363/59/236 364/60/237 333/19/206 331/17/204
f 364/60/237 355/51/228 315/1/188 333/19/206
f 365/61/238 366/62/239 346/17/219 345/38/218
f 367/63/240 365/61/238 345/38/218 347/40/220
f 368/56/241 367/63/240 347/40/220 348/42/221
f 369/64/242 368/56/241 348/42/221 349/44/222
f 370/54/243 369/64/242 349/44/222 350/46/223
f 371/53/244 370/54/243 350/46/223 351/5/224
f 372/65/245 371/53/244 351/5/224 352/2/225
f 373/66/246 372/65/245 352/2/225 353/49/226
f 374/67/247 373/66/246 353/49/226 354/50/227
f 366/62/239 374/67/247 354/50/227 346/17/219
f 375/1/248 376/4/249 377/3/250 378/2/251
f 378/2/251 377/3/250 379/6/252 380/5/253
f 380/5/253 379/6/252 381/8/254 382/7/255
f 382/7/255 381/8/254 383/10/256 384/9/257
f 384/9/257 383/10/256 385/12/258 386/11/259
f 386/11/259 385/12/258 387/14/260 388/13/261
f 388/13/261 387/14/260 389/16/262 390/15/263
f 390/15/263 389/16/262 391/18/264 392/17/265
f 392/17/265 391/18/264 393/20/266 394/19/267
f 394/19/267 393/20/266 376/4/249 375/1/248
f 376/21/249 395/24/268 396/23/269 377/22/250
f 377/22/250 396/23/269 397/26/270 379/25/252
f 379/25/252 397/26/270 398/28/271 381/27/254
f 381/27/254 398/28/271 399/30/272 383/29/256
f 383/30/256 399/29/272 400/27/273 385/28/258
f 385/28/258 400/27/273 401/25/274 387/26/260
f 387/26/260 401/25/274 402/22/275 389/23/262
f 389/23/262 402/22/275 403/31/276 391/24/264
f 391/24/264 403/31/276 404/33/277 393/32/266
f 393/34/266 404/35/277 395/24/268 376/21/249
f 395/36/268 405/17/278 406/38/279 396/37/269
f 396/37/269 406/38/279 407/40/280 397/39/270
f 397/39/270 407/40/280 408/42/281 398/41/271
f 398/41/271 408/42/281 409/44/282 399/43/272
f 399/43/272 409/44/282 410/46/283 400/45/273
f 400/45/273 410/46/283 411/5/284 401/47/274
f 401/47/274 411/5/284 412/2/285 402/48/275
f 402/48/275 412/2/285 413/49/286 403/4/276
f 403/4/276 413/49/286 414/50/287 404/20/277
f 404/20/277 414/50/287 405/17/278 395/36/268
f 415/51/288 375/1/248 378/2/251 416/52/289
f 416/52/289 378/2/251 380/5/253 417/53/290
f 417/53/290 380/5/253 382/7/255 418/54/291
f 418/54/291 382/7/255 384/9/257 419/55/292
f 419/55/292 384/9/257 386/11/259 420/56/293
f 420/56/293 386/11/259 388/13/261 421/57/294
f 421/57/294 388/13/261 390/15/263 422/58/295
f 422/58/295 390/15/263 392/17/265 423/59/296
f 423/59/296 392/17/265 394/19/267 424/60/297
f 424/60/297 394/19/267 375/1/248 415/51/288
f 425/61/298 406/38/279 405/17/278 426/62/299
f 427/63/300 407/40/280 406/38/279 425/61/298
f 428/56/301 408/42/281 407/40/280 427/63/300
f 429/64/302 409/44/282 408/42/281 428/56/301
f 430/54/303 410/46/283 409/44/282 429/64/302
f 431/53/304 411/5/284 410/46/283 430/54/303
f 432/65/305 412/2/285 411/5/284 431/53/304
f 433/66/306 413/49/286 412/2/285 432/65/305
f 434/67/307 414/50/287 413/49/286 433/66/306
f 426/62/299 405/17/278 414/50/287 434/67/307
f 435/227/308 436/228/308 437/229/308 438/230/308
f 436/228/309 439/231/309 440/232/309 437/229/309
f 439/233/310 441/234/310 442/235/310 440/236/310
f 441/234/311 443/237/311 444/238/311 442/235/311
f 443/237/312 445/227/312 446/239/312 444/238/312
f 445/227/313 447/228/313 448/240/313 446/239/313
f 447/228/314 449/231/314 450/241/314 448/240/314
f 449/233/315 451/242/315 452/235/315 450/243/315
f 451/242/316 453/244/316 454/238/316 452/235/316
f 453/244/317 435/227/317 438/230/317 454/238/317
f 438/245/318 437/246/319 455/247/320
f 437/246/319 440/248/321 455/247/320
f 440/248/321 442/249/322 455/247/320
f 442/249/322 444/250/323 455/247/320
f 444/250/323 446/251/324 455/247/320
f 446/251/324 448/252/325 455/247/320
f 448/252/325 450/253/326 455/247/320
f 450/253/326 452/254/327 455/247/320
f 452/254/327 454/255/328 455/247/320
f 454/255/328 438/245/318 455/247/320
f 456/256/329 457/257/329 458/258/329 459/259/329
f 460/260/330 461/261/330 462/262/330 463/263/330
f 461/261/331 456/256/331 459/259/331 462/262/331
f 464/264/332 465/265/332 466/266/332 467/267/332
f 465/265/333 468/268/333 469/269/333 466/266/333
f 468/268/334 460/270/334 463/271/334 469/269/334
f 470/272/335 471/273/335 458/258/335 457/257/335
f 472/274/336 473/275/336 474/276/336 475/277/336
f 475/277/337 474/276/337 471/273/337 470/272/337
f 458/278/320 476/279/320 462/280/320 459/281/320
f 464/264/338 467/267/338 477/282/338 478/283/338
f 478/283/339 477/282/339 479/284/339 480/285/339
f 480/285/340 479/284/340 473/286/340 472/287/340
f 481/288/341 482/289/320 469/290/320 463/291/341
f 474/292/320 476/279/320 458/278/320 471/293/320
f 479/294/320 482/289/320 481/288/341 473/295/341
f 474/292/320 473/295/341 481/288/341 476/279/320
f 462/280/320 476/279/320 481/288/341 463/291/341
f 479/294/320 477/296/320 467/297/320 482/289/320
f 469/290/320 482/289/320 467/297/320 466/298/320
f 483/299/91 484/300/91 485/301/91 486/302/91
f 484/300/91 487/303/91 488/304/91 485/301/91
f 486/302/91 485/301/91 489/305/91
f 485/301/91 488/304/91 490/306/91 489/305/91
f 486/307/342 489/308/342 491/309/342 492/310/342
f 489/311/127 490/312/127 491/313/127
f 492/314/343 491/315/343 493/316/343
f 491/313/127 490/312/127 494/317/127
f 493/316/344 491/315/344 495/318/344 496/319/344
f 491/313/127 494/317/127 495/320/127
f 496/319/345 495/318/345 497/321/345
f 495/320/127 494/317/127 498/322/127
f 497/323/342 495/324/342 499/325/342 500/326/342
f 495/320/127 498/322/127 499/327/127
f 500/302/63 499/305/63 501/301/63
f 499/305/63 498/306/63 502/304/63 501/301/63
f 500/302/63 501/301/63 503/300/63 504/299/63
f 501/301/63 502/304/63 505/303/63 503/300/63
f 503/328/346 506/329/346 507/330/346 504/331/346
f 503/328/346 505/332/346 508/333/346
f 506/329/346 503/328/346 484/334/346 509/335/346
f 503/328/346 508/333/346 484/334/346
f 484/334/346 508/333/346 487/336/346
f 484/334/346 483/337/346 510/338/346 509/335/346
f 508/339/81 505/340/81 502/341/81 511/342/81
f 487/343/81 508/339/81 511/342/81 488/344/81
f 511/342/81 502/341/81 498/345/81 494/346/81
f 488/344/81 511/342/81 494/346/81 490/347/81
f 504/348/87 507/349/87 497/323/87 500/326/87
f 507/350/347 506/351/347 496/319/347 497/321/347
f 506/351/348 509/352/348 493/316/348 496/319/348
f 509/352/349 510/353/349 492/314/349 493/316/349
f 510/354/87 483/355/87 486/307/87 492/310/87
f 512/356/350 513/357/351 514/358/351 515/359/352
f 516/360/353 517/361/354 518/362/355 519/363/356
f 519/363/356 518/362/355 520/364/357 521/365/358
f 521/365/358 520/364/357 522/366/359 523/367/360
f 517/361/354 524/368/361 525/369/362 518/362/355
f 518/362/355 525/369/362 526/370/363 520/364/357
f 520/364/357 526/370/363 527/371/364 522/366/359
f 524/368/361 528/372/365 529/373/366 525/369/362
f 525/369/362 529/373/366 530/374/367 526/370/363
f 526/370/363 530/374/367 531/375/368 527/371/364
f 528/372/365 532/376/369 533/377/370 529/373/366
f 529/373/366 533/377/370 534/378/371 530/374/367
f 530/374/367 534/378/371 515/379/352 531/375/368
f 532/376/369 535/380/372 536/381/373 533/377/370
f 533/377/370 536/381/373 537/382/374 534/378/371
f 534/378/371 537/382/374 512/383/350 515/379/352
f 538/384/375 523/385/360 522/386/359 539/387/376
f 539/387/376 522/386/359 527/388/364 540/389/377
f 540/389/377 527/388/364 531/390/368 541/391/378
f 541/391/378 531/390/368 515/392/352 542/393/379
f 521/365/358 523/367/360 538/394/375
f 519/363/356 521/365/358 538/394/375 543/395/380
f 543/396/380 538/384/375 539/387/376
f 519/363/356 543/395/380 516/360/353
f 516/397/353 543/396/380 539/387/376 517/398/354
f 517/398/354 539/387/376 540/389/377 524/399/361
f 524/399/361 540/389/377 541/391/378 528/400/365
f 528/400/365 541/391/378 542/393/379 532/401/369
f 514/358/381 544/402/382 542/403/379 515/359/352
f 544/402/382 545/404/127 532/405/369 542/403/379
f 546/406/383 547/407/384 514/358/351 513/357/351
f 548/360/385 549/363/386 550/362/387 551/361/388
f 549/363/386 552/365/389 553/364/390 550/362/387
f 552/365/389 554/367/391 555/408/392 553/364/390
f 551/361/388 550/362/387 556/409/393 557/410/394
f 550/362/387 553/364/390 558/411/395 556/409/393
f 553/364/390 555/408/392 559/371/396 558/411/395
f 557/410/394 556/409/393 560/412/397 561/372/398
f 556/409/393 558/411/395 562/374/399 560/412/397
f 558/411/395 559/371/396 563/375/400 562/374/399
f 561/372/398 560/412/397 564/377/401 565/376/402
f 560/412/397 562/374/399 566/413/403 564/377/401
f 562/374/399 563/375/400 547/379/384 566/413/403
f 565/376/402 564/377/401 567/414/404 568/380/405
f 564/377/401 566/413/403 569/382/406 567/414/404
f 566/413/403 547/379/384 546/383/383 569/382/406
f 570/415/407 571/416/408 555/417/392 554/418/391
f 571/416/408 572/389/409 559/388/396 555/417/392
f 572/389/409 573/419/410 563/420/400 559/388/396
f 573/419/410 574/421/411 547/422/384 563/420/400
f 552/365/389 570/394/407 554/367/391
f 549/363/386 575/395/412 570/394/407 552/365/389
f 575/423/412 571/416/408 570/415/407
f 549/363/386 548/360/385 575/395/412
f 548/424/385 551/425/388 571/416/408 575/423/412
f 551/425/388 557/399/394 572/389/409 571/416/408
f 557/399/394 561/426/398 573/419/410 572/389/409
f 561/426/398 565/427/402 574/421/411 573/419/410
f 514/358/381 547/407/384 574/428/411 544/402/382
f 544/402/382 574/428/411 565/429/402 545/404/127
f 576/430/413 577/431/414 578/432/415 579/433/416
f 577/431/414 580/434/417 581/435/418 578/432/415
f 580/436/417 582/437/419 583/438/420 581/439/418
f 582/437/419 584/440/421 585/441/422 583/438/420
f 584/440/421 586/442/423 587/443/424 585/441/422
f 586/442/423 588/444/425 589/445/426 587/443/424
f 588/444/425 590/434/427 591/435/428 589/445/426
f 590/436/427 592/437/429 593/446/430 591/439/428
f 592/437/429 594/447/431 595/441/432 593/446/430
f 594/447/431 576/430/413 579/433/416 595/441/432
f 577/448/414 576/449/413 596/450/81
f 580/451/417 577/448/414 596/450/81
f 582/452/419 580/451/417 596/450/81
f 584/453/421 582/452/419 596/450/81
f 586/454/423 584/453/421 596/450/81
f 588/455/425 586/454/423 596/450/81
f 590/456/427 588/455/425 596/450/81
f 592/457/429 590/456/427 596/450/81
f 594/458/431 592/457/429 596/450/81
f 576/449/413 594/458/431 596/450/81
f 579/459/416 578/460/415 597/461/87
f 578/460/415 581/462/418 597/461/87
f 581/462/418 583/463/420 597/461/87
f 583/463/420 585/464/422 597/461/87
f 585/464/422 587/465/424 597/461/87
f 587/465/424 589/466/426 597/461/87
f 589/466/426 591/467/428 597/461/87
f 591/467/428 593/468/430 597/461/87
f 593/468/430 595/469/432 597/461/87
f 595/469/432 579/459/416 597/461/87
f 598/470/433 599/471/346 600/472/346 601/473/433
f 599/471/346 602/474/434 603/475/434 600/472/346
f 602/474/434 604/476/91 605/477/91 603/475/434
f 604/476/91 606/478/435 607/479/435 605/477/91
f 606/478/435 608/480/127 609/481/127 607/479/435
f 608/480/127 610/482/436 611/483/436 609/481/127
f 610/482/436 612/484/63 613/485/63 611/483/436
f 612/486/63 598/470/433 601/473/433 613/487/63
f 614/488/437 615/489/438 616/490/87
f 615/489/438 617/491/439 616/490/87
f 617/491/439 618/492/440 616/490/87
f 618/492/440 619/493/441 616/490/87
f 619/493/441 620/494/442 616/490/87
f 620/494/442 621/495/443 616/490/87
f 621/495/443 622/496/444 616/490/87
f 622/496/444 614/488/437 616/490/87
f 623/497/433 624/498/346 615/499/438 614/500/437
f 624/498/346 625/501/434 617/502/439 615/499/438
f 625/501/434 626/503/91 618/504/440 617/502/439
f 626/503/91 627/505/435 619/506/441 618/504/440
f 627/505/435 628/507/127 620/508/442 619/506/441
f 628/507/127 629/509/436 621/510/443 620/508/442
f 629/509/436 630/511/63 622/512/444 621/510/443
f 630/513/63 623/497/433 614/500/437 622/514/444
f 601/473/433 600/472/346 624/498/346 623/497/433
f 600/472/346 603/475/434 625/501/434 624/498/346
f 603/475/434 605/477/91 626/503/91 625/501/434
f 605/477/91 607/479/435 627/505/435 626/503/91
f 607/479/435 609/481/127 628/507/127 627/505/435
f 609/481/127 611/483/436 629/509/436 628/507/127
f 611/483/436 613/485/63 630/511/63 629/509/436
f 613/487/63 601/473/433 623/497/433 630/513/63
f 631/515/445 632/516/445 633/517/445 634/518/445
f 635/519/446 636/520/447 637/521/448 638/522/449
f 639/523/450 640/524/451 636/520/447 635/519/446
f 641/525/452 642/526/453 640/524/451 639/523/450
f 643/527/454 644/528/455 642/526/453 641/525/452
f 645/529/456 646/530/457 644/528/455 643/527/454
f 647/531/458 648/532/459 646/530/457 645/529/456
f 649/533/460 650/534/461 648/532/459 647/531/458
f 651/535/462 652/536/463 650/534/461 649/533/460
f 653/537/464 654/538/465 652/536/463 651/535/462
f 638/539/449 637/540/448 654/538/465 653/537/464
f 637/521/448 636/520/447 655/541/466 656/542/467
f 636/520/447 640/524/451 657/543/468 655/541/466
f 640/524/451 642/526/453 658/544/469 657/543/468
f 642/526/453 644/528/455 659/545/470 658/544/469
f 644/528/455 646/530/457 660/546/471 659/545/470
f 646/530/457 648/532/459 661/547/472 660/546/471
f 648/532/459 650/534/461 662/548/473 661/547/472
f 650/534/461 652/536/463 663/549/474 662/548/473
f 652/536/463 654/538/465 664/550/475 663/549/474
f 654/538/465 637/540/448 656/551/467 664/550/475
f 656/542/467 655/541/466 665/552/476 666/553/477
f 655/541/466 657/543/468 667/554/478 665/552/476
f 657/543/468 658/544/469 668/555/479 667/554/478
f 658/544/469 659/545/470 669/556/480 668/555/479
f 659/545/470 660/546/471 670/557/481 669/556/480
f 660/546/471 661/547/472 671/558/482 670/557/481
f 661/547/472 662/548/473 672/559/483 671/558/482
f 662/548/473 663/549/474 673/560/484 672/559/483
f 663/549/474 664/550/475 674/561/485 673/560/484
f 664/550/475 656/551/467 666/562/477 674/561/485
f 666/553/477 665/552/476 675/563/486
f 665/552/476 667/554/478 675/563/486
f 667/554/478 668/555/479 675/563/486
f 668/555/479 669/556/480 675/563/486
f 669/556/480 670/557/481 675/563/486
f 670/557/481 671/558/482 675/563/486
f 671/558/482 672/559/483 675/563/486
f 672/559/483 673/560/484 675/563/486
f 673/560/484 674/561/485 675/563/486
f 674/561/485 666/562/477 675/563/486
f 676/564/487 677/565/488 635/519/446 638/522/449
f 677/565/488 678/566/489 639/523/450 635/519/446
f 678/566/489 679/567/490 641/525/452 639/523/450
f 679/567/490 680/568/491 643/527/454 641/525/452
f 680/568/491 681/569/492 645/529/456 643/527/454
f 681/569/492 682/570/493 647/531/458 645/529/456
f 682/570/493 683/571/494 649/533/460 647/531/458
f 683/571/494 684/572/495 651/535/462 649/533/460
f 684/572/495 685/573/496 653/537/464 651/535/462
f 685/573/496 676/574/487 638/539/449 653/537/464
f 694/575/497 695/576/498 689/577/499 688/578/500
f 687/579/501 686/580/502 690/581/503 691/582/504
f 696/583/505 697/584/506 693/585/507 692/586/508
f 698/587/509 699/588/510 700/589/511 701/590/512
f 698/591/509 702/592/513 703/593/514 699/594/510
f 703/593/514 702/592/513 704/595/515 705/596/516
f 699/597/510 706/598/517 700/599/511
f 699/597/510 703/600/514 706/598/517
f 703/600/514 705/601/516 706/598/517
f 700/599/511 706/598/517 707/602/518 708/603/519
f 706/598/517 705/601/516 709/604/520 707/602/518
f 708/603/519 707/602/518 710/605/521
f 707/602/518 711/606/522 710/605/521
f 707/602/518 709/604/520 711/606/522
f 710/607/521 712/608/523 713/609/524 708/610/519
f 710/611/521 711/612/522 714/613/525 712/614/523
f 714/613/525 711/612/522 709/615/520 715/616/526
f 704/595/515 715/616/526 709/615/520 705/596/516
f 713/609/524 701/590/512 700/589/511 708/610/519
f 717/617/127 716/618/127 721/619/127
f 716/618/127 718/620/127 721/619/127
f 718/620/127 719/621/127 721/619/127
f 719/621/127 720/622/127 721/619/127
f 720/622/127 717/617/127 721/619/127
f 722/623/527 723/624/528 724/625/529 725/626/530
f 726/627/531 722/623/527 725/626/530 727/628/532
f 728/629/533 726/627/531 727/628/532 729/630/534
f 730/631/535 731/632/536 723/624/528 722/623/527
f 732/633/537 733/634/538 725/635/530 724/636/529
f 734/637/539 730/631/535 722/623/527 726/627/531
f 733/634/538 735/638/540 727/639/532 725/635/530
f 736/640/541 734/637/539 737/641/542
f 735/638/540 738/642/543 739/643/544
f 738/644/543 736/640/541 737/641/542 739/645/544
f 723/624/528 731/632/536 740/646/545 741/647/546
f 732/633/537 724/636/529 742/648/547 743/649/548
f 724/625/529 723/624/528 741/647/546 742/650/547
f 744/651/549 745/652/550 746/653/551 747/654/552
f 745/652/550 732/633/537 743/649/548 746/653/551
f 748/655/553 744/656/549 747/657/552 749/658/554
f 731/632/536 748/655/553 749/658/554 740/646/545
f 741/659/546 740/660/545 743/649/548 742/648/547
f 740/660/545 749/661/554 746/653/551 743/649/548
f 746/653/551 749/661/554 747/654/552
f 737/641/542 734/637/539 726/627/531 728/629/533
f 739/645/544 737/641/542 728/629/533 729/662/534
f 735/638/540 739/643/544 729/663/534 727/639/532
f 750/664/555 751/665/556 752/666/557 753/667/558
f 753/668/558 752/669/557 754/670/559 755/671/560
f 755/672/560 754/673/559 756/674/561 757/675/562
f 757/676/562 756/677/561 751/678/556 750/679/555
f 758/680/563 759/681/564 760/682/565 761/683/566
f 752/666/557 751/665/556 762/684/567 763/685/568
f 764/686/569 765/687/570 766/688/571 767/689/572
f 756/674/561 754/673/559 768/690/573 769/691/574
f 770/692/575 771/693/576 772/694/577 773/695/578
f 754/670/559 752/669/557 765/687/570 764/686/569
f 752/666/557 763/685/568 766/696/571 765/697/570
f 761/683/566 760/682/565 774/698/579 775/699/580
f 760/682/565 768/690/573 767/700/572 774/698/579
f 751/678/556 756/677/561 771/693/576 770/692/575
f 756/674/561 769/691/574 772/701/577 771/702/576
f 759/681/564 758/680/563 776/703/581 777/704/582
f 758/680/563 762/684/567 773/705/578 776/703/581
f 778/664/555 779/706/583 780/666/584 781/707/585
f 779/708/583 782/709/586 783/710/587 780/669/584
f 782/672/586 784/675/562 785/711/588 783/673/587
f 784/676/562 778/679/555 781/678/585 785/677/588
f 786/680/589 787/683/590 788/712/591 789/681/592
f 780/666/584 790/685/593 791/684/594 781/707/585
f 792/713/595 793/689/596 794/714/597 795/715/598
f 785/711/588 796/691/599 797/690/600 783/673/587
f 798/692/601 799/695/602 800/694/603 801/693/604
f 753/716/558 779/717/583 778/718/555 750/719/555
f 757/720/562 784/721/562 782/722/586 755/723/560
f 783/710/587 792/713/595 795/715/598 780/669/584
f 780/666/584 795/697/598 794/696/597 790/685/593
f 787/683/590 802/699/605 803/724/606 788/712/591
f 788/712/591 803/724/606 793/725/596 797/690/600
f 781/678/585 798/692/601 801/693/604 785/677/588
f 785/711/588 801/702/604 800/701/603 796/691/599
f 789/681/592 804/704/607 805/703/608 786/680/589
f 786/680/589 805/703/608 799/705/602 791/684/594
f 806/726/609 807/727/610 808/728/611 809/729/612
f 810/730/613 811/731/614 736/732/541 812/733/615
f 748/734/553 813/735/616 814/736/617 744/737/549
f 815/738/618 816/739/619 731/740/536 730/741/535
f 817/742/620 815/738/618 730/741/535 734/743/539
f 811/731/614 817/742/620 734/743/539 736/732/541
f 814/744/617 818/745/621 819/746/622 744/747/549
f 818/745/621 820/748/623 821/749/624 819/746/622
f 807/750/610 806/751/609 822/752/625 823/753/626
f 806/751/609 824/754/627 825/755/628 822/752/625
f 826/756/629 827/757/630 828/758/631 829/759/632
f 830/760/633 826/756/629 829/759/632 831/761/634
f 832/762/635 830/763/633 831/764/634 833/765/636
f 834/766/637 832/762/635 833/765/636 835/767/638
f 824/768/627 834/766/637 835/767/638 825/769/628
f 827/757/630 836/770/639 837/771/640 828/758/631
f 823/753/626 837/771/640 836/770/639 807/750/610
f 753/772/558 838/773/641 779/774/583
f 839/775/555 840/776/642 841/777/643 842/778/644
f 842/779/644 841/780/643 843/781/645 844/782/646
f 844/783/646 843/784/645 845/785/647 846/786/562
f 846/787/562 845/788/647 840/789/642 839/790/555
f 847/791/648 848/792/649 849/793/649 850/794/648
f 841/777/643 840/776/642 847/791/648 850/794/648
f 851/795/650 852/796/651 853/797/652 854/798/653
f 845/785/647 843/784/645 849/793/649 848/792/649
f 855/799/654 856/800/655 857/801/656 858/802/657
f 843/781/645 841/780/643 852/796/651 851/795/650
f 852/803/651 841/777/643 850/794/648 853/797/652
f 850/794/648 849/793/649 854/798/653 853/797/652
f 851/804/650 854/798/653 849/793/649 843/784/645
f 840/789/642 845/788/647 856/800/655 855/799/654
f 856/805/655 845/785/647 848/792/649 857/801/656
f 848/792/649 847/791/648 858/802/657 857/801/656
f 855/806/654 858/802/657 847/791/648 840/776/642
f 859/775/555 860/807/658 861/777/659 862/808/660
f 860/779/658 863/809/661 864/781/662 861/780/659
f 863/783/661 865/786/562 866/785/663 864/784/662
f 865/810/562 859/811/555 862/789/660 866/812/663
f 867/791/664 868/794/664 869/813/665 870/792/665
f 862/808/660 861/777/659 868/794/664 867/791/664
f 871/796/652 872/795/653 873/798/650 874/814/651
f 864/784/662 866/785/663 870/792/665 869/813/665
f 875/815/656 876/799/657 877/816/654 878/801/655
f 842/817/644 860/818/658 859/819/555 839/820/555
f 846/821/562 865/822/562 863/823/661 844/824/646
f 864/781/662 872/795/653 871/796/652 861/780/659
f 861/777/659 871/803/652 874/814/651 868/794/664
f 868/794/664 874/814/651 873/798/650 869/813/665
f 864/784/662 869/813/665 873/798/650 872/804/653
f 862/789/660 876/799/657 875/815/656 866/812/663
f 866/785/663 875/805/656 878/801/655 870/792/665
f 870/792/665 878/801/655 877/816/654 867/791/664
f 862/808/660 867/791/664 877/816/654 876/825/657
f 757/720/562 750/719/555 778/718/555 784/721/562
f 846/821/562 839/820/555 859/819/555 865/822/562
f 879/826/666 844/827/646 863/828/661
f 782/722/586 860/818/658 842/817/644 755/723/560
f 763/685/568 762/684/567 758/680/563 761/683/566
f 767/689/572 766/688/571 775/699/580 774/698/579
f 769/691/574 768/690/573 760/682/565 759/681/564
f 773/695/578 772/694/577 777/704/582 776/703/581
f 766/696/571 763/685/568 761/683/566 775/699/580
f 767/700/572 768/690/573 754/673/559 764/829/569
f 772/701/577 769/691/574 759/681/564 777/704/582
f 773/705/578 762/684/567 751/665/556 770/830/575
f 791/684/594 790/685/593 787/683/590 786/680/589
f 794/714/597 793/689/596 803/724/606 802/699/605
f 797/690/600 796/691/599 789/681/592 788/712/591
f 800/694/603 799/695/602 805/703/608 804/704/607
f 790/685/593 794/696/597 802/699/605 787/683/590
f 797/690/600 793/725/596 792/829/595 783/673/587
f 796/691/599 800/701/603 804/704/607 789/681/592
f 791/684/594 799/705/602 798/830/601 781/707/585
f 812/733/615 821/831/624 820/832/623 810/730/613
f 809/729/612 880/833/667 881/834/668
f 882/835/669 883/836/670 884/837/671 885/838/672
f 886/839/673 882/835/669 885/838/672 887/628/674
f 888/840/675 886/839/673 887/628/674 889/630/676
f 812/733/615 736/732/541 738/841/543
f 748/734/553 731/740/536 816/739/619 813/735/616
f 812/733/615 738/841/543 880/833/667 809/729/612
f 733/842/538 732/843/537 890/844/677 891/845/678
f 735/846/540 733/842/538 891/845/678 892/847/679
f 738/841/543 735/846/540 892/847/679 880/833/667
f 809/729/612 881/834/668 824/848/627 806/726/609
f 893/849/680 894/850/681 830/851/633 832/852/635
f 895/853/682 893/849/680 832/852/635 834/854/637
f 881/834/668 895/853/682 834/854/637 824/848/627
f 896/855/683 897/856/684 836/857/639 827/858/630
f 836/857/639 897/856/684 808/859/611 807/860/610
f 891/861/678 890/862/677 883/836/670 882/835/669
f 894/863/681 893/634/680 885/864/672 884/865/671
f 892/866/679 891/861/678 882/835/669 886/839/673
f 893/634/680 895/867/682 887/868/674 885/864/672
f 880/640/667 892/866/679 898/869/685
f 895/867/682 881/870/668 899/643/686
f 881/871/668 880/640/667 898/869/685 899/872/686
f 826/873/629 900/874/687 896/875/683 827/876/630
f 826/873/629 830/851/633 894/850/681 900/874/687
f 883/836/670 890/862/677 901/877/688 902/878/689
f 894/863/681 884/865/671 903/648/690 904/649/691
f 884/837/671 883/836/670 902/878/689 903/879/690
f 896/880/683 900/881/687 905/653/692 906/654/693
f 900/881/687 894/863/681 904/649/691 905/653/692
f 907/882/694 896/883/683 906/884/693 908/885/695
f 890/862/677 907/882/694 908/885/695 901/877/688
f 902/886/689 901/660/688 904/649/691 903/648/690
f 901/660/688 908/661/695 905/653/692 904/649/691
f 905/653/692 908/661/695 906/654/693
f 823/753/626 822/752/625 838/773/641 753/772/558
f 822/752/625 825/755/628 779/887/583 838/773/641
f 829/759/632 828/758/631 844/827/646 879/826/666
f 831/761/634 829/759/632 879/826/666 863/888/661
f 833/765/636 831/764/634 863/889/661 860/890/658
f 835/767/638 833/765/636 860/890/658 782/891/586
f 825/769/628 835/767/638 782/891/586 779/892/583
f 828/758/631 837/771/640 842/893/644 844/827/646
f 837/771/640 823/753/626 755/894/560 842/893/644
f 823/753/626 753/772/558 755/894/560
f 898/869/685 892/866/679 886/839/673 888/840/675
f 899/872/686 898/869/685 888/840/675 889/895/676
f 895/867/682 899/643/686 889/896/676 887/868/674
f 812/733/615 809/729/612 808/728/611 821/831/624
f 819/746/622 821/749/624 808/859/611 897/856/684
f 744/747/549 819/746/622 897/856/684 896/855/683
f 745/897/550 744/898/549 896/899/683 907/900/694
f 907/900/694 890/844/677 732/843/537 745/897/550
f 810/730/613 820/832/623 909/901/696 910/902/697
f 811/731/614 810/730/613 910/902/697 911/903/698
f 814/736/617 813/735/616 912/904/699 913/905/700
f 813/735/616 816/739/619 914/906/701 912/904/699
f 818/745/621 814/744/617 913/907/700 915/908/702
f 816/739/619 815/738/618 916/909/703 914/906/701
f 815/738/618 817/742/620 917/910/704 916/909/703
f 820/748/623 818/745/621 915/908/702 909/911/696
f 817/742/620 811/731/614 911/903/698 917/910/704
f 918/623/705 919/626/706 920/625/707 921/624/708
f 922/627/709 923/628/710 919/626/706 918/623/705
f 924/629/711 925/630/712 923/628/710 922/627/709
f 926/631/713 918/623/705 921/624/708 927/632/714
f 928/633/715 920/636/707 919/635/706 929/634/716
f 930/637/717 922/627/709 918/623/705 926/631/713
f 929/634/716 919/635/706 923/639/710 931/638/718
f 932/640/719 933/641/720 930/637/717
f 931/638/718 934/643/721 935/642/722
f 935/644/722 934/645/721 933/641/720 932/640/719
f 921/624/708 936/647/723 937/646/724 927/632/714
f 928/633/715 938/649/725 939/648/726 920/636/707
f 920/625/707 939/650/726 936/647/723 921/624/708
f 940/651/727 941/654/728 942/653/729 943/652/730
f 943/652/730 942/653/729 938/649/725 928/633/715
f 944/655/731 945/658/732 941/657/728 940/656/727
f 927/632/714 937/646/724 945/658/732 944/655/731
f 936/659/723 939/648/726 938/649/725 937/660/724
f 937/660/724 938/649/725 942/653/729 945/661/732
f 942/653/729 941/654/728 945/661/732
f 933/641/720 924/629/711 922/627/709 930/637/717
f 934/645/721 925/662/712 924/629/711 933/641/720
f 931/638/718 923/639/710 925/663/712 934/643/721
f 946/664/555 947/667/733 948/666/734 949/665/735
f 947/668/733 950/671/736 951/670/737 948/669/734
f 950/672/736 952/675/562 953/674/738 951/673/737
f 952/676/562 946/679/555 949/678/735 953/677/738
f 954/680/739 955/683/740 956/682/741 957/681/742
f 948/666/734 958/685/743 959/684/744 949/665/735
f 960/686/745 961/689/746 962/688/747 963/687/748
f 953/674/738 964/691/749 965/690/750 951/673/737
f 966/692/751 967/695/752 968/694/753 969/693/754
f 951/670/737 960/686/745 963/687/748 948/669/734
f 948/666/734 963/697/748 962/696/747 958/685/743
f 955/683/740 970/699/755 971/698/756 956/682/741
f 956/682/741 971/698/756 961/700/746 965/690/750
f 949/678/735 966/692/751 969/693/754 953/677/738
f 953/674/738 969/702/754 968/701/753 964/691/749
f 957/681/742 972/704/757 973/703/758 954/680/739
f 954/680/739 973/703/758 967/705/752 959/684/744
f 974/664/555 975/707/759 976/666/760 977/706/761
f 977/708/761 976/669/760 978/710/762 979/709/763
f 979/672/763 978/673/762 980/711/764 981/675/562
f 981/676/562 980/677/764 975/678/759 974/679/555
f 982/680/765 983/681/766 984/712/767 985/683/768
f 976/666/760 975/707/759 986/684/769 987/685/770
f 988/713/771 989/715/772 990/714/773 991/689/774
f 980/711/764 978/673/762 992/690/775 993/691/776
f 994/692/777 995/693/778 996/694/779 997/695/780
f 947/716/733 946/719/555 974/718/555 977/717/761
f 952/720/562 950/723/736 979/722/763 981/721/562
f 978/710/762 976/669/760 989/715/772 988/713/771
f 976/666/760 987/685/770 990/696/773 989/697/772
f 985/683/768 984/712/767 998/724/781 999/699/782
f 984/712/767 992/690/775 991/725/774 998/724/781
f 975/678/759 980/677/764 995/693/778 994/692/777
f 980/711/764 993/691/776 996/701/779 995/702/778
f 983/681/766 982/680/765 1000/703/783 1001/704/784
f 982/680/765 986/684/769 997/705/780 1000/703/783
f 1002/726/785 1003/729/786 1004/728/787 1005/727/788
f 1006/730/789 1007/733/790 932/732/719 1008/731/791
f 944/734/731 940/737/727 1009/736/792 1010/735/793
f 1011/738/794 926/741/713 927/740/714 1012/739/795
f 1013/742/796 930/743/717 926/741/713 1011/738/794
f 1008/731/791 932/732/719 930/743/717 1013/742/796
f 1009/744/792 940/747/727 1014/746/797 1015/745/798
f 1015/745/798 1014/746/797 1016/749/799 1017/748/800
f 1005/750/788 1018/753/801 1019/752/802 1002/751/785
f 1002/751/785 1019/752/802 1020/755/803 1021/754/804
f 1022/756/805 1023/759/806 1024/758/807 1025/757/808
f 1026/760/809 1027/761/810 1023/759/806 1022/756/805
f 1028/762/811 1029/765/812 1027/764/810 1026/763/809
f 1030/766/813 1031/767/814 1029/765/812 1028/762/811
f 1021/768/804 1020/769/803 1031/767/814 1030/766/813
f 1025/757/808 1024/758/807 1032/771/815 1033/770/816
f 1018/753/801 1005/750/788 1033/770/816 1032/771/815
f 947/772/733 977/774/761 1034/773/817
f 1035/775/555 1036/778/818 1037/777/659 1038/776/660
f 1036/779/818 1039/782/819 1040/781/662 1037/780/659
f 1039/783/819 1041/786/562 1042/785/663 1040/784/662
f 1041/787/562 1035/790/555 1038/789/660 1042/788/663
f 1043/791/664 1044/794/664 1045/793/665 1046/792/665
f 1037/777/659 1044/794/664 1043/791/664 1038/776/660
f 1047/795/653 1048/798/650 1049/797/651 1050/796/652
f 1042/785/663 1046/792/665 1045/793/665 1040/784/662
f 1051/799/657 1052/802/654 1053/801/655 1054/800/656
f 1040/781/662 1047/795/653 1050/796/652 1037/780/659
f 1050/803/652 1049/797/651 1044/794/664 1037/777/659
f 1044/794/664 1049/797/651 1048/798/650 1045/793/665
f 1047/804/653 1040/784/662 1045/793/665 1048/798/650
f 1038/789/660 1051/799/657 1054/800/656 1042/788/663
f 1054/805/656 1053/801/655 1046/792/665 1042/785/663
f 1046/792/665 1053/801/655 1052/802/654 1043/791/664
f 1051/806/657 1038/776/660 1043/791/664 1052/802/654
f 1055/775/555 1056/808/642 1057/777/643 1058/807/820
f 1058/779/820 1057/780/643 1059/781/645 1060/809/821
f 1060/783/821 1059/784/645 1061/785/647 1062/786/562
f 1062/810/562 1061/812/647 1056/789/642 1055/811/555
f 1063/791/648 1064/792/649 1065/813/649 1066/794/648
f 1056/808/642 1063/791/648 1066/794/648 1057/777/643
f 1067/796/651 1068/814/822 1069/798/823 1070/795/650
f 1059/784/645 1065/813/649 1064/792/649 1061/785/647
f 1071/815/655 1072/801/656 1073/816/657 1074/799/654
f 1036/817/818 1035/820/555 1055/819/555 1058/818/820
f 1041/821/562 1039/824/819 1060/823/821 1062/822/562
f 1059/781/645 1057/780/643 1067/796/651 1070/795/650
f 1057/777/643 1066/794/648 1068/814/822 1067/803/651
f 1066/794/648 1065/813/649 1069/798/823 1068/814/822
f 1059/784/645 1070/804/650 1069/798/823 1065/813/649
f 1056/789/642 1061/812/647 1071/815/655 1074/799/654
f 1061/785/647 1064/792/649 1072/801/656 1071/805/655
f 1064/792/649 1063/791/648 1073/816/657 1072/801/656
f 1056/808/642 1074/825/654 1073/816/657 1063/791/648
f 952/720/562 981/721/562 974/718/555 946/719/555
f 1041/821/562 1062/822/562 1055/819/555 1035/820/555
f 1075/826/824 1060/828/821 1039/827/819
f 979/722/763 950/723/736 1036/817/818 1058/818/820
f 958/685/743 955/683/740 954/680/739 959/684/744
f 961/689/746 971/698/756 970/699/755 962/688/747
f 964/691/749 957/681/742 956/682/741 965/690/750
f 967/695/752 973/703/758 972/704/757 968/694/753
f 962/696/747 970/699/755 955/683/740 958/685/743
f 961/700/746 960/829/745 951/673/737 965/690/750
f 968/701/753 972/704/757 957/681/742 964/691/749
f 967/705/752 966/830/751 949/665/735 959/684/744
f 986/684/769 982/680/765 985/683/768 987/685/770
f 990/714/773 999/699/782 998/724/781 991/689/774
f 992/690/775 984/712/767 983/681/766 993/691/776
f 996/694/779 1001/704/784 1000/703/783 997/695/780
f 987/685/770 985/683/768 999/699/782 990/696/773
f 992/690/775 978/673/762 988/829/771 991/725/774
f 993/691/776 983/681/766 1001/704/784 996/701/779
f 986/684/769 975/707/759 994/830/777 997/705/780
f 1007/733/790 1006/730/789 1017/832/800 1016/831/799
f 1003/729/786 1076/834/825 1077/833/826
f 1078/835/827 1079/838/828 1080/837/829 1081/836/830
f 1082/839/831 1083/628/832 1079/838/828 1078/835/827
f 1084/840/833 1085/630/834 1083/628/832 1082/839/831
f 1007/733/790 935/841/722 932/732/719
f 944/734/731 1010/735/793 1012/739/795 927/740/714
f 1007/733/790 1003/729/786 1077/833/826 935/841/722
f 929/842/716 1086/845/835 1087/844/836 928/843/715
f 931/846/718 1088/847/837 1086/845/835 929/842/716
f 935/841/722 1077/833/826 1088/847/837 931/846/718
f 1003/729/786 1002/726/785 1021/848/804 1076/834/825
f 1089/849/838 1028/852/811 1026/851/809 1090/850/839
f 1091/853/840 1030/854/813 1028/852/811 1089/849/838
f 1076/834/825 1021/848/804 1030/854/813 1091/853/840
f 1092/855/841 1025/858/808 1033/857/816 1093/856/842
f 1033/857/816 1005/860/788 1004/859/787 1093/856/842
f 1086/861/835 1078/835/827 1081/836/830 1087/862/836
f 1090/863/839 1080/865/829 1079/864/828 1089/634/838
f 1088/866/837 1082/839/831 1078/835/827 1086/861/835
f 1089/634/838 1079/864/828 1083/868/832 1091/867/840
f 1077/640/826 1094/869/843 1088/866/837
f 1091/867/840 1095/643/844 1076/870/825
f 1076/871/825 1095/872/844 1094/869/843 1077/640/826
f 1022/873/805 1025/876/808 1092/875/841 1096/874/845
f 1022/873/805 1096/874/845 1090/850/839 1026/851/809
f 1081/836/830 1097/878/846 1098/877/847 1087/862/836
f 1090/863/839 1099/649/848 1100/648/849 1080/865/829
f 1080/837/829 1100/879/849 1097/878/846 1081/836/830
f 1092/880/841 1101/654/850 1102/653/851 1096/881/845
f 1096/881/845 1102/653/851 1099/649/848 1090/863/839
f 1103/882/852 1104/885/853 1101/884/850 1092/883/841
f 1087/862/836 1098/877/847 1104/885/853 1103/882/852
f 1097/886/846 1100/648/849 1099/649/848 1098/660/847
f 1098/660/847 1099/649/848 1102/653/851 1104/661/853
f 1102/653/851 1101/654/850 1104/661/853
f 1018/753/801 947/772/733 1034/773/817 1019/752/802
f 1019/752/802 1034/773/817 977/887/761 1020/755/803
f 1023/759/806 1075/826/824 1039/827/819 1024/758/807
f 1027/761/810 1060/888/821 1075/826/824 1023/759/806
f 1029/765/812 1058/890/820 1060/889/821 1027/764/810
f 1031/767/814 979/891/763 1058/890/820 1029/765/812
f 1020/769/803 977/892/761 979/891/763 1031/767/814
f 1024/758/807 1039/827/819 1036/893/818 1032/771/815
f 1032/771/815 1036/893/818 950/894/736 1018/753/801
f 1018/753/801 950/894/736 947/772/733
f 1094/869/843 1084/840/833 1082/839/831 1088/866/837
f 1095/872/844 1085/895/834 1084/840/833 1094/869/843
f 1091/867/840 1083/868/832 1085/896/834 1095/643/844
f 1007/733/790 1016/831/799 1004/728/787 1003/729/786
f 1014/746/797 1093/856/842 1004/859/787 1016/749/799
f 940/747/727 1092/855/841 1093/856/842 1014/746/797
f 943/897/730 1103/900/852 1092/899/841 940/898/727
f 1103/900/852 943/897/730 928/843/715 1087/844/836
f 1006/730/789 1105/902/854 1106/901/855 1017/832/800
f 1008/731/791 1107/903/856 1105/902/854 1006/730/789
f 1009/736/792 1108/905/857 1109/904/858 1010/735/793
f 1010/735/793 1109/904/858 1110/906/859 1012/739/795
f 1015/745/798 1111/908/860 1108/907/857 1009/744/792
f 1012/739/795 1110/906/859 1112/909/861 1011/738/794
f 1011/738/794 1112/909/861 1113/910/862 1013/742/796
f 1017/748/800 1106/911/855 1111/908/860 1015/745/798
f 1013/742/796 1113/910/862 1107/903/856 1008/731/791
f 1114/912/863 1115/913/864 1116/914/865
f 1117/915/866 1118/916/867 1119/917/868 1120/918/869
f 1118/916/867 1121/919/870 1122/920/871 1119/917/868
f 1121/919/870 1123/921/872 1124/922/873 1122/920/871
f 1125/923/874 1126/924/875 1123/921/872 1121/919/870
f 1127/925/876 1128/926/877 1115/913/864
f 1129/927/878 1127/925/876 1115/913/864 1114/912/863
f 1130/928/879 1126/924/875 1125/923/874 1131/929/880
f 1131/929/880 1132/930/881 1133/931/882 1130/928/879
f 1134/932/883 1127/925/876 1129/927/878 1135/933/884
f 1128/926/877 1125/923/874 1121/919/870 1118/916/867
f 1134/932/883 1131/929/880 1125/923/874 1128/926/877
f 1128/926/877 1118/916/867 1117/915/866 1115/913/864
f 1128/926/877 1127/925/876 1134/932/883
f 1135/933/884 1136/934/885 1137/935/886 1134/932/883
f 1134/932/883 1137/935/886 1132/930/881 1131/929/880
f 1138/936/887 1133/931/882 1132/930/881 1139/937/888
f 1140/938/889 1139/937/888 1132/930/881 1137/935/886
f 1140/938/889 1137/935/886 1136/934/885 1141/939/890
f 1142/940/891 1138/936/887 1139/937/888 1143/941/892
f 1144/942/893 1143/941/892 1139/937/888 1140/938/889
f 1143/941/892 1144/942/893 1145/943/894
f 1146/944/895 1144/942/893 1140/938/889 1141/939/890
f 1147/945/896 1145/943/894 1144/942/893 1146/944/895
f 1148/946/897 1149/947/898 1145/943/894 1147/945/896
f 1150/948/899 1142/940/891 1143/941/892 1151/949/900
f 1151/949/900 1143/941/892 1145/943/894 1149/947/898
f 1151/949/900 1149/947/898 1148/946/897 1152/950/901
f 1153/951/902 1148/946/897 1147/945/896
f 1154/952/903 1152/950/901 1148/946/897 1153/951/902
f 1114/912/863 1116/914/865 1155/953/904 1156/954/905
f 1157/955/906 1150/948/899 1151/949/900 1152/950/901
f 1158/956/907 1152/950/901 1154/952/903 1159/957/908
f 1160/958/909 1161/959/910 1162/960/911 1163/961/912
f 1160/958/909 1163/961/912 1164/962/913 1165/963/914
f 1166/964/915 1167/965/916 1161/959/910 1160/958/909
f 1166/964/915 1160/958/909 1165/963/914 1168/966/917
f 1169/967/918 1166/968/915 1168/969/917 1170/970/919
f 1171/971/920 1172/972/921 1173/973/922
f 1174/974/923 1175/975/924 1172/972/921 1171/971/920
f 1171/971/920 1173/973/922 1169/967/918
f 1171/971/920 1169/967/918 1170/970/919 1174/974/923
f 1176/976/925 1177/977/926 1172/972/921
f 1176/976/925 1172/972/921 1175/975/924 1178/978/927
f 1179/979/928 1180/980/929 1177/977/926 1176/976/925
f 1179/979/928 1176/976/925 1178/978/927 1181/981/930
f 1180/980/929 1182/982/931 1183/983/932 1184/984/933
f 1185/985/934 1179/979/928 1181/981/930 1186/986/935
f 1187/987/936 1163/961/912 1162/960/911 1188/988/937
f 1189/989/938 1164/962/913 1163/961/912 1187/987/936
f 1183/983/932 1182/982/931 1188/988/937 1190/990/939
f 1187/987/936 1185/985/934 1186/986/935 1189/989/938
f 1191/991/940 1129/927/878 1114/912/863 1156/954/905
f 1192/992/941 1146/944/895 1141/939/890 1193/993/942
f 1194/994/943 1191/995/940 1195/996/944
f 1196/997/945 1193/993/942 1141/939/890 1136/934/885
f 1197/998/946 1198/999/947 1199/1000/948 1200/1001/949
f 1135/933/884 1129/927/878 1191/991/940 1194/1002/943
f 1194/1002/943 1196/997/945 1136/934/885 1135/933/884
f 1195/996/944 1200/1001/949 1196/1003/945 1194/994/943
f 1200/1001/949 1199/1000/948 1192/1004/941 1193/1005/942
f 1200/1001/949 1193/1005/942 1196/1003/945
f 1147/945/896 1146/944/895 1192/992/941 1201/1006/950
f 1154/952/903 1153/951/902 1202/1007/951 1203/1008/952
f 1159/957/908 1154/952/903 1203/1008/952 1204/1009/953
f 1153/951/902 1147/945/896 1201/1006/950 1202/1007/951
f 1202/1010/951 1201/1011/950 1205/1012/954
f 1205/1012/954 1203/1013/952 1202/1010/951
f 1201/1011/950 1192/1004/941 1199/1000/948 1205/1012/954
f 1205/1012/954 1199/1000/948 1198/999/947 1206/1014/955
f 1205/1012/954 1206/1014/955 1207/1015/956 1208/1016/957
f 1205/1012/954 1208/1016/957 1204/1017/953 1203/1013/952
f 1197/998/946 1200/1001/949 1195/996/944 1209/1018/958
f 1209/1019/958 1195/1020/944 1191/1021/940 1210/1022/959
f 1210/1022/959 1191/1021/940 1156/1023/905 1211/1024/960
f 1211/1024/960 1156/1023/905 1155/1025/904 1212/1026/961
f 1212/1026/961 1155/1025/904 1120/1027/869 1213/1028/962
f 1213/1028/962 1120/1027/869 1119/1029/868 1214/1030/963
f 1122/1031/871 1124/1032/873 1215/1033/964 1216/1034/965
f 1214/1030/963 1119/1029/868 1122/1031/871 1216/1034/965
f 1217/1035/966 1218/1036/967 1207/1015/956 1206/1014/955
f 1198/999/947 1197/998/946 1209/1018/958 1219/1037/968
f 1217/1035/966 1206/1014/955 1198/999/947 1219/1037/968
f 1216/1034/965 1215/1033/964 1220/1038/969 1221/1039/970
f 1221/1040/970 1220/1041/969 1222/1042/971 1223/1043/972
f 1214/1030/963 1216/1034/965 1221/1039/970 1224/1044/973
f 1209/1019/958 1210/1022/959 1225/1045/974 1226/1046/975
f 1227/1047/976 1225/1045/974 1210/1022/959 1211/1024/960
f 1228/1048/977 1229/1049/978 1225/1045/974 1227/1047/976
f 1230/1050/979 1227/1047/976 1211/1024/960 1212/1026/961
f 1213/1028/962 1214/1030/963 1224/1044/973 1231/1051/980
f 1231/1051/980 1230/1050/979 1212/1026/961 1213/1028/962
f 1232/1052/981 1228/1048/977 1227/1047/976 1230/1050/979
f 1232/1052/981 1230/1050/979 1231/1051/980 1233/1053/982
f 1157/955/906 1152/950/901 1158/956/907 1234/1054/983
f 1158/956/907 1159/957/908 1235/1055/984 1236/1056/985
f 1158/956/907 1236/1056/985 1237/1057/986 1234/1054/983
f 1236/1058/985 1235/1059/984 1167/965/916 1166/964/915
f 1169/967/918 1173/973/922 1237/1060/986 1236/1061/985
f 1236/1061/985 1166/968/915 1169/967/918
f 1231/1051/980 1224/1044/973 1238/1062/987 1233/1053/982
f 1239/1063/988 1240/1064/989 1241/1065/990 1242/1066/991
f 1243/1067/992 1190/990/939 1188/988/937 1162/960/911
f 1244/1068/993 1161/959/910 1167/965/916 1245/1069/994
f 1243/1067/992 1162/960/911 1161/959/910 1244/1068/993
f 1246/1070/995 1177/977/926 1180/980/929 1184/984/933
f 1247/1071/996 1245/1072/994 1167/1073/916 1235/1074/984
f 1235/1055/984 1159/957/908 1204/1009/953 1248/1075/997
f 1249/1076/998 1247/1071/996 1235/1074/984 1248/1077/997
f 1248/1078/997 1204/1017/953 1208/1016/957 1250/1079/999
f 1250/1079/999 1208/1016/957 1207/1015/956 1251/1080/1000
f 1252/1081/1001 1249/1076/998 1248/1077/997 1250/1082/999
f 1251/1080/1000 1207/1015/956 1218/1036/967 1253/1083/1002
f 1252/1081/1001 1250/1082/999 1251/1084/1000 1254/1085/1003
f 1255/1086/1004 1254/1085/1003 1251/1084/1000 1253/1087/1002
f 1256/1088/1005 1252/1081/1001 1254/1085/1003
f 1256/1088/1005 1254/1085/1003 1255/1086/1004 1257/1089/1006
f 1258/1090/1007 1246/1091/995 1184/1092/933
f 1258/1090/1007 1184/1092/933 1183/1093/932 1259/1094/1008
f 1260/1095/1009 1261/1096/1010 1258/1090/1007 1259/1094/1008
f 1183/1093/932 1190/1097/939 1262/1098/1011 1259/1094/1008
f 1263/1099/1012 1260/1095/1009 1259/1094/1008 1262/1098/1011
f 1262/1098/1011 1190/1097/939 1243/1100/992 1264/1101/1013
f 1265/1102/1014 1263/1099/1012 1262/1098/1011 1264/1101/1013
f 1266/1103/1015 1264/1101/1013 1243/1100/992 1244/1104/993
f 1244/1104/993 1245/1072/994 1247/1071/996 1266/1103/1015
f 1266/1103/1015 1247/1071/996 1249/1076/998 1267/1105/1016
f 1267/1105/1016 1249/1076/998 1252/1081/1001 1256/1088/1005
f 1268/1106/1017 1266/1103/1015 1267/1105/1016
f 1268/1106/1017 1265/1102/1014 1264/1101/1013 1266/1103/1015
f 1269/1107/1018 1270/1108/1019 1261/1096/1010 1260/1095/1009
f 1271/1109/1020 1272/1110/1021 1273/1111/1022 1269/1112/1018
f 1274/1113/1023 1269/1107/1018 1260/1095/1009 1263/1099/1012
f 1271/1109/1020 1269/1112/1018 1274/1114/1023
f 1275/1115/1024 1274/1113/1023 1263/1099/1012 1265/1102/1014
f 1276/1116/1025 1275/1115/1024 1265/1102/1014 1268/1106/1017
f 1276/1116/1025 1268/1106/1017 1267/1105/1016 1277/1117/1026
f 1278/1118/1027 1277/1117/1026 1267/1105/1016 1256/1088/1005
f 1278/1118/1027 1256/1088/1005 1257/1089/1006 1279/1119/1028
f 1272/1110/1021 1280/1120/1029 1281/1121/1030 1273/1111/1022
f 1282/1122/1031 1283/1123/1032 1284/1124/1033 1285/1125/1034
f 1282/1122/1031 1286/1126/1035 1287/1127/1036 1283/1123/1032
f 1288/1128/1037 1289/1129/1038 1290/1130/1039
f 1290/1130/1039 1291/1131/1040 1292/1132/1041 1288/1128/1037
f 1291/1131/1040 1290/1130/1039 1293/1133/1042 1294/1134/1043
f 1295/1135/1044 1278/1118/1027 1279/1119/1028 1296/1136/1045
f 1297/1137/1046 1277/1117/1026 1278/1118/1027 1295/1135/1044
f 1276/1116/1025 1277/1117/1026 1297/1137/1046 1298/1138/1047
f 1275/1115/1024 1276/1116/1025 1298/1138/1047 1299/1139/1048
f 1274/1113/1023 1300/1140/1049 1271/1141/1020
f 1274/1113/1023 1275/1115/1024 1299/1139/1048 1301/1142/1050
f 1295/1135/1044 1296/1136/1045 1302/1143/1051 1303/1144/1052
f 1297/1137/1046 1295/1135/1044 1303/1144/1052 1304/1145/1053
f 1298/1138/1047 1297/1137/1046 1304/1145/1053 1305/1146/1054
f 1299/1139/1048 1298/1138/1047 1305/1146/1054 1306/1147/1055
f 1307/1148/1056 1294/1134/1043 1293/1133/1042 1301/1142/1050
f 1301/1142/1050 1299/1139/1048 1306/1147/1055 1307/1148/1056
f 1308/1149/1057 1309/1150/1058 1292/1132/1041 1291/1131/1040
f 1308/1149/1057 1291/1131/1040 1294/1134/1043 1310/1151/1059
f 1311/1152/1060 1309/1150/1058 1308/1149/1057 1312/1153/1061
f 1313/1154/1062 1314/1155/1063 1315/1156/1064 1316/1157/1065
f 1316/1157/1065 1315/1156/1064 1311/1152/1060 1312/1153/1061
f 1316/1157/1065 1312/1153/1061 1317/1158/1066
f 1318/1159/1067 1319/1160/1068 1313/1154/1062 1316/1157/1065
f 1320/1161/1069 1319/1160/1068 1318/1159/1067 1321/1162/1070
f 1322/1163/1071 1323/1164/1072 1320/1161/1069 1321/1162/1070
f 1324/1165/1073 1325/1166/1074 1323/1164/1072 1322/1163/1071
f 1326/1167/1075 1317/1158/1066 1327/1168/1076
f 1318/1159/1067 1316/1157/1065 1317/1158/1066 1326/1167/1075
f 1328/1169/1077 1321/1162/1070 1318/1159/1067 1326/1167/1075
f 1329/1170/1078 1324/1165/1073 1322/1163/1071 1330/1171/1079
f 1330/1171/1079 1322/1163/1071 1321/1162/1070 1328/1169/1077
f 1331/1172/1080 1329/1170/1078 1330/1171/1079 1332/1173/1081
f 1332/1173/1081 1330/1171/1079 1328/1169/1077 1333/1174/1082
f 1327/1168/1076 1333/1174/1082 1328/1169/1077 1326/1167/1075
f 1334/1175/1083 1335/1176/1084 1303/1144/1052 1302/1143/1051
f 1336/1177/1085 1327/1168/1076 1317/1158/1066 1312/1153/1061
f 1336/1177/1085 1312/1153/1061 1308/1149/1057 1310/1151/1059
f 1333/1174/1082 1327/1168/1076 1337/1178/1086
f 1338/1179/1087 1333/1174/1082 1337/1178/1086 1339/1180/1088
f 1335/1176/1084 1340/1181/1089 1304/1145/1053 1303/1144/1052
f 1338/1179/1087 1339/1180/1088 1341/1182/1090
f 1342/1183/1091 1335/1176/1084 1334/1175/1083 1341/1182/1090
f 1343/1184/1092 1340/1181/1089 1335/1176/1084 1342/1183/1091
f 1342/1183/1091 1341/1182/1090 1339/1180/1088 1343/1184/1092
f 1344/1185/1093 1310/1151/1059 1294/1134/1043 1307/1148/1056
f 1307/1148/1056 1306/1147/1055 1345/1186/1094 1344/1185/1093
f 1337/1178/1086 1327/1168/1076 1336/1177/1085 1346/1187/1095
f 1347/1188/1096 1345/1186/1094 1306/1147/1055 1305/1146/1054
f 1345/1186/1094 1347/1188/1096 1346/1187/1095 1344/1185/1093
f 1305/1146/1054 1304/1145/1053 1340/1181/1089 1347/1188/1096
f 1347/1188/1096 1340/1181/1089 1343/1184/1092 1346/1187/1095
f 1336/1177/1085 1310/1151/1059 1344/1185/1093 1346/1187/1095
f 1343/1184/1092 1339/1180/1088 1337/1178/1086 1346/1187/1095
f 1226/1046/975 1225/1045/974 1229/1049/978 1348/1189/1097
f 1349/1190/1098 1350/1191/1099 1338/1179/1087 1341/1182/1090
f 1351/1192/1100 1349/1190/1098 1341/1182/1090 1334/1175/1083
f 1352/1193/1101 1350/1191/1099 1349/1190/1098 1353/1194/1102
f 1354/1195/1103 1351/1192/1100 1334/1175/1083 1302/1143/1051
f 1353/1194/1102 1349/1190/1098 1351/1192/1100 1355/1196/1104
f 1354/1195/1103 1302/1143/1051 1296/1136/1045 1356/1197/1105
f 1355/1196/1104 1351/1192/1100 1354/1195/1103 1357/1198/1106
f 1356/1197/1105 1296/1136/1045 1279/1119/1028 1358/1199/1107
f 1357/1198/1106 1354/1195/1103 1356/1197/1105 1359/1200/1108
f 1360/1201/1109 1358/1199/1107 1279/1119/1028 1257/1089/1006
f 1359/1200/1108 1356/1197/1105 1358/1199/1107 1361/1202/1110
f 1360/1201/1109 1257/1089/1006 1255/1086/1004 1362/1203/1111
f 1361/1202/1110 1358/1199/1107 1360/1201/1109 1363/1204/1112
f 1363/1204/1112 1360/1201/1109 1362/1203/1111 1364/1205/1113
f 1362/1203/1111 1255/1086/1004 1253/1087/1002 1365/1206/1114
f 1366/1207/1115 1365/1208/1114 1253/1083/1002 1218/1036/967
f 1367/1209/1116 1364/1205/1113 1362/1203/1111 1365/1206/1114
f 1368/1210/1117 1366/1207/1115 1218/1036/967 1217/1035/966
f 1367/1211/1116 1365/1208/1114 1366/1207/1115 1369/1212/1118
f 1219/1037/968 1209/1018/958 1226/1213/975 1370/1214/1119
f 1370/1214/1119 1368/1210/1117 1217/1035/966 1219/1037/968
f 1369/1212/1118 1366/1207/1115 1368/1210/1117 1371/1215/1120
f 1371/1215/1120 1368/1210/1117 1370/1214/1119 1372/1216/1121
f 1373/1217/1122 1374/1218/1123 1375/1219/1124 1376/1220/1125
f 1377/1221/1126 1226/1046/975 1378/1222/1127 1379/1223/1128
f 1372/1216/1121 1370/1214/1119 1226/1213/975 1377/1224/1126
f 1224/1225/973 1221/1040/970 1223/1043/972 1380/1226/1129
f 1380/1226/1129 1381/1227/1130 1238/1228/987
f 1240/1064/989 1239/1063/988 1381/1229/1130 1382/1230/1131
f 1338/1231/1087 1350/1232/1099 1383/1233/1132 1384/1234/1133
f 1350/1232/1099 1352/1235/1101 1385/1236/1134 1383/1233/1132
f 1386/1237/1135 1387/1238/1136 1388/1239/1137 1389/1240/1138
f 1390/1241/1139 1391/1242/1140 1392/1243/1141 1393/1244/1142
f 1391/1242/1140 1394/1245/1143 1395/1246/1144 1392/1243/1141
f 1394/1245/1143 1396/1247/1145 1397/1248/1146 1395/1246/1144
f 1396/1247/1145 1398/1249/1147 1399/1250/1148 1397/1248/1146
f 1398/1249/1147 1400/1251/1149 1401/1252/1150 1399/1250/1148
f 1402/1253/1151 1403/1254/1152 1387/1238/1136 1386/1255/1135
f 1403/1254/1152 1390/1241/1139 1388/1239/1137 1387/1238/1136
f 1393/1244/1142 1404/1256/1153 1405/1257/1154 1406/1258/1155
f 1403/1254/1152 1402/1253/1151 1407/1259/1156 1408/1260/1157
f 1409/1261/1158 1403/1254/1152 1408/1260/1157 1410/1262/1159
f 1409/1261/1158 1411/1263/1160 1394/1245/1143
f 1412/1264/1161 1413/1265/1162 1414/1266/1163 1415/1267/1164
f 1396/1247/1145 1416/1268/1165 1398/1249/1147
f 1398/1249/1147 1417/1269/1166 1418/1270/1167 1400/1251/1149
f 1390/1241/1139 1393/1244/1142 1406/1258/1155 1388/1239/1137
f 1403/1254/1152 1409/1261/1158 1391/1242/1140 1390/1241/1139
f 1409/1261/1158 1394/1245/1143 1391/1242/1140
f 1396/1271/1145 1394/1272/1143 1415/1267/1164 1414/1273/1163
f 1394/1272/1143 1411/1274/1160 1412/1264/1161 1415/1267/1164
f 1419/1275/1168 1420/1276/1169 1421/1277/1170 1422/1278/1171
f 1396/1279/1145 1414/1280/1163 1413/1281/1162 1416/1282/1165
f 1172/972/921 1177/977/926 1173/973/922
f 1423/923/1172 1424/919/1173 1123/921/872 1126/924/875
f 1425/1283/1174 1426/913/1175 1427/926/1176
f 1428/927/1177 1429/1284/1178 1426/913/1175 1425/1283/1174
f 1130/928/879 1430/929/1179 1423/923/1172 1126/924/875
f 1430/929/1179 1130/928/879 1133/931/882 1431/930/1180
f 1432/932/1181 1433/933/1182 1428/927/1177 1425/1283/1174
f 1427/926/1176 1434/916/1183 1424/919/1173 1423/923/1172
f 1432/932/1181 1427/926/1176 1423/923/1172 1430/929/1179
f 1427/926/1176 1426/913/1175 1435/915/1184 1434/916/1183
f 1427/926/1176 1432/932/1181 1425/1283/1174
f 1433/933/1182 1432/932/1181 1436/935/1185 1437/934/1186
f 1432/932/1181 1430/929/1179 1431/930/1180 1436/935/1185
f 1138/936/887 1438/937/1187 1431/930/1180 1133/931/882
f 1439/938/1188 1436/935/1185 1431/930/1180 1438/937/1187
f 1439/938/1188 1440/939/1189 1437/934/1186 1436/935/1185
f 1142/940/891 1441/941/1190 1438/937/1187 1138/936/887
f 1442/942/1191 1439/938/1188 1438/937/1187 1441/941/1190
f 1441/941/1190 1443/943/1192 1442/942/1191
f 1444/944/1193 1440/939/1189 1439/938/1188 1442/942/1191
f 1445/1285/1194 1444/1286/1193 1442/1287/1191 1443/1288/1192
f 1446/1289/1195 1445/1285/1194 1443/1288/1192 1447/1290/1196
f 1150/948/899 1448/949/1197 1441/941/1190 1142/940/891
f 1448/949/1197 1447/947/1196 1443/943/1192 1441/941/1190
f 1448/1291/1197 1449/1292/1198 1446/1289/1195 1447/1290/1196
f 1450/1293/1199 1445/1285/1194 1446/1289/1195
f 1451/1294/1200 1450/1293/1199 1446/1289/1195 1449/1292/1198
f 1424/919/1173 1452/920/1201 1124/922/873 1123/921/872
f 1434/916/1183 1453/917/1202 1452/920/1201 1424/919/1173
f 1435/915/1184 1454/918/1203 1453/917/1202 1434/916/1183
f 1455/914/1204 1456/953/1205 1454/918/1203
f 1429/1284/1178 1457/954/1206 1456/953/1205 1455/914/1204
f 1157/955/906 1449/950/1198 1448/949/1197 1150/948/899
f 1458/1295/1207 1459/1296/1208 1451/1294/1200 1449/1292/1198
f 1460/1297/1209 1461/961/1210 1462/1298/1211 1463/959/1212
f 1460/1297/1209 1464/963/1213 1465/962/1214 1461/961/1210
f 1466/964/1215 1460/1297/1209 1463/959/1212 1467/965/1216
f 1466/964/1215 1468/966/1217 1464/963/1213 1460/1297/1209
f 1469/967/1218 1470/970/1219 1468/969/1217 1466/968/1215
f 1471/1299/1220 1173/973/922 1472/972/1221
f 1473/974/1222 1471/1299/1220 1472/972/1221 1474/1300/1223
f 1471/1299/1220 1469/967/1218 1173/973/922
f 1471/1299/1220 1473/974/1222 1470/970/1219 1469/967/1218
f 1475/976/1224 1472/972/1221 1177/977/926
f 1475/976/1224 1476/978/1225 1474/1300/1223 1472/972/1221
f 1477/979/1226 1475/976/1224 1177/977/926 1478/980/1227
f 1477/979/1226 1479/981/1228 1476/978/1225 1475/976/1224
f 1480/985/1229 1477/979/1226 1478/980/1227 1481/982/1230
f 1480/985/1229 1482/986/1231 1479/981/1228 1477/979/1226
f 1483/987/1232 1484/988/1233 1462/1298/1211 1461/961/1210
f 1485/989/1234 1483/987/1232 1461/961/1210 1465/962/1214
f 1483/987/1232 1480/985/1229 1481/982/1230 1484/988/1233
f 1483/987/1232 1485/989/1234 1482/986/1231 1480/985/1229
f 1486/991/1235 1457/954/1206 1429/1284/1178 1428/927/1177
f 1487/992/1236 1488/993/1237 1440/939/1189 1444/944/1193
f 1489/994/1238 1490/996/1239 1486/995/1235
f 1491/1301/1240 1437/934/1186 1440/939/1189 1488/993/1237
f 1492/998/1241 1493/1001/1242 1494/1000/1243 1495/999/1244
f 1433/933/1182 1489/1002/1238 1486/991/1235 1428/927/1177
f 1489/1002/1238 1433/933/1182 1437/934/1186 1491/1301/1240
f 1490/996/1239 1489/994/1238 1491/1003/1240 1493/1001/1242
f 1493/1001/1242 1488/1005/1237 1487/1004/1236 1494/1000/1243
f 1493/1001/1242 1491/1003/1240 1488/1005/1237
f 1445/1285/1194 1496/1302/1245 1487/1303/1236 1444/1286/1193
f 1451/1294/1200 1497/1304/1246 1498/1305/1247 1450/1293/1199
f 1459/1296/1208 1499/1306/1248 1497/1304/1246 1451/1294/1200
f 1450/1293/1199 1498/1305/1247 1496/1302/1245 1445/1285/1194
f 1498/1305/1247 1500/1307/1249 1496/1302/1245
f 1500/1307/1249 1498/1305/1247 1497/1304/1246
f 1496/1302/1245 1500/1307/1249 1494/1308/1243 1487/1303/1236
f 1500/1307/1249 1501/1309/1250 1495/1310/1244 1494/1308/1243
f 1500/1307/1249 1502/1311/1251 1503/1312/1252 1501/1309/1250
f 1500/1307/1249 1497/1304/1246 1499/1306/1248 1502/1311/1251
f 1492/998/1241 1504/1313/1253 1490/996/1239 1493/1001/1242
f 1504/1314/1253 1505/1315/1254 1486/1316/1235 1490/1317/1239
f 1505/1315/1254 1506/1318/1255 1457/1319/1206 1486/1316/1235
f 1506/1318/1255 1507/1320/1256 1456/1321/1205 1457/1319/1206
f 1507/1320/1256 1508/1322/1257 1454/1323/1203 1456/1321/1205
f 1508/1322/1257 1509/1324/1258 1453/1325/1202 1454/1323/1203
f 1452/1326/1201 1510/1327/1259 1215/1328/964 1124/1329/873
f 1509/1324/1258 1510/1327/1259 1452/1326/1201 1453/1325/1202
f 1511/1035/1260 1501/1014/1250 1503/1015/1252 1512/1036/1261
f 1495/999/1244 1513/1037/1262 1504/1313/1253 1492/998/1241
f 1511/1035/1260 1513/1037/1262 1495/999/1244 1501/1014/1250
f 1510/1327/1259 1514/1330/1263 1220/1331/969 1215/1328/964
f 1514/1332/1263 1515/1333/1264 1222/1334/971 1220/1335/969
f 1509/1324/1258 1516/1336/1265 1514/1330/1263 1510/1327/1259
f 1504/1314/1253 1517/1337/1266 1518/1338/1267 1505/1315/1254
f 1519/1339/1268 1506/1318/1255 1505/1315/1254 1518/1338/1267
f 1520/1340/1269 1519/1339/1268 1518/1338/1267 1521/1341/1270
f 1522/1342/1271 1523/1343/1272 1520/1340/1269 1521/1341/1270
f 1524/1344/1273 1507/1320/1256 1506/1318/1255 1519/1339/1268
f 1508/1322/1257 1525/1345/1274 1516/1336/1265 1509/1324/1258
f 1525/1345/1274 1508/1322/1257 1507/1320/1256 1524/1344/1273
f 1526/1346/1275 1527/1347/1276 1520/1340/1269 1523/1343/1272
f 1527/1347/1276 1524/1344/1273 1519/1339/1268 1520/1340/1269
f 1527/1347/1276 1528/1348/1277 1525/1345/1274 1524/1344/1273
f 1458/1295/1207 1529/1349/1278 1530/1350/1279 1459/1296/1208
f 1458/956/1207 1234/1054/983 1237/1057/986 1529/1351/1278
f 1157/955/906 1234/1054/983 1458/956/1207 1449/950/1198
f 1529/1352/1278 1466/964/1215 1467/965/1216 1530/1059/1279
f 1469/967/1218 1529/1061/1278 1237/1060/986 1173/973/922
f 1529/1061/1278 1469/967/1218 1466/968/1215
f 1525/1345/1274 1528/1348/1277 1531/1353/1280 1516/1336/1265
f 1528/1348/1277 1527/1347/1276 1526/1346/1275 1532/1354/1281
f 1533/984/1282 1534/983/1283 1481/982/1230 1478/980/1227
f 1535/990/1284 1484/988/1233 1481/982/1230 1534/983/1283
f 1536/1067/1285 1462/1298/1211 1484/988/1233 1535/990/1284
f 1537/1068/1286 1538/1069/1287 1467/965/1216 1463/959/1212
f 1536/1067/1285 1537/1068/1286 1463/959/1212 1462/1298/1211
f 1246/1070/995 1533/984/1282 1478/980/1227 1177/977/926
f 1539/1071/1288 1530/1355/1279 1467/1356/1216 1538/1072/1287
f 1530/1350/1279 1540/1357/1289 1499/1306/1248 1459/1296/1208
f 1541/1358/1290 1540/1077/1289 1530/1355/1279 1539/1071/1288
f 1540/1357/1289 1542/1359/1291 1502/1311/1251 1499/1306/1248
f 1542/1359/1291 1543/1360/1292 1503/1312/1252 1502/1311/1251
f 1544/1081/1293 1542/1082/1291 1540/1077/1289 1541/1358/1290
f 1543/1080/1292 1545/1083/1294 1512/1036/1261 1503/1015/1252
f 1544/1081/1293 1546/1085/1295 1543/1084/1292 1542/1082/1291
f 1547/1086/1296 1545/1087/1294 1543/1084/1292 1546/1085/1295
f 1548/1088/1297 1546/1085/1295 1544/1081/1293
f 1548/1088/1297 1549/1089/1298 1547/1086/1296 1546/1085/1295
f 1258/1090/1007 1533/1092/1282 1246/1091/995
f 1258/1090/1007 1550/1094/1299 1534/1093/1283 1533/1092/1282
f 1551/1095/1300 1550/1094/1299 1258/1090/1007 1261/1096/1010
f 1550/1094/1299 1552/1098/1301 1535/1097/1284 1534/1093/1283
f 1553/1099/1302 1552/1098/1301 1550/1094/1299 1551/1095/1300
f 1552/1098/1301 1554/1101/1303 1536/1100/1285 1535/1097/1284
f 1555/1102/1304 1554/1101/1303 1552/1098/1301 1553/1099/1302
f 1556/1361/1305 1537/1362/1286 1536/1100/1285 1554/1101/1303
f 1537/1362/1286 1556/1361/1305 1539/1071/1288 1538/1072/1287
f 1556/1361/1305 1557/1105/1306 1541/1358/1290 1539/1071/1288
f 1557/1105/1306 1548/1088/1297 1544/1081/1293 1541/1358/1290
f 1558/1106/1307 1557/1105/1306 1556/1361/1305
f 1558/1106/1307 1556/1361/1305 1554/1101/1303 1555/1102/1304
f 1559/1107/1308 1551/1095/1300 1261/1096/1010 1270/1108/1019
f 1560/1363/1309 1559/1364/1308 1561/1365/1310 1562/1366/1311
f 1563/1113/1312 1553/1099/1302 1551/1095/1300 1559/1107/1308
f 1560/1363/1309 1563/1367/1312 1559/1364/1308
f 1564/1115/1313 1555/1102/1304 1553/1099/1302 1563/1113/1312
f 1565/1116/1314 1558/1106/1307 1555/1102/1304 1564/1115/1313
f 1565/1116/1314 1566/1117/1315 1557/1105/1306 1558/1106/1307
f 1567/1118/1316 1548/1088/1297 1557/1105/1306 1566/1117/1315
f 1567/1118/1316 1568/1119/1317 1549/1089/1298 1548/1088/1297
f 1562/1366/1311 1561/1365/1310 1281/1121/1030 1280/1120/1029
f 1569/1122/1318 1570/1125/1319 1571/1124/1320 1572/1123/1321
f 1569/1122/1318 1572/1123/1321 1287/1127/1036 1286/1126/1035
f 1288/1128/1037 1573/1130/1322 1289/1129/1038
f 1573/1130/1322 1288/1128/1037 1292/1132/1041 1574/1131/1323
f 1574/1131/1323 1575/1134/1324 1576/1133/1325 1573/1130/1322
f 1577/1135/1326 1578/1136/1327 1568/1119/1317 1567/1118/1316
f 1579/1137/1328 1577/1135/1326 1567/1118/1316 1566/1117/1315
f 1565/1116/1314 1580/1138/1329 1579/1137/1328 1566/1117/1315
f 1564/1115/1313 1581/1139/1330 1580/1138/1329 1565/1116/1314
f 1582/1140/1331 1563/1113/1312 1560/1141/1309
f 1563/1113/1312 1583/1142/1332 1581/1139/1330 1564/1115/1313
f 1577/1135/1326 1584/1144/1333 1585/1143/1334 1578/1136/1327
f 1579/1137/1328 1586/1145/1335 1584/1144/1333 1577/1135/1326
f 1580/1138/1329 1587/1146/1336 1586/1145/1335 1579/1137/1328
f 1581/1139/1330 1588/1147/1337 1587/1146/1336 1580/1138/1329
f 1589/1148/1338 1583/1142/1332 1576/1133/1325 1575/1134/1324
f 1583/1142/1332 1589/1148/1338 1588/1147/1337 1581/1139/1330
f 1590/1149/1339 1574/1131/1323 1292/1132/1041 1309/1150/1058
f 1590/1149/1339 1591/1151/1340 1575/1134/1324 1574/1131/1323
f 1311/1152/1060 1592/1153/1341 1590/1149/1339 1309/1150/1058
f 1593/1154/1342 1594/1157/1343 1315/1156/1064 1314/1155/1063
f 1594/1157/1343 1592/1153/1341 1311/1152/1060 1315/1156/1064
f 1594/1157/1343 1595/1158/1344 1592/1153/1341
f 1596/1159/1345 1594/1157/1343 1593/1154/1342 1597/1160/1346
f 1598/1161/1347 1599/1162/1348 1596/1159/1345 1597/1160/1346
f 1600/1163/1349 1599/1162/1348 1598/1161/1347 1601/1164/1350
f 1324/1165/1073 1600/1163/1349 1601/1164/1350 1325/1166/1074
f 1602/1167/1351 1603/1168/1352 1595/1158/1344
f 1596/1159/1345 1602/1167/1351 1595/1158/1344 1594/1157/1343
f 1604/1169/1353 1602/1167/1351 1596/1159/1345 1599/1162/1348
f 1329/1170/1078 1605/1171/1354 1600/1163/1349 1324/1165/1073
f 1605/1171/1354 1604/1169/1353 1599/1162/1348 1600/1163/1349
f 1331/1172/1080 1606/1173/1355 1605/1171/1354 1329/1170/1078
f 1606/1173/1355 1607/1174/1356 1604/1169/1353 1605/1171/1354
f 1603/1168/1352 1602/1167/1351 1604/1169/1353 1607/1174/1356
f 1608/1175/1357 1585/1143/1334 1584/1144/1333 1609/1368/1358
f 1610/1177/1359 1592/1153/1341 1595/1158/1344 1603/1168/1352
f 1610/1177/1359 1591/1151/1340 1590/1149/1339 1592/1153/1341
f 1607/1174/1356 1611/1178/1360 1603/1168/1352
f 1612/1179/1361 1613/1180/1362 1611/1178/1360 1607/1174/1356
f 1609/1368/1358 1584/1144/1333 1586/1145/1335 1614/1181/1363
f 1612/1179/1361 1615/1182/1364 1613/1180/1362
f 1616/1184/1365 1617/1183/1366 1609/1368/1358 1614/1181/1363
f 1617/1183/1366 1616/1184/1365 1613/1180/1362 1615/1182/1364
f 1617/1183/1366 1615/1182/1364 1608/1175/1357 1609/1368/1358
f 1618/1185/1367 1589/1148/1338 1575/1134/1324 1591/1151/1340
f 1589/1148/1338 1618/1185/1367 1619/1186/1368 1588/1147/1337
f 1611/1178/1360 1620/1187/1369 1610/1177/1359 1603/1168/1352
f 1621/1188/1370 1587/1146/1336 1588/1147/1337 1619/1186/1368
f 1619/1186/1368 1618/1185/1367 1620/1187/1369 1621/1188/1370
f 1587/1146/1336 1621/1188/1370 1614/1181/1363 1586/1145/1335
f 1621/1188/1370 1620/1187/1369 1616/1184/1365 1614/1181/1363
f 1610/1177/1359 1620/1187/1369 1618/1185/1367 1591/1151/1340
f 1616/1184/1365 1620/1187/1369 1611/1178/1360 1613/1180/1362
f 1622/1190/1371 1615/1182/1364 1612/1179/1361 1623/1191/1372
f 1624/1192/1373 1608/1175/1357 1615/1182/1364 1622/1190/1371
f 1352/1193/1101 1353/1194/1102 1622/1190/1371 1623/1191/1372
f 1625/1195/1374 1585/1143/1334 1608/1175/1357 1624/1192/1373
f 1353/1194/1102 1355/1196/1104 1624/1192/1373 1622/1190/1371
f 1625/1195/1374 1626/1197/1375 1578/1136/1327 1585/1143/1334
f 1355/1196/1104 1357/1198/1106 1625/1195/1374 1624/1192/1373
f 1626/1197/1375 1627/1199/1376 1568/1119/1317 1578/1136/1327
f 1357/1198/1106 1359/1200/1108 1626/1197/1375 1625/1195/1374
f 1628/1201/1377 1549/1089/1298 1568/1119/1317 1627/1199/1376
f 1359/1200/1108 1361/1202/1110 1627/1199/1376 1626/1197/1375
f 1628/1201/1377 1629/1203/1378 1547/1086/1296 1549/1089/1298
f 1361/1202/1110 1363/1204/1112 1628/1201/1377 1627/1199/1376
f 1363/1204/1112 1364/1205/1113 1629/1203/1378 1628/1201/1377
f 1629/1203/1378 1630/1206/1379 1545/1087/1294 1547/1086/1296
f 1631/1207/1380 1512/1036/1261 1545/1083/1294 1630/1369/1379
f 1367/1209/1116 1630/1206/1379 1629/1203/1378 1364/1205/1113
f 1632/1210/1381 1511/1035/1260 1512/1036/1261 1631/1207/1380
f 1367/1211/1116 1369/1212/1118 1631/1207/1380 1630/1369/1379
f 1513/1037/1262 1633/1214/1382 1517/1370/1266 1504/1313/1253
f 1633/1214/1382 1513/1037/1262 1511/1035/1260 1632/1210/1381
f 1369/1212/1118 1371/1215/1120 1632/1210/1381 1631/1207/1380
f 1371/1215/1120 1372/1216/1121 1633/1214/1382 1632/1210/1381
f 1634/1371/1383 1635/1372/1384 1522/1342/1271 1521/1341/1270
f 1636/1373/1385 1637/1374/1386 1638/1375/1387 1639/1376/1388
f 1372/1216/1121 1640/1377/1389 1641/1224/1390
f 1516/1378/1265 1642/1379/1391 1515/1333/1264 1514/1332/1263
f 1531/1380/1280 1642/1379/1391 1516/1378/1265
f 1642/1379/1391 1643/1381/1392 1644/1382/1393 1645/1383/1394
f 1532/1354/1281 1643/1384/1392 1531/1353/1280 1528/1348/1277
f 1646/1385/1395 1647/1260/1396 1407/1259/1156 1402/1253/1151
f 1648/1261/1397 1649/1386/1398 1647/1260/1396 1646/1385/1395
f 1650/1387/1399 1651/1388/1400 1649/1386/1398
f 1623/1232/1372 1612/1389/1361 1652/1390/1401 1653/1233/1402
f 1352/1235/1101 1623/1232/1372 1653/1233/1402 1385/1391/1134
f 1389/1240/1138 1405/1392/1154 1654/1258/1403 1655/1239/1404
f 1656/1393/1405 1657/1244/1406 1658/1394/1407 1659/1395/1408
f 1659/1395/1408 1658/1394/1407 1660/1246/1409 1661/1396/1410
f 1661/1396/1410 1660/1246/1409 1662/1248/1411 1663/1397/1412
f 1663/1397/1412 1662/1248/1411 1664/1250/1413 1665/1398/1414
f 1665/1398/1414 1664/1250/1413 1401/1252/1150 1400/1251/1149
f 1402/1253/1151 1386/1255/1135 1666/1238/1415 1646/1385/1395
f 1646/1385/1395 1666/1238/1415 1655/1239/1404 1656/1393/1405
f 1657/1244/1406 1654/1258/1403 1405/1257/1154 1404/1256/1153
f 1656/1393/1405 1655/1239/1404 1654/1258/1403 1657/1244/1406
f 1646/1385/1395 1656/1393/1405 1659/1395/1408 1648/1261/1397
f 1648/1261/1397 1659/1395/1408 1661/1396/1410
f 1667/1277/1416 1668/1264/1417 1669/1265/1418 1670/1399/1419
f 1671/1400/1420 1665/1398/1414 1672/1269/1421 1651/1388/1400
f 1672/1269/1421 1665/1398/1414 1400/1251/1149 1418/1270/1167
f 1651/1275/1400 1650/1278/1399 1667/1277/1416 1670/1276/1419
f 1671/1282/1420 1651/1401/1400 1670/1402/1419 1669/1281/1418
f 1673/1274/1422 1668/1264/1417 1667/1277/1416 1650/1278/1399
f 1663/1271/1412 1674/1273/1423 1675/1267/1424 1661/1272/1410
f 1472/972/1221 1173/973/922 1177/977/926
f 1241/1065/990 1240/1064/989 1382/1230/1131 1676/1403/1425
f 1223/1043/972 1222/1042/971 1677/1404/1426 1678/1405/1427
f 1378/1222/1127 1373/1217/1122 1376/1220/1125 1379/1223/1128
f 1678/1405/1427 1677/1404/1426 1679/1406/1428 1680/1407/1429
f 1676/1408/1425 1380/1226/1129 1223/1043/972 1678/1405/1427
f 1681/1409/1430 1682/1410/1431 1241/1065/990 1676/1403/1425
f 1376/1220/1125 1375/1219/1124 1682/1410/1431 1681/1409/1430
f 1678/1405/1427 1680/1407/1429 1681/1411/1430 1676/1408/1425
f 1680/1407/1429 1379/1412/1128 1376/1413/1125 1681/1411/1430
f 1226/1046/975 1348/1189/1097 1373/1217/1122 1378/1222/1127
f 1348/1189/1097 1229/1049/978 1374/1218/1123 1373/1217/1122
f 1683/1414/1432 1374/1218/1123 1229/1049/978 1228/1048/977
f 1242/1066/991 1683/1414/1432 1228/1048/977 1232/1052/981
f 1233/1053/982 1239/1063/988 1242/1066/991 1232/1052/981
f 1381/1229/1130 1239/1063/988 1233/1053/982 1238/1062/987
f 1375/1219/1124 1374/1218/1123 1684/1415/1433 1685/1416/1434
f 1374/1218/1123 1683/1414/1432 1686/1417/1435 1684/1415/1433
f 1682/1410/1431 1375/1219/1124 1685/1416/1434 1687/1418/1436
f 1241/1065/990 1682/1410/1431 1687/1418/1436 1688/1419/1437
f 1683/1414/1432 1242/1066/991 1689/1420/1438 1686/1417/1435
f 1242/1066/991 1241/1065/990 1688/1419/1437 1689/1420/1438
f 1515/1333/1264 1690/1421/1439 1677/1422/1426 1222/1334/971
f 1642/1379/1391 1645/1383/1394 1690/1421/1439 1515/1333/1264
f 1532/1354/1281 1526/1346/1275 1691/1423/1440 1692/1424/1441
f 1639/1376/1388 1635/1372/1384 1634/1371/1383 1636/1373/1385
f 1693/1425/1442 1694/1426/1443 1695/1427/1444 1696/1428/1445
f 1697/1429/1446 1698/1430/127 1699/1431/1447 1700/1432/1448
f 1696/1428/1445 1695/1427/1444 1698/1430/127 1697/1429/1446
f 1677/1422/1426 1690/1421/1439 1701/1433/1449
f 1679/1434/1428 1677/1422/1426 1701/1433/1449 1702/1435/1450
f 1637/1436/1386 1679/1434/1428 1702/1435/1450 1638/1437/1387
f 1635/1372/1384 1639/1376/1388 1694/1438/1443 1693/1439/1442
f 1638/1375/1387 1702/1440/1450 1703/1441/1451 1704/1442/1452
f 1522/1342/1271 1635/1372/1384 1693/1439/1442 1696/1443/1445
f 1701/1444/1449 1645/1445/1394 1705/1446/1453 1706/1447/1454
f 1691/1423/1440 1526/1346/1275 1700/1448/1448 1699/1449/1447
f 1526/1346/1275 1523/1343/1272 1697/1450/1446 1700/1448/1448
f 1702/1440/1450 1701/1444/1449 1706/1447/1454 1703/1441/1451
f 1523/1343/1272 1522/1342/1271 1696/1443/1445 1697/1450/1446
f 1694/1438/1443 1639/1376/1388 1638/1375/1387 1704/1442/1452
f 1695/1427/1444 1694/1426/1443 1704/1451/1452 1703/1452/1451
f 1698/1430/127 1695/1427/1444 1703/1452/1451 1706/1453/1454
f 1699/1431/1447 1698/1430/127 1706/1453/1454 1705/1454/1453
f 1645/1445/1394 1691/1423/1440 1699/1449/1447 1705/1446/1453
f 1532/1354/1281 1692/1424/1441 1644/1455/1393 1643/1384/1392
f 1692/1424/1441 1691/1423/1440 1645/1445/1394 1644/1455/1393
f 1680/1407/1429 1679/1406/1428 1637/1456/1386 1379/1412/1128
f 1517/1337/1266 1634/1371/1383 1521/1341/1270 1518/1338/1267
f 1636/1373/1385 1634/1371/1383 1517/1337/1266 1641/1457/1390
f 1641/1457/1390 1640/1458/1389 1637/1374/1386 1636/1373/1385
f 1640/1459/1389 1377/1221/1126 1379/1223/1128 1637/1460/1386
f 1372/1216/1121 1641/1224/1390 1517/1370/1266 1633/1214/1382
f 1372/1216/1121 1377/1224/1126 1640/1377/1389
f 1701/1433/1449 1690/1421/1439 1645/1383/1394
f 1404/1256/1153 1707/1461/1455 1658/1394/1407 1657/1244/1406
f 1404/1256/1153 1393/1244/1142 1392/1243/1141 1707/1461/1455
f 1708/1462/1456 1395/1246/1144 1397/1248/1146 1709/1463/1457
f 1660/1246/1409 1708/1462/1456 1709/1463/1457 1662/1248/1411
f 1709/1463/1457 1397/1248/1146 1399/1250/1148 1401/1252/1150
f 1662/1248/1411 1709/1463/1457 1401/1252/1150 1664/1250/1413
f 1314/1464/1063 1313/1465/1062 1710/1466/1458 1711/1467/87
f 1313/1465/1062 1319/1468/1068 1712/1469/1459 1710/1466/1458
f 1319/1468/1068 1320/1470/1069 1713/1471/1460 1712/1469/1459
f 1320/1470/1069 1323/1472/1072 1714/1473/1461 1713/1471/1460
f 1323/1472/1072 1325/1474/1074 1715/1475/81 1714/1473/1461
f 1593/1476/1342 1314/1464/1063 1711/1467/87 1716/1466/1462
f 1597/1468/1346 1593/1476/1342 1716/1466/1462 1717/1477/1463
f 1598/1478/1347 1597/1468/1346 1717/1477/1463 1718/1471/1464
f 1601/1472/1350 1598/1478/1347 1718/1471/1464 1719/1473/1465
f 1325/1474/1074 1601/1472/1350 1719/1473/1465 1715/1475/81
f 1711/1467/87 1710/1466/1458 1720/1479/1466 1721/1480/1467
f 1710/1466/1458 1712/1469/1459 1722/1481/1468 1720/1479/1466
f 1712/1469/1459 1713/1471/1460 1723/1482/1469 1722/1481/1468
f 1713/1471/1460 1714/1473/1461 1724/1483/1470 1723/1482/1469
f 1714/1473/1461 1715/1475/81 1725/1484/1471 1724/1483/1470
f 1716/1466/1462 1711/1467/87 1721/1480/1467 1726/1479/1472
f 1717/1477/1463 1716/1466/1462 1726/1479/1472 1727/1485/1473
f 1718/1471/1464 1717/1477/1463 1727/1485/1473 1728/1486/1474
f 1719/1473/1465 1718/1471/1464 1728/1486/1474 1729/1487/1475
f 1715/1475/81 1719/1473/1465 1729/1487/1475 1725/1484/1471
f 1721/1488/1467 1730/1489/1476 1727/1490/1473 1726/1491/1472
f 1721/1488/1467 1720/1491/1466 1722/1490/1468 1730/1489/1476
f 1730/1489/1476 1722/1490/1468 1723/1492/1469 1731/1493/1477
f 1727/1490/1473 1730/1489/1476 1731/1493/1477 1728/1492/1474
f 1731/1493/1477 1723/1492/1469 1724/1494/1470 1725/1495/1471
f 1728/1492/1474 1731/1493/1477 1725/1495/1471 1729/1494/1475
f 1389/1240/1138 1388/1239/1137 1406/1258/1155 1405/1392/1154
f 1386/1237/1135 1389/1240/1138 1655/1239/1404 1666/1238/1415
f 1707/1461/1455 1392/1243/1141 1395/1246/1144 1708/1462/1456
f 1658/1394/1407 1707/1461/1455 1708/1462/1456 1660/1246/1409
f 1561/1365/1310 1559/1364/1308 1270/1496/1019 1281/1121/1030
f 1273/1111/1022 1281/1121/1030 1270/1496/1019 1269/1112/1018
f 1382/1497/1131 1381/1227/1130 1380/1226/1129 1676/1408/1425
f 1380/1226/1129 1238/1228/987 1224/1225/973
f 1643/1381/1392 1642/1379/1391 1531/1380/1280
f 1732/1498/1478 1733/1499/1479 1734/1500/1480 1735/1501/1481
f 1733/1499/1479 1736/1502/1482 1737/1503/1483 1734/1500/1480
f 1736/1502/1482 1738/1504/1484 1739/1505/1485 1737/1503/1483
f 1738/1504/1484 1740/1506/1486 1741/1507/1487 1739/1505/1485
f 1740/1506/1486 1742/1508/1488 1743/1509/1489 1741/1507/1487
f 1742/1510/1488 1744/1511/1490 1745/1512/1491 1743/1513/1489
f 1744/1511/1490 1746/1514/1492 1747/1515/1493 1745/1512/1491
f 1746/1514/1492 1748/1516/1494 1749/1517/1495 1747/1515/1493
f 1748/1516/1494 1750/1518/1496 1751/1519/1497 1749/1517/1495
f 1750/1518/1496 1732/1520/1478 1735/1521/1481 1751/1519/1497
f 1735/1501/1481 1734/1500/1480 1752/1522/1498 1753/1523/1499
f 1734/1500/1480 1737/1503/1483 1754/1524/1500 1752/1522/1498
f 1737/1503/1483 1739/1505/1485 1755/1525/1501 1754/1524/1500
f 1739/1505/1485 1741/1507/1487 1756/1526/1502 1755/1525/1501
f 1741/1507/1487 1743/1509/1489 1757/1527/1503 1756/1526/1502
f 1743/1513/1489 1745/1512/1491 1758/1528/1504 1757/1529/1503
f 1745/1512/1491 1747/1515/1493 1759/1530/1505 1758/1528/1504
f 1747/1515/1493 1749/1517/1495 1760/1531/1506 1759/1530/1505
f 1749/1517/1495 1751/1519/1497 1761/1532/1507 1760/1531/1506
f 1751/1519/1497 1735/1521/1481 1753/1533/1499 1761/1532/1507
f 1753/1523/1499 1752/1522/1498 1762/1534/1508 1685/1535/1434
f 1752/1522/1498 1754/1524/1500 1763/1536/1509 1762/1534/1508
f 1754/1524/1500 1755/1525/1501 1764/1537/1510 1763/1536/1509
f 1755/1525/1501 1756/1526/1502 1765/1538/1511 1764/1537/1510
f 1756/1526/1502 1757/1527/1503 1766/1539/1512 1765/1538/1511
f 1757/1529/1503 1758/1528/1504 1767/1540/1513 1766/1541/1512
f 1758/1528/1504 1759/1530/1505 1768/1542/1514 1767/1540/1513
f 1759/1530/1505 1760/1531/1506 1769/1543/1515 1768/1542/1514
f 1760/1531/1506 1761/1532/1507 1684/1544/1433 1769/1543/1515
f 1761/1532/1507 1753/1533/1499 1685/1545/1434 1684/1544/1433
f 1685/1535/1434 1762/1534/1508 1770/1546/1516 1771/1547/1517
f 1762/1534/1508 1763/1536/1509 1772/1548/1518 1770/1546/1516
f 1763/1536/1509 1764/1537/1510 1773/1549/1519 1772/1548/1518
f 1764/1537/1510 1765/1538/1511 1774/1550/1520 1773/1549/1519
f 1765/1538/1511 1766/1539/1512 1775/1551/1521 1774/1550/1520
f 1766/1541/1512 1767/1540/1513 1776/1552/1522 1775/1553/1521
f 1767/1540/1513 1768/1542/1514 1777/1554/1523 1776/1552/1522
f 1768/1542/1514 1769/1543/1515 1778/1555/1524 1777/1554/1523
f 1769/1543/1515 1684/1544/1433 1686/1556/1435 1778/1555/1524
f 1771/1547/1517 1770/1546/1516 1779/1557/1525 1688/1558/1437
f 1770/1546/1516 1772/1548/1518 1780/1559/1526 1779/1557/1525
f 1772/1548/1518 1773/1549/1519 1781/1560/1527 1780/1559/1526
f 1773/1549/1519 1774/1550/1520 1782/1561/1528 1781/1560/1527
f 1774/1550/1520 1775/1551/1521 1783/1562/1529 1782/1561/1528
f 1775/1553/1521 1776/1552/1522 1784/1563/1530 1783/1564/1529
f 1776/1552/1522 1777/1554/1523 1785/1565/1531 1784/1563/1530
f 1777/1554/1523 1778/1555/1524 1786/1566/1532 1785/1565/1531
f 1778/1555/1524 1686/1556/1435 1689/1567/1438 1786/1566/1532
f 1688/1558/1437 1779/1557/1525 1787/1568/1533 1788/1569/1534
f 1779/1557/1525 1780/1559/1526 1789/1570/1535 1787/1568/1533
f 1780/1559/1526 1781/1560/1527 1790/1571/1536 1789/1570/1535
f 1781/1560/1527 1782/1561/1528 1791/1572/1537 1790/1571/1536
f 1782/1561/1528 1783/1562/1529 1792/1573/1538 1791/1572/1537
f 1783/1564/1529 1784/1563/1530 1793/1574/1539 1792/1575/1538
f 1784/1563/1530 1785/1565/1531 1794/1576/1540 1793/1574/1539
f 1785/1565/1531 1786/1566/1532 1795/1577/1541 1794/1576/1540
f 1786/1566/1532 1689/1567/1438 1796/1578/1542 1795/1577/1541
f 1689/1567/1438 1688/1579/1437 1788/1580/1534 1796/1578/1542
f 1788/1569/1534 1787/1568/1533 1797/1581/1543 1798/1582/1544
f 1787/1568/1533 1789/1570/1535 1799/1583/1545 1797/1581/1543
f 1789/1570/1535 1790/1571/1536 1800/1584/1546 1799/1583/1545
f 1790/1571/1536 1791/1572/1537 1801/1585/1547 1800/1584/1546
f 1791/1572/1537 1792/1573/1538 1802/1586/1548 1801/1585/1547
f 1792/1575/1538 1793/1574/1539 1803/1587/1549 1802/1588/1548
f 1793/1574/1539 1794/1576/1540 1804/1589/1550 1803/1587/1549
f 1794/1576/1540 1795/1577/1541 1805/1590/1551 1804/1589/1550
f 1795/1577/1541 1796/1578/1542 1806/1591/1552 1805/1590/1551
f 1796/1578/1542 1788/1580/1534 1798/1592/1544 1806/1591/1552
f 1798/1582/1544 1797/1581/1543 1807/1593/1553 1808/1594/1554
f 1797/1581/1543 1799/1583/1545 1809/1595/1555 1807/1593/1553
f 1799/1583/1545 1800/1584/1546 1810/1596/1556 1809/1595/1555
f 1800/1584/1546 1801/1585/1547 1811/1597/1557 1810/1596/1556
f 1801/1585/1547 1802/1586/1548 1812/1598/1558 1811/1597/1557
f 1802/1588/1548 1803/1587/1549 1813/1599/1559 1812/1600/1558
f 1803/1587/1549 1804/1589/1550 1814/1601/1560 1813/1599/1559
f 1804/1589/1550 1805/1590/1551 1815/1602/1561 1814/1601/1560
f 1805/1590/1551 1806/1591/1552 1816/1603/1562 1815/1602/1561
f 1806/1591/1552 1798/1592/1544 1808/1604/1554 1816/1603/1562
f 1733/1499/1479 1732/1498/1478 1817/1605/1563
f 1736/1502/1482 1733/1499/1479 1817/1605/1563
f 1738/1504/1484 1736/1502/1482 1817/1605/1563
f 1740/1506/1486 1738/1504/1484 1817/1605/1563
f 1742/1508/1488 1740/1506/1486 1817/1605/1563
f 1744/1511/1490 1742/1510/1488 1817/1606/1563
f 1746/1514/1492 1744/1511/1490 1817/1606/1563
f 1748/1516/1494 1746/1514/1492 1817/1606/1563
f 1750/1518/1496 1748/1516/1494 1817/1606/1563
f 1732/1520/1478 1750/1518/1496 1817/1606/1563
f 1808/1594/1554 1807/1593/1553 1818/1607/1564
f 1807/1593/1553 1809/1595/1555 1818/1607/1564
f 1809/1595/1555 1810/1596/1556 1818/1607/1564
f 1810/1596/1556 1811/1597/1557 1818/1607/1564
f 1811/1597/1557 1812/1598/1558 1818/1607/1564
f 1812/1600/1558 1813/1599/1559 1818/1608/1564
f 1813/1599/1559 1814/1601/1560 1818/1608/1564
f 1814/1601/1560 1815/1602/1561 1818/1608/1564
f 1815/1602/1561 1816/1603/1562 1818/1608/1564
f 1816/1603/1562 1808/1604/1554 1818/1608/1564
f 1116/914/865 1120/918/869 1155/953/904
f 1455/914/1204 1454/918/1203 1435/915/1184 1426/913/1175
f 1116/914/865 1115/913/864 1117/915/866 1120/918/869
f 1429/1284/1178 1455/914/1204 1426/913/1175
f 1408/1609/1157 1407/1610/1156 1819/1611/1565 1820/1612/1566
f 1410/1613/1159 1408/1609/1157 1820/1612/1566 1821/1614/1567
f 1419/1615/1168 1410/1613/1159 1821/1614/1567 1384/1234/1133
f 1407/1610/1156 1647/1609/1396 1822/1612/1568 1819/1611/1565
f 1647/1609/1396 1649/1613/1398 1823/1614/1569 1822/1612/1568
f 1649/1613/1398 1651/1615/1400 1652/1390/1401 1823/1614/1569
f 1422/1387/1171 1410/1262/1159 1419/1616/1168
f 1650/1387/1399 1649/1386/1398 1648/1261/1397 1673/1263/1422
f 1384/1234/1133 1383/1233/1132 1417/1617/1166 1419/1615/1168
f 1383/1233/1132 1385/1236/1134 1418/1618/1167 1417/1617/1166
f 1653/1233/1402 1652/1390/1401 1651/1615/1400 1672/1617/1421
f 1385/1391/1134 1653/1233/1402 1672/1617/1421 1418/1619/1167
f 1820/1612/1566 1819/1611/1565 1331/1620/1080 1332/1621/1081
f 1821/1614/1567 1820/1612/1566 1332/1621/1081 1333/1622/1082
f 1384/1234/1133 1821/1614/1567 1333/1622/1082 1338/1231/1087
f 1819/1611/1565 1822/1612/1568 1606/1621/1355 1331/1620/1080
f 1822/1612/1568 1823/1614/1569 1607/1622/1356 1606/1621/1355
f 1823/1614/1569 1652/1390/1401 1612/1389/1361 1607/1622/1356
f 1301/1142/1050 1293/1133/1042 1300/1140/1049 1274/1113/1023
f 1290/1130/1039 1824/1623/1570 1300/1140/1049 1293/1133/1042
f 1290/1130/1039 1289/1129/1038 1825/1624/1571 1824/1623/1570
f 1573/1130/1322 1826/1623/1572 1825/1624/1571 1289/1129/1038
f 1573/1130/1322 1576/1133/1325 1582/1140/1331 1826/1623/1572
f 1583/1142/1332 1563/1113/1312 1582/1140/1331 1576/1133/1325
f 1272/1110/1021 1271/1109/1020 1284/1625/1033 1283/1626/1032
f 1271/1141/1020 1300/1140/1049 1285/1125/1034 1284/1124/1033
f 1300/1140/1049 1824/1623/1570 1282/1122/1031 1285/1125/1034
f 1824/1623/1570 1825/1624/1571 1286/1126/1035 1282/1122/1031
f 1280/1120/1029 1272/1110/1021 1283/1626/1032 1287/1627/1036
f 1826/1623/1572 1582/1140/1331 1570/1125/1319 1569/1122/1318
f 1582/1140/1331 1560/1141/1309 1571/1124/1320 1570/1125/1319
f 1560/1363/1309 1562/1366/1311 1572/1628/1321 1571/1629/1320
f 1562/1366/1311 1280/1120/1029 1287/1627/1036 1572/1628/1321
f 1825/1624/1571 1826/1623/1572 1569/1122/1318 1286/1126/1035
f 1409/1261/1158 1410/1262/1159 1422/1387/1171 1411/1263/1160
f 1412/1264/1161 1411/1274/1160 1422/1278/1171 1421/1277/1170
f 1421/1277/1170 1420/1399/1169 1413/1265/1162 1412/1264/1161
f 1416/1282/1165 1413/1281/1162 1420/1402/1169 1419/1401/1168
f 1398/1249/1147 1416/1268/1165 1419/1616/1168 1417/1269/1166
f 1673/1263/1422 1648/1261/1397 1661/1396/1410
f 1661/1272/1410 1675/1267/1424 1668/1264/1417 1673/1274/1422
f 1669/1265/1418 1668/1264/1417 1675/1267/1424 1674/1266/1423
f 1663/1279/1412 1671/1282/1420 1669/1281/1418 1674/1280/1423
f 1663/1397/1412 1665/1398/1414 1671/1400/1420
f 1185/985/934 1182/982/931 1180/980/929 1179/979/928
f 1187/987/936 1188/988/937 1182/982/931 1185/985/934
f 1827/1630/1573 1828/1631/1574 1829/1632/63
f 1828/1631/1574 1830/1633/1575 1829/1632/63
f 1830/1633/1575 1831/1634/1576 1829/1632/63
f 1831/1634/1576 1832/1635/1577 1829/1632/63
f 1832/1635/1577 1833/1636/1578 1829/1632/63
f 1833/1636/1578 1834/1637/1579 1829/1632/63
f 1834/1637/1579 1835/1638/1580 1829/1632/63
f 1835/1638/1580 1836/1639/1581 1829/1632/63
f 1836/1639/1581 1837/1640/1582 1829/1632/63
f 1837/1640/1582 1827/1630/1573 1829/1632/63
f 1838/1641/1583 1839/1642/1584 1828/1643/1574 1827/1644/1573
f 1839/1642/1584 1840/1645/1585 1830/1646/1575 1828/1643/1574
f 1840/1645/1585 1841/1647/1586 1831/1648/1576 1830/1646/1575
f 1841/1647/1586 1842/1649/1587 1832/1650/1577 1831/1648/1576
f 1842/1649/1587 1843/1651/1588 1833/1652/1578 1832/1650/1577
f 1843/1651/1588 1844/1653/1589 1834/1654/1579 1833/1652/1578
f 1844/1653/1589 1845/1655/1590 1835/1656/1580 1834/1654/1579
f 1845/1655/1590 1846/1657/1591 1836/1658/1581 1835/1656/1580
f 1846/1659/1591 1847/1660/1592 1837/1661/1582 1836/1662/1581
f 1847/1660/1592 1838/1641/1583 1827/1644/1573 1837/1661/1582
f 1839/1663/1584 1838/1664/1583 1848/1665/1593 1849/1666/1594
f 1840/1667/1585 1839/1663/1584 1849/1666/1594 1850/1668/1595
f 1841/1669/1586 1840/1667/1585 1850/1668/1595 1851/1670/1596
f 1842/1671/1587 1841/1669/1586 1851/1670/1596 1852/1672/1597
f 1843/1673/1588 1842/1671/1587 1852/1672/1597 1853/1674/1598
f 1844/1675/1589 1843/1673/1588 1853/1674/1598 1854/1676/1599
f 1845/1677/1590 1844/1675/1589 1854/1676/1599 1855/1678/1600
f 1846/1679/1591 1845/1677/1590 1855/1678/1600 1856/1680/1601
f 1847/1681/1592 1846/1679/1591 1856/1680/1601 1857/1682/1602
f 1838/1664/1583 1847/1681/1592 1857/1682/1602 1848/1665/1593
f 1849/1683/1594 1848/1684/1593 1858/1685/1603 1859/1686/1604
f 1850/1687/1595 1849/1683/1594 1859/1686/1604 1860/1688/1605
f 1851/1689/1596 1850/1687/1595 1860/1688/1605 1861/1690/1606
f 1852/1691/1597 1851/1689/1596 1861/1690/1606 1862/1692/1607
f 1853/1693/1598 1852/1691/1597 1862/1692/1607 1863/1694/1608
f 1854/1695/1599 1853/1693/1598 1863/1694/1608 1864/1696/1609
f 1855/1697/1600 1854/1695/1599 1864/1696/1609 1865/1698/1610
f 1856/1699/1601 1855/1700/1600 1865/1701/1610 1866/1702/1611
f 1857/1703/1602 1856/1699/1601 1866/1702/1611 1867/1704/1612
f 1848/1684/1593 1857/1703/1602 1867/1704/1612 1858/1685/1603
f 1859/1705/1604 1858/1706/1603 1868/1707/1613 1869/1708/1614
f 1860/1709/1605 1859/1705/1604 1869/1708/1614 1870/1710/1615
f 1861/1711/1606 1860/1709/1605 1870/1710/1615 1871/1712/1616
f 1862/1713/1607 1861/1711/1606 1871/1712/1616 1872/1714/1617
f 1863/1715/1608 1862/1713/1607 1872/1714/1617 1873/1716/1618
f 1864/1717/1609 1863/1715/1608 1873/1716/1618 1874/1718/1619
f 1865/1719/1610 1864/1717/1609 1874/1718/1619 1875/1720/1620
f 1866/1721/1611 1865/1719/1610 1875/1720/1620 1876/1722/1621
f 1867/1723/1612 1866/1721/1611 1876/1722/1621 1877/1724/1622
f 1858/1706/1603 1867/1723/1612 1877/1724/1622 1868/1707/1613
f 1869/1725/1614 1868/1726/1613 1878/1727/1623 1879/1728/1624
f 1870/1729/1615 1869/1725/1614 1879/1728/1624 1880/1730/1625
f 1871/1731/1616 1870/1732/1615 1880/1733/1625 1881/1734/1626
f 1872/1735/1617 1871/1731/1616 1881/1734/1626 1882/1736/1627
f 1873/1737/1618 1872/1735/1617 1882/1736/1627 1883/1738/1628
f 1874/1739/1619 1873/1737/1618 1883/1738/1628 1884/1740/1629
f 1875/1741/1620 1874/1739/1619 1884/1740/1629 1885/1742/1630
f 1876/1743/1621 1875/1741/1620 1885/1742/1630 1886/1744/1631
f 1877/1745/1622 1876/1743/1621 1886/1744/1631 1887/1746/1632
f 1868/1726/1613 1877/1745/1622 1887/1746/1632 1878/1727/1623
f 1879/1728/1624 1878/1727/1623 1888/1747/1633 1889/1748/1634
f 1880/1730/1625 1879/1728/1624 1889/1748/1634 1890/1749/1635
f 1881/1734/1626 1880/1733/1625 1890/1750/1635 1891/1751/1636
f 1882/1736/1627 1881/1734/1626 1891/1751/1636
f 1883/1738/1628 1882/1736/1627 1891/1751/1636 1892/1752/1637
f 1884/1740/1629 1883/1738/1628 1892/1752/1637 1893/1753/1638
f 1885/1742/1630 1884/1740/1629 1893/1753/1638 1894/1754/1639
f 1886/1744/1631 1885/1742/1630 1894/1754/1639 1895/1755/1640
f 1887/1746/1632 1886/1744/1631 1895/1755/1640 1888/1747/1633
f 1878/1727/1623 1887/1746/1632 1888/1747/1633
f 1888/1756/1641 1889/1757/1642 1896/1758/1643 1897/1759/1644
f 1889/1757/1642 1890/1760/1645 1896/1758/1643
f 1890/1760/1645 1891/1761/1646 1898/1762/1647 1896/1758/1643
f 1899/1763/1648 1900/1764/1649 1901/1765/1650 1902/1766/1651
f 1888/1756/1641 1897/1759/1644 1903/1767/1652 1904/1768/1653
f 1902/1766/1651 1901/1765/1650 1905/1769/1654 1906/1770/1655
f 1904/1768/1653 1903/1767/1652 1907/1771/1656 1908/1772/1657
f 1897/1759/1644 1896/1758/1643 1909/1773/1658 1910/1774/1659
f 1896/1758/1643 1898/1762/1647 1900/1764/1649 1909/1773/1658
f 1911/1775/1660 1898/1762/1647 1891/1761/1646 1912/1776/1661
f 1903/1767/1652 1897/1759/1644 1910/1774/1659 1913/1777/1662
f 1914/1778/1663 1911/1775/1660 1912/1776/1661 1915/1779/1664
f 1907/1771/1656 1903/1767/1652 1913/1777/1662 1916/1780/1665
f 1901/1765/1650 1900/1764/1649 1898/1762/1647 1911/1775/1660
f 1905/1769/1654 1901/1765/1650 1911/1775/1660 1914/1778/1663
f 1910/1774/1659 1909/1773/1658 1917/1781/1666 1918/1782/1667
f 1909/1773/1658 1900/1764/1649 1899/1763/1648 1917/1781/1666
f 1913/1777/1662 1910/1774/1659 1918/1782/1667 1919/1783/1668
f 1916/1780/1665 1913/1777/1662 1919/1783/1668 1920/1784/1669
f 1921/1785/1670 1922/1786/1671 1923/1787/1671 1924/1788/1670
f 1922/1789/1671 1925/1790/1672 1926/1791/1672 1923/1792/1671
f 1925/1790/1672 1927/1793/1673 1928/1794/1673 1926/1791/1672
f 1927/1793/1673 1929/1795/1674 1930/1796/1674 1928/1794/1673
f 1929/1795/1674 1931/1797/1675 1932/1798/1675 1930/1796/1674
f 1931/1797/1675 1921/1785/1670 1924/1788/1670 1932/1798/1675
f 1933/1630/1676 1934/1632/91 1935/1631/1677
f 1935/1631/1677 1934/1632/91 1936/1633/1678
f 1936/1633/1678 1934/1632/91 1937/1634/1679
f 1937/1634/1679 1934/1632/91 1938/1635/1680
f 1938/1635/1680 1934/1632/91 1939/1636/1681
f 1939/1636/1681 1934/1632/91 1940/1637/1682
f 1940/1637/1682 1934/1632/91 1941/1638/1683
f 1941/1638/1683 1934/1632/91 1942/1639/1684
f 1942/1639/1684 1934/1632/91 1943/1640/1685
f 1943/1640/1685 1934/1632/91 1933/1630/1676
f 1944/1641/1686 1933/1644/1676 1935/1643/1677 1945/1642/1687
f 1945/1642/1687 1935/1643/1677 1936/1646/1678 1946/1645/1688
f 1946/1645/1688 1936/1646/1678 1937/1648/1679 1947/1647/1689
f 1947/1647/1689 1937/1648/1679 1938/1650/1680 1948/1649/1690
f 1948/1649/1690 1938/1650/1680 1939/1652/1681 1949/1651/1691
f 1949/1651/1691 1939/1652/1681 1940/1654/1682 1950/1653/1692
f 1950/1653/1692 1940/1654/1682 1941/1656/1683 1951/1655/1693
f 1951/1655/1693 1941/1656/1683 1942/1658/1684 1952/1657/1694
f 1952/1659/1694 1942/1662/1684 1943/1661/1685 1953/1660/1695
f 1953/1660/1695 1943/1661/1685 1933/1644/1676 1944/1641/1686
f 1945/1663/1687 1954/1666/1696 1955/1665/1697 1944/1664/1686
f 1946/1667/1688 1956/1668/1698 1954/1666/1696 1945/1663/1687
f 1947/1669/1689 1957/1670/1699 1956/1668/1698 1946/1667/1688
f 1948/1671/1690 1958/1672/1700 1957/1670/1699 1947/1669/1689
f 1949/1673/1691 1959/1674/1701 1958/1672/1700 1948/1671/1690
f 1950/1675/1692 1960/1676/1702 1959/1674/1701 1949/1673/1691
f 1951/1677/1693 1961/1678/1703 1960/1676/1702 1950/1675/1692
f 1952/1679/1694 1962/1680/1704 1961/1678/1703 1951/1677/1693
f 1953/1681/1695 1963/1682/1705 1962/1680/1704 1952/1679/1694
f 1944/1664/1686 1955/1665/1697 1963/1682/1705 1953/1681/1695
f 1954/1683/1696 1964/1686/1706 1965/1685/1707 1955/1684/1697
f 1956/1687/1698 1966/1688/1708 1964/1686/1706 1954/1683/1696
f 1957/1689/1699 1967/1690/1709 1966/1688/1708 1956/1687/1698
f 1958/1691/1700 1968/1692/1710 1967/1690/1709 1957/1689/1699
f 1959/1693/1701 1969/1694/1711 1968/1692/1710 1958/1691/1700
f 1960/1695/1702 1970/1696/1712 1969/1694/1711 1959/1693/1701
f 1961/1697/1703 1971/1698/1713 1970/1696/1712 1960/1695/1702
f 1962/1699/1704 1972/1702/1714 1971/1701/1713 1961/1700/1703
f 1963/1703/1705 1973/1704/1715 1972/1702/1714 1962/1699/1704
f 1955/1684/1697 1965/1685/1707 1973/1704/1715 1963/1703/1705
f 1964/1705/1706 1974/1708/1716 1975/1707/1717 1965/1706/1707
f 1966/1709/1708 1976/1710/1718 1974/1708/1716 1964/1705/1706
f 1967/1711/1709 1977/1712/1719 1976/1710/1718 1966/1709/1708
f 1968/1713/1710 1978/1714/1720 1977/1712/1719 1967/1711/1709
f 1969/1715/1711 1979/1716/1721 1978/1714/1720 1968/1713/1710
f 1970/1717/1712 1980/1718/1722 1979/1716/1721 1969/1715/1711
f 1971/1719/1713 1981/1720/1723 1980/1718/1722 1970/1717/1712
f 1972/1721/1714 1982/1722/1724 1981/1720/1723 1971/1719/1713
f 1973/1723/1715 1983/1724/1725 1982/1722/1724 1972/1721/1714
f 1965/1706/1707 1975/1707/1717 1983/1724/1725 1973/1723/1715
f 1974/1725/1716 1984/1728/1726 1985/1727/1727 1975/1726/1717
f 1976/1729/1718 1986/1730/1728 1984/1728/1726 1974/1725/1716
f 1977/1731/1719 1987/1734/1729 1986/1733/1728 1976/1732/1718
f 1978/1735/1720 1988/1736/1730 1987/1734/1729 1977/1731/1719
f 1979/1737/1721 1989/1738/1731 1988/1736/1730 1978/1735/1720
f 1980/1739/1722 1990/1740/1732 1989/1738/1731 1979/1737/1721
f 1981/1741/1723 1991/1742/1733 1990/1740/1732 1980/1739/1722
f 1982/1743/1724 1992/1744/1734 1991/1742/1733 1981/1741/1723
f 1983/1745/1725 1993/1746/1735 1992/1744/1734 1982/1743/1724
f 1975/1726/1717 1985/1727/1727 1993/1746/1735 1983/1745/1725
f 1984/1728/1726 1994/1748/1736 1995/1747/1737 1985/1727/1727
f 1986/1730/1728 1996/1749/1738 1994/1748/1736 1984/1728/1726
f 1987/1734/1729 1997/1751/1739 1996/1750/1738 1986/1733/1728
f 1988/1736/1730 1997/1751/1739 1987/1734/1729
f 1989/1738/1731 1998/1752/1740 1997/1751/1739 1988/1736/1730
f 1990/1740/1732 1999/1753/1741 1998/1752/1740 1989/1738/1731
f 1991/1742/1733 2000/1754/1742 1999/1753/1741 1990/1740/1732
f 1992/1744/1734 2001/1755/1743 2000/1754/1742 1991/1742/1733
f 1993/1746/1735 1995/1747/1737 2001/1755/1743 1992/1744/1734
f 1985/1727/1727 1995/1747/1737 1993/1746/1735
f 1995/1756/1744 2002/1759/1745 2003/1758/1746 1994/1757/1747
f 1994/1757/1747 2003/1758/1746 1996/1760/1748
f 1996/1760/1748 2003/1758/1746 2004/1762/1749 1997/1761/1750
f 2005/1763/1751 2006/1766/1752 2007/1765/1753 2008/1764/1754
f 1995/1756/1744 2009/1768/1755 2010/1767/1756 2002/1759/1745
f 2006/1766/1752 2011/1770/1757 2012/1769/1758 2007/1765/1753
f 2009/1768/1755 2013/1772/1759 2014/1771/1760 2010/1767/1756
f 2002/1759/1745 2015/1774/1761 2016/1773/1762 2003/1758/1746
f 2003/1758/1746 2016/1773/1762 2008/1764/1754 2004/1762/1749
f 2017/1775/1763 2018/1776/1764 1997/1761/1750 2004/1762/1749
f 2010/1767/1756 2019/1777/1765 2015/1774/1761 2002/1759/1745
f 2020/1778/1766 2021/1779/1767 2018/1776/1764 2017/1775/1763
f 2014/1771/1760 2022/1780/1768 2019/1777/1765 2010/1767/1756
f 2007/1765/1753 2017/1775/1763 2004/1762/1749 2008/1764/1754
f 2012/1769/1758 2020/1778/1766 2017/1775/1763 2007/1765/1753
f 2015/1774/1761 2023/1782/1769 2024/1781/1770 2016/1773/1762
f 2016/1773/1762 2024/1781/1770 2005/1763/1751 2008/1764/1754
f 2019/1777/1765 2025/1783/1771 2023/1782/1769 2015/1774/1761
f 2022/1780/1768 2026/1784/1772 2025/1783/1771 2019/1777/1765
f 2027/1785/1773 2028/1788/1773 2029/1787/1774 2030/1786/1774
f 2030/1789/1774 2029/1792/1774 2031/1791/1775 2032/1790/1775
f 2032/1790/1775 2031/1791/1775 2033/1794/1776 2034/1793/1776
f 2034/1793/1776 2033/1794/1776 2035/1796/1777 2036/1795/1777
f 2036/1795/1777 2035/1796/1777 2037/1798/1778 2038/1797/1778
f 2038/1797/1778 2037/1798/1778 2028/1788/1773 2027/1785/1773
f 2039/1799/1779 2040/1800/1780 2041/1801/1781 2042/1802/651
f 2042/1802/651 2041/1801/1781 2043/1803/1782 2044/1804/1783
f 2045/1805/1784 2046/1806/63 2047/1807/1785 2048/1808/652
f 2049/1809/91 2039/1805/1779 2042/1808/651 2044/1807/1783
f 2050/1810/1786 2051/1811/1787 2052/1812/1788 2053/1813/1789
f 2047/1807/1785 2046/1806/63 2054/1814/63
f 2049/1809/91 2044/1807/1783 2055/1814/91
f 2044/1804/1783 2043/1803/1782 2051/1811/1787 2050/1810/1786
f 2047/1815/1785 2054/1816/63 2056/1817/433 2057/1818/1790
f 2055/1816/91 2044/1819/1783 2050/1818/1786 2053/1817/1791
f 2058/1820/1792 2059/1821/1793 2060/1822/1794 2061/1823/1795
f 2062/1824/1796 2058/1820/1792 2061/1823/1795 2063/1825/1797
f 2064/1826/1788 2065/1827/1798 2066/1828/1799 2067/1829/1800
f 2065/1827/1798 2062/1824/1796 2063/1825/1797 2066/1828/1799
f 2068/1830/1801 2069/1831/1802 2045/1832/1784 2048/1833/652
f 2070/1834/1803 2068/1830/1801 2048/1833/652 2047/1835/1785
f 2071/1836/1800 2072/1837/1804 2057/1838/1790 2056/1839/433
f 2072/1837/1804 2070/1834/1803 2047/1835/1785 2057/1838/1790
f 2041/1801/1781 2040/1800/1780 2059/1821/1793 2058/1820/1792
f 2040/1800/1780 2069/1831/1802 2060/1822/1794 2059/1821/1793
f 2069/1831/1802 2068/1830/1801 2061/1823/1795 2060/1822/1794
f 2043/1803/1782 2041/1801/1781 2058/1820/1792 2062/1824/1796
f 2068/1830/1801 2070/1834/1803 2063/1825/1797 2061/1823/1795
f 2052/1812/1788 2051/1811/1787 2065/1827/1798 2064/1826/1788
f 2072/1837/1804 2071/1836/1800 2067/1829/1800 2066/1828/1799
f 2051/1811/1787 2043/1803/1782 2062/1824/1796 2065/1827/1798
f 2070/1834/1803 2072/1837/1804 2066/1828/1799 2063/1825/1797
f 2049/1840/1805 2073/1841/1806 2074/1842/1807 2039/1843/1808
f 2046/1844/1809 2045/1843/1810 2075/1845/1811 2076/1841/1812
f 2039/1799/87 2077/1846/87 2040/1800/87
f 2069/1831/1802 2040/1800/1780 2077/1846/1813 2078/1847/1814
f 2069/1831/87 2078/1847/87 2045/1832/87
f 2078/1848/1814 2077/1849/1813 2079/1850/1815 2080/1851/1815
f 2054/1852/1816 2046/1853/1809 2076/1854/1812 2081/1855/1817
f 2055/1852/1818 2082/1856/1819 2073/1854/1806 2049/1857/1805
f 2054/1852/1820 2081/1855/1820 2083/1858/1820 2056/1859/1820
f 2055/1852/1821 2053/1859/1821 2084/1858/1821 2082/1856/1821
f 2073/1841/1806 2082/1860/1819 2085/1861/1822 2074/1842/1807
f 2076/1841/1812 2075/1845/1811 2086/1862/1823 2081/1860/1824
f 2039/1843/1808 2074/1842/1807 2077/1863/1825
f 2078/1864/87 2075/1845/87 2045/1843/87
f 2074/1842/1807 2087/1865/1826 2079/1866/1827 2077/1863/1825
f 2078/1864/1828 2080/1866/1829 2088/1865/1830 2075/1845/1831
f 2088/1865/1830 2089/1867/1832 2086/1862/1833 2075/1845/1831
f 2080/1866/1829 2090/1868/1834 2089/1869/1832 2088/1865/1830
f 2074/1842/1807 2085/1861/1822 2091/1867/1835 2087/1865/1826
f 2087/1865/1826 2091/1870/1835 2092/1871/1836 2079/1866/1837
f 2093/1872/1838 2094/1873/1839 2095/1874/1840
f 2096/1875/1841 2093/1872/1841 2095/1874/1842 2097/1876/1842
f 2096/1875/1843 2097/1876/1844 2098/1877/1845
f 2094/1878/1839 2099/1879/1846 2100/1880/1847 2095/1881/1840
f 2097/1882/1842 2095/1883/1842 2100/1884/1848 2101/1885/1848
f 2097/1886/1844 2101/1887/1849 2102/1888/1850 2098/1889/1845
f 2099/1879/1846 2103/1890/1851 2104/1891/1852 2100/1880/1847
f 2101/1885/1848 2100/1884/1848 2104/1892/87 2105/1893/87
f 2101/1887/1849 2105/1894/1853 2106/1895/1854 2102/1888/1850
f 2098/1889/63 2102/1888/1850 2106/1896/1854 2096/1897/63
f 2093/1898/91 2103/1899/1851 2099/1879/1846 2094/1878/91
f 2107/1799/1779 2108/1800/1855 2109/1801/1856 2110/1802/651
f 2110/1802/651 2109/1801/1856 2111/1803/1857 2112/1804/1783
f 2113/1805/1784 2114/1806/63 2115/1807/1785 2116/1808/652
f 2117/1809/91 2107/1805/1779 2110/1808/651 2112/1807/1783
f 2118/1810/1786 2119/1811/1858 2120/1812/1859 2121/1813/1789
f 2115/1807/1785 2114/1806/63 2122/1814/63
f 2117/1809/91 2112/1807/1783 2123/1814/91
f 2112/1804/1783 2111/1803/1857 2119/1811/1858 2118/1810/1786
f 2115/1815/1785 2122/1816/63 2124/1817/433 2125/1818/1790
f 2123/1816/91 2112/1819/1783 2118/1818/1786 2121/1817/1791
f 2126/1820/1860 2127/1821/1861 2128/1822/1862 2129/1823/1863
f 2130/1824/1864 2126/1820/1860 2129/1823/1863 2131/1825/1865
f 2132/1826/1859 2133/1827/1866 2134/1828/1867 2135/1829/1868
f 2133/1827/1866 2130/1824/1864 2131/1825/1865 2134/1828/1867
f 2136/1830/1869 2137/1831/1870 2113/1832/1784 2116/1833/652
f 2138/1834/1871 2136/1830/1869 2116/1833/652 2115/1835/1785
f 2139/1836/1868 2140/1837/1872 2125/1838/1790 2124/1839/433
f 2140/1837/1872 2138/1834/1871 2115/1835/1785 2125/1838/1790
f 2109/1801/1856 2108/1800/1855 2127/1821/1861 2126/1820/1860
f 2108/1800/1855 2137/1831/1870 2128/1822/1862 2127/1821/1861
f 2137/1831/1870 2136/1830/1869 2129/1823/1863 2128/1822/1862
f 2111/1803/1857 2109/1801/1856 2126/1820/1860 2130/1824/1864
f 2136/1830/1869 2138/1834/1871 2131/1825/1865 2129/1823/1863
f 2120/1812/1859 2119/1811/1858 2133/1827/1866 2132/1826/1859
f 2140/1837/1872 2139/1836/1868 2135/1829/1868 2134/1828/1867
f 2119/1811/1858 2111/1803/1857 2130/1824/1864 2133/1827/1866
f 2138/1834/1871 2140/1837/1872 2134/1828/1867 2131/1825/1865
f 2117/1840/1873 2141/1841/1874 2142/1842/1875 2107/1843/1876
f 2114/1844/1877 2113/1843/1878 2143/1845/1879 2144/1841/1880
f 2107/1799/87 2145/1846/87 2108/1800/87
f 2137/1831/1870 2108/1800/1855 2145/1846/1813 2146/1847/1813
f 2137/1831/87 2146/1847/87 2113/1832/87
f 2146/1848/1813 2145/1849/1813 2147/1850/1815 2148/1851/1815
f 2122/1852/1881 2114/1853/1877 2144/1854/1880 2149/1855/1882
f 2123/1852/1883 2150/1856/1884 2141/1854/1874 2117/1857/1873
f 2122/1852/1885 2149/1855/1885 2151/1858/1885 2124/1859/1885
f 2123/1852/1886 2121/1859/1886 2152/1858/1886 2150/1856/1886
f 2141/1841/1874 2150/1860/1884 2153/1861/1887 2142/1842/1875
f 2144/1841/1880 2143/1845/1879 2154/1862/1888 2149/1860/1889
f 2107/1843/1876 2142/1842/1875 2145/1863/1890
f 2146/1864/87 2143/1845/87 2113/1843/87
f 2142/1842/1875 2155/1865/1891 2147/1866/1892 2145/1863/1890
f 2146/1864/1893 2148/1866/1894 2156/1865/1895 2143/1845/1896
f 2156/1865/1895 2157/1867/1897 2154/1862/1898 2143/1845/1896
f 2148/1866/1894 2158/1868/1899 2157/1869/1897 2156/1865/1895
f 2142/1842/1875 2153/1861/1887 2159/1867/1900 2155/1865/1891
f 2155/1865/1891 2159/1870/1900 2160/1871/1901 2147/1866/1902
f 2161/1872/1903 2162/1873/1904 2163/1874/1905
f 2164/1875/1841 2161/1872/1841 2163/1874/1906 2165/1876/1842
f 2164/1875/1907 2165/1876/1908 2166/1877/1909
f 2162/1878/1904 2167/1879/1910 2168/1880/1911 2163/1881/1905
f 2165/1882/1842 2163/1883/1906 2168/1884/1848 2169/1885/1848
f 2165/1886/1908 2169/1887/1912 2170/1888/1913 2166/1889/1909
f 2167/1879/1910 2171/1890/1914 2172/1891/1915 2168/1880/1911
f 2169/1885/1848 2168/1884/1848 2172/1892/87 2173/1893/87
f 2169/1887/1912 2173/1894/1916 2174/1895/1917 2170/1888/1913
f 2166/1889/63 2170/1888/1913 2174/1896/1917 2164/1897/63
f 2161/1898/91 2171/1899/1914 2167/1879/1910 2162/1878/91
f 2175/1900/1918 2176/1901/1919 2177/1902/1920 2178/1903/1921
f 2176/1901/1919 2179/1904/1922 2180/1905/1923 2177/1902/1920
f 2179/1904/1922 2181/1906/1924 2182/1907/1925 2180/1905/1923
f 2181/1906/1924 2183/1908/1926 2184/1909/1927 2182/1907/1925
f 2183/1908/1926 2185/1910/1928 2186/1911/1929 2184/1909/1927
f 2185/1910/1928 2187/1912/1930 2188/1913/1931 2186/1911/1929
f 2187/1912/1930 2189/1914/1932 2190/1915/1933 2188/1913/1931
f 2189/1914/1932 2175/1900/1918 2178/1903/1921 2190/1915/1933
f 2178/1916/1921 2177/1917/1920 2191/1918/1934 2192/1919/1935
f 2177/1917/1920 2180/1920/1923 2193/1921/1936 2191/1918/1934
f 2180/1920/1923 2182/1922/1925 2194/1923/1937 2193/1921/1936
f 2182/1922/1925 2184/1924/1927 2195/1925/1938 2194/1923/1937
f 2184/1924/1927 2186/1926/1929 2196/1927/1939 2195/1925/1938
f 2186/1926/1929 2188/1928/1931 2197/1929/1940 2196/1927/1939
f 2188/1928/1931 2190/1930/1933 2198/1931/1941 2197/1929/1940
f 2190/1930/1933 2178/1932/1921 2192/1933/1935 2198/1931/1941
f 2191/1934/1934 2199/1935/1942 2200/1936/1943 2192/1937/1935
f 2193/1938/1936 2201/1939/1944 2199/1935/1942 2191/1934/1934
f 2194/1940/1937 2202/1941/1945 2201/1939/1944 2193/1938/1936
f 2195/1942/1938 2203/1943/1946 2202/1941/1945 2194/1940/1937
f 2196/1944/1939 2204/1945/1947 2203/1943/1946 2195/1942/1938
f 2197/1942/1940 2205/1943/1948 2204/1945/1947 2196/1944/1939
f 2198/1940/1941 2206/1941/1949 2205/1943/1948 2197/1942/1940
f 2192/1937/1935 2200/1936/1943 2206/1941/1949 2198/1940/1941
f 2200/1946/1943 2199/1947/1942 2207/1948/1950 2208/1949/1951
f 2199/1947/1942 2201/1950/1944 2209/1951/1952 2207/1948/1950
f 2201/1950/1944 2202/1952/1945 2210/1953/1953 2209/1951/1952
f 2202/1952/1945 2203/1954/1946 2211/1955/1954 2210/1953/1953
f 2203/1954/1946 2204/1956/1947 2212/1957/1955 2211/1955/1954
f 2204/1956/1947 2205/1958/1948 2213/1959/1956 2212/1957/1955
f 2205/1958/1948 2206/1960/1949 2214/1961/1957 2213/1959/1956
f 2206/1960/1949 2200/1946/1943 2208/1949/1951 2214/1961/1957
f 2208/1949/1951 2207/1948/1950 2215/1962/1958 2216/1963/1959
f 2207/1948/1950 2209/1951/1952 2217/1964/1960 2215/1962/1958
f 2209/1951/1952 2210/1953/1953 2218/1965/1961 2217/1964/1960
f 2210/1953/1953 2211/1955/1954 2219/1966/1962 2218/1965/1961
f 2211/1955/1954 2212/1957/1955 2220/1967/1963 2219/1966/1962
f 2212/1957/1955 2213/1959/1956 2221/1968/1964 2220/1967/1963
f 2213/1959/1956 2214/1961/1957 2222/1969/1965 2221/1968/1964
f 2214/1961/1957 2208/1949/1951 2216/1963/1959 2222/1969/1965
f 2176/1901/1919 2175/1900/1918 2223/1970/81
f 2179/1904/1922 2176/1901/1919 2223/1970/81
f 2181/1906/1924 2179/1904/1922 2223/1970/81
f 2183/1908/1926 2181/1906/1924 2223/1970/81
f 2185/1910/1928 2183/1908/1926 2223/1970/81
f 2187/1912/1930 2185/1910/1928 2223/1970/81
f 2189/1914/1932 2187/1912/1930 2223/1970/81
f 2175/1900/1918 2189/1914/1932 2223/1970/81
f 2216/1963/1959 2215/1962/1958 2224/1971/87
f 2215/1962/1958 2217/1964/1960 2224/1971/87
f 2217/1964/1960 2218/1965/1961 2224/1971/87
f 2218/1965/1961 2219/1966/1962 2224/1971/87
f 2219/1966/1962 2220/1967/1963 2224/1971/87
f 2220/1967/1963 2221/1968/1964 2224/1971/87
f 2221/1968/1964 2222/1969/1965 2224/1971/87
f 2222/1969/1965 2216/1963/1959 2224/1971/87
f 2225/1972/433 2226/1973/433 2227/1974/433 2228/1975/433
f 2229/1972/1966 2230/1973/1966 2231/1974/1966 2232/1975/1966
f 2233/1972/1967 2234/1973/1967 2235/1974/1967 2236/1975/1967
f 2237/430/413 2238/431/414 2239/432/415 2240/433/416
f 2238/431/414 2241/434/417 2242/435/418 2239/432/415
f 2241/436/417 2243/437/419 2244/438/420 2242/439/418
f 2243/437/419 2245/440/1968 2246/441/422 2244/438/420
f 2245/440/1968 2247/442/423 2248/443/424 2246/441/422
f 2247/442/423 2249/444/425 2250/445/426 2248/443/424
f 2249/444/425 2251/434/427 2252/435/428 2250/445/426
f 2251/436/427 2253/437/429 2254/446/1969 2252/439/428
f 2253/437/429 2255/447/1970 2256/441/1971 2254/446/1969
f 2255/447/1970 2237/430/413 2240/433/416 2256/441/1971
f 2238/448/414 2237/449/413 2257/450/81
f 2241/451/417 2238/448/414 2257/450/81
f 2243/452/419 2241/451/417 2257/450/81
f 2245/453/1968 2243/452/419 2257/450/81
f 2247/454/423 2245/453/1968 2257/450/81
f 2249/455/425 2247/454/423 2257/450/81
f 2251/456/427 2249/455/425 2257/450/81
f 2253/457/429 2251/456/427 2257/450/81
f 2255/458/1970 2253/457/429 2257/450/81
f 2237/449/413 2255/458/1970 2257/450/81
f 2240/459/416 2239/460/415 2258/461/87
f 2239/460/415 2242/462/418 2258/461/87
f 2242/462/418 2244/463/420 2258/461/87
f 2244/463/420 2246/464/422 2258/461/87
f 2246/464/422 2248/465/424 2258/461/87
f 2248/465/424 2250/466/426 2258/461/87
f 2250/466/426 2252/467/428 2258/461/87
f 2252/467/428 2254/468/1969 2258/461/87
f 2254/468/1969 2256/469/1971 2258/461/87
f 2256/469/1971 2240/459/416 2258/461/87
f 2259/519/446 2260/520/447 2261/521/448 2262/522/449
f 2263/523/450 2264/524/451 2260/520/447 2259/519/446
f 2265/525/452 2266/526/453 2264/524/451 2263/523/450
f 2267/527/454 2268/528/455 2266/526/453 2265/525/452
f 2269/529/456 2270/530/457 2268/528/455 2267/527/454
f 2271/531/458 2272/532/459 2270/530/457 2269/529/456
f 2273/533/460 2274/534/461 2272/532/459 2271/531/458
f 2275/535/462 2276/536/463 2274/534/461 2273/533/460
f 2277/537/464 2278/538/465 2276/536/463 2275/535/462
f 2262/539/449 2261/540/448 2278/538/465 2277/537/464
f 2261/521/448 2260/520/447 2279/541/1972 2280/542/1973
f 2260/520/447 2264/524/451 2281/543/468 2279/541/1972
f 2264/524/451 2266/526/453 2282/544/469 2281/543/468
f 2266/526/453 2268/528/455 2283/545/1974 2282/544/469
f 2268/528/455 2270/530/457 2284/546/1975 2283/545/1974
f 2270/530/457 2272/532/459 2285/547/472 2284/546/1975
f 2272/532/459 2274/534/461 2286/548/473 2285/547/472
f 2274/534/461 2276/536/463 2287/549/1976 2286/548/473
f 2276/536/463 2278/538/465 2288/550/1977 2287/549/1976
f 2278/538/465 2261/540/448 2280/551/1973 2288/550/1977
f 2280/542/1973 2279/541/1972 2289/552/476 2290/553/477
f 2279/541/1972 2281/543/468 2291/554/478 2289/552/476
f 2281/543/468 2282/544/469 2292/555/479 2291/554/478
f 2282/544/469 2283/545/1974 2293/556/480 2292/555/479
f 2283/545/1974 2284/546/1975 2294/557/481 2293/556/480
f 2284/546/1975 2285/547/472 2295/558/482 2294/557/481
f 2285/547/472 2286/548/473 2296/559/483 2295/558/482
f 2286/548/473 2287/549/1976 2297/560/484 2296/559/483
f 2287/549/1976 2288/550/1977 2298/561/485 2297/560/484
f 2288/550/1977 2280/551/1973 2290/562/477 2298/561/485
f 2290/553/477 2289/552/476 2299/563/486
f 2289/552/476 2291/554/478 2299/563/486
f 2291/554/478 2292/555/479 2299/563/486
f 2292/555/479 2293/556/480 2299/563/486
f 2293/556/480 2294/557/481 2299/563/486
f 2294/557/481 2295/558/482 2299/563/486
f 2295/558/482 2296/559/483 2299/563/486
f 2296/559/483 2297/560/484 2299/563/486
f 2297/560/484 2298/561/485 2299/563/486
f 2298/561/485 2290/562/477 2299/563/486
f 2300/564/487 2301/565/488 2259/519/446 2262/522/449
f 2301/565/488 2302/566/489 2263/523/450 2259/519/446
f 2302/566/489 2303/567/490 2265/525/452 2263/523/450
f 2303/567/490 2304/568/491 2267/527/454 2265/525/452
f 2304/568/491 2305/569/492 2269/529/456 2267/527/454
f 2305/569/492 2306/570/493 2271/531/458 2269/529/456
f 2306/570/493 2307/571/494 2273/533/460 2271/531/458
f 2307/571/494 2308/572/495 2275/535/462 2273/533/460
f 2308/572/495 2309/573/496 2277/537/464 2275/535/462
f 2309/573/496 2300/574/487 2262/539/449 2277/537/464
f 2310/430/413 2311/431/1978 2312/432/415 2313/433/416
f 2311/431/1978 2314/434/417 2315/435/418 2312/432/415
f 2314/436/417 2316/437/1979 2317/438/420 2315/439/418
f 2316/437/1979 2318/440/1980 2319/441/1981 2317/438/420
f 2318/440/1980 2320/442/1982 2321/443/1983 2319/441/1981
f 2320/442/1982 2322/444/425 2323/445/426 2321/443/1983
f 2322/444/425 2324/434/427 2325/435/428 2323/445/426
f 2324/436/427 2326/437/429 2327/446/430 2325/439/428
f 2326/437/429 2328/447/1984 2329/441/432 2327/446/430
f 2328/447/1984 2310/430/413 2313/433/416 2329/441/432
f 2311/448/1978 2310/449/413 2330/450/81
f 2314/451/417 2311/448/1978 2330/450/81
f 2316/452/1979 2314/451/417 2330/450/81
f 2318/453/1980 2316/452/1979 2330/450/81
f 2320/454/1982 2318/453/1980 2330/450/81
f 2322/455/425 2320/454/1982 2330/450/81
f 2324/456/427 2322/455/425 2330/450/81
f 2326/457/429 2324/456/427 2330/450/81
f 2328/458/1984 2326/457/429 2330/450/81
f 2310/449/413 2328/458/1984 2330/450/81
f 2313/459/416 2312/460/415 2331/461/87
f 2312/460/415 2315/462/418 2331/461/87
f 2315/462/418 2317/463/420 2331/461/87
f 2317/463/420 2319/464/1981 2331/461/87
f 2319/464/1981 2321/465/1983 2331/461/87
f 2321/465/1983 2323/466/426 2331/461/87
f 2323/466/426 2325/467/428 2331/461/87
f 2325/467/428 2327/468/430 2331/461/87
f 2327/468/430 2329/469/432 2331/461/87
f 2329/469/432 2313/459/416 2331/461/87
f 2332/430/413 2333/431/1985 2334/432/415 2335/433/416
f 2333/431/1985 2336/434/417 2337/435/418 2334/432/415
f 2336/436/417 2338/437/419 2339/438/420 2337/439/418
f 2338/437/419 2340/440/1968 2341/441/422 2339/438/420
f 2340/440/1968 2342/442/1982 2343/443/424 2341/441/422
f 2342/442/1982 2344/444/425 2345/445/426 2343/443/424
f 2344/444/425 2346/434/427 2347/435/428 2345/445/426
f 2346/436/427 2348/437/429 2349/446/430 2347/439/428
f 2348/437/429 2350/447/1984 2351/441/432 2349/446/430
f 2350/447/1984 2332/430/413 2335/433/416 2351/441/432
f 2333/448/1985 2332/449/413 2352/450/81
f 2336/451/417 2333/448/1985 2352/450/81
f 2338/452/419 2336/451/417 2352/450/81
f 2340/453/1968 2338/452/419 2352/450/81
f 2342/454/1982 2340/453/1968 2352/450/81
f 2344/455/425 2342/454/1982 2352/450/81
f 2346/456/427 2344/455/425 2352/450/81
f 2348/457/429 2346/456/427 2352/450/81
f 2350/458/1984 2348/457/429 2352/450/81
f 2332/449/413 2350/458/1984 2352/450/81
f 2335/459/416 2334/460/415 2353/461/87
f 2334/460/415 2337/462/418 2353/461/87
f 2337/462/418 2339/463/420 2353/461/87
f 2339/463/420 2341/464/422 2353/461/87
f 2341/464/422 2343/465/424 2353/461/87
f 2343/465/424 2345/466/426 2353/461/87
f 2345/466/426 2347/467/428 2353/461/87
f 2347/467/428 2349/468/430 2353/461/87
f 2349/468/430 2351/469/432 2353/461/87
f 2351/469/432 2335/459/416 2353/461/87
f 2354/1976/1986 2355/1977/1985 2356/1978/415 2357/1979/416
f 2355/1977/1985 2358/1980/417 2359/1981/418 2356/1978/415
f 2358/1980/417 2360/1982/1979 2361/1983/420 2359/1981/418
f 2360/1982/1979 2362/1984/1968 2363/1985/422 2361/1983/420
f 2362/1986/1968 2364/1976/1987 2365/1979/1988 2363/1987/422
f 2364/1976/1987 2366/1988/1989 2367/1978/426 2365/1979/1988
f 2366/1988/1989 2368/1980/427 2369/1989/428 2367/1978/426
f 2368/1980/427 2370/1982/429 2371/1990/430 2369/1989/428
f 2370/1982/429 2372/1984/1990 2373/1985/1971 2371/1990/430
f 2372/1986/1990 2354/1976/1986 2357/1979/416 2373/1987/1971
f 2355/1991/1985 2354/1992/1986 2374/1993/81
f 2358/1994/417 2355/1991/1985 2374/1993/81
f 2360/1995/1979 2358/1994/417 2374/1993/81
f 2362/1996/1968 2360/1995/1979 2374/1993/81
f 2364/1997/1987 2362/1996/1968 2374/1993/81
f 2366/1998/1989 2364/1997/1987 2374/1993/81
f 2368/1999/427 2366/1998/1989 2374/1993/81
f 2370/2000/429 2368/1999/427 2374/1993/81
f 2372/2001/1990 2370/2000/429 2374/1993/81
f 2354/1992/1986 2372/2001/1990 2374/1993/81
f 2357/2002/416 2356/2003/415 2375/2004/87
f 2356/2003/415 2359/2005/418 2375/2004/87
f 2359/2005/418 2361/2006/420 2375/2004/87
f 2361/2006/420 2363/2007/422 2375/2004/87
f 2363/2007/422 2365/2008/1988 2375/2004/87
f 2365/2008/1988 2367/2009/426 2375/2004/87
f 2367/2009/426 2369/2010/428 2375/2004/87
f 2369/2010/428 2371/2011/430 2375/2004/87
f 2371/2011/430 2373/2012/1971 2375/2004/87
f 2373/2012/1971 2357/2002/416 2375/2004/87
f 2376/2013/1991 2377/2014/1992 2378/2015/1992 2379/2016/1991
f 2377/2014/1992 2380/2017/1993 2381/2018/1993 2378/2015/1992
f 2380/2017/1993 2382/2019/1994 2383/2020/1994 2381/2018/1993
f 2382/2019/1994 2384/2021/1995 2385/2022/1995 2383/2020/1994
f 2384/2021/1995 2386/2023/1996 2387/2024/1996 2385/2022/1995
f 2386/2025/1996 2388/2026/63 2389/2027/63 2387/2028/1996
f 2388/2026/63 2376/2013/1991 2379/2016/1991 2389/2027/63
f 2390/2013/1991 2391/2014/1992 2392/2015/1992 2393/2016/1991
f 2391/2014/1992 2394/2017/1993 2395/2018/1993 2392/2015/1992
f 2394/2017/1993 2396/2019/1994 2397/2020/1994 2395/2018/1993
f 2396/2019/1994 2398/2021/1995 2399/2022/1995 2397/2020/1994
f 2398/2021/1995 2400/2023/1996 2401/2024/1996 2399/2022/1995
f 2400/2025/1996 2402/2026/63 2403/2027/63 2401/2028/1996
f 2402/2026/63 2390/2013/1991 2393/2016/1991 2403/2027/63
f 2404/2013/1991 2405/2014/1992 2406/2015/1992 2407/2016/1991
f 2405/2014/1992 2408/2017/1993 2409/2018/1993 2406/2015/1992
f 2408/2017/1993 2410/2019/1994 2411/2020/1994 2409/2018/1993
f 2410/2019/1994 2412/2021/1995 2413/2022/1995 2411/2020/1994
f 2412/2021/1995 2414/2023/1996 2415/2024/1996 2413/2022/1995
f 2414/2025/1996 2416/2026/63 2417/2027/63 2415/2028/1996
f 2416/2026/63 2404/2013/1991 2407/2016/1991 2417/2027/63
f 2418/2013/1991 2419/2014/1992 2420/2015/1992 2421/2016/1991
f 2419/2014/1992 2422/2017/1993 2423/2018/1993 2420/2015/1992
f 2422/2017/1993 2424/2019/1994 2425/2020/1994 2423/2018/1993
f 2424/2019/1994 2426/2021/1995 2427/2022/1995 2425/2020/1994
f 2426/2021/1995 2428/2023/1996 2429/2024/1996 2427/2022/1995
f 2428/2025/1996 2430/2026/63 2431/2027/63 2429/2028/1996
f 2430/2026/63 2418/2013/1991 2421/2016/1991 2431/2027/63
f 2432/2013/1991 2433/2014/1992 2434/2015/1992 2435/2016/1991
f 2433/2014/1992 2436/2017/1993 2437/2018/1993 2434/2015/1992
f 2436/2017/1993 2438/2019/1994 2439/2020/1994 2437/2018/1993
f 2438/2019/1994 2440/2021/1995 2441/2022/1995 2439/2020/1994
f 2440/2021/1995 2442/2023/1996 2443/2024/1996 2441/2022/1995
f 2442/2025/1996 2444/2026/63 2445/2027/63 2443/2028/1996
f 2444/2026/63 2432/2013/1991 2435/2016/1991 2445/2027/63
f 2446/2013/1991 2447/2014/1992 2448/2015/1992 2449/2016/1991
f 2447/2014/1992 2450/2017/1993 2451/2018/1993 2448/2015/1992
f 2450/2017/1993 2452/2019/1994 2453/2020/1994 2451/2018/1993
f 2452/2019/1994 2454/2021/1995 2455/2022/1995 2453/2020/1994
f 2454/2021/1995 2456/2023/1996 2457/2024/1996 2455/2022/1995
f 2456/2025/1996 2458/2026/63 2459/2027/63 2457/2028/1996
f 2458/2026/63 2446/2013/1991 2449/2016/1991 2459/2027/63
f 2460/2013/1991 2461/2014/1992 2462/2015/1992 2463/2016/1991
f 2461/2014/1992 2464/2017/1993 2465/2018/1993 2462/2015/1992
f 2464/2017/1993 2466/2019/1994 2467/2020/1994 2465/2018/1993
f 2466/2019/1994 2468/2021/1995 2469/2022/1995 2467/2020/1994
f 2468/2021/1995 2470/2023/1996 2471/2024/1996 2469/2022/1995
f 2470/2025/1996 2472/2026/63 2473/2027/63 2471/2028/1996
f 2472/2026/63 2460/2013/1991 2463/2016/1991 2473/2027/63
f 2474/2013/1991 2475/2014/1992 2476/2015/1992 2477/2016/1991
f 2475/2014/1992 2478/2017/1993 2479/2018/1993 2476/2015/1992
f 2478/2017/1993 2480/2019/1994 2481/2020/1994 2479/2018/1993
f 2480/2019/1994 2482/2021/1995 2483/2022/1995 2481/2020/1994
f 2482/2021/1995 2484/2023/1996 2485/2024/1996 2483/2022/1995
f 2484/2025/1996 2486/2026/63 2487/2027/63 2485/2028/1996
f 2486/2026/63 2474/2013/1991 2477/2016/1991 2487/2027/63
f 2488/2013/1991 2489/2014/1992 2490/2015/1992 2491/2016/1991
f 2489/2014/1992 2492/2017/1993 2493/2018/1993 2490/2015/1992
f 2492/2017/1993 2494/2019/1994 2495/2020/1994 2493/2018/1993
f 2494/2019/1994 2496/2021/1995 2497/2022/1995 2495/2020/1994
f 2496/2021/1995 2498/2023/1996 2499/2024/1996 2497/2022/1995
f 2498/2025/1996 2500/2026/63 2501/2027/63 2499/2028/1996
f 2500/2026/63 2488/2013/1991 2491/2016/1991 2501/2027/63
f 2502/2013/1991 2503/2014/1992 2504/2015/1992 2505/2016/1991
f 2503/2014/1992 2506/2017/1993 2507/2018/1993 2504/2015/1992
f 2506/2017/1993 2508/2019/1994 2509/2020/1994 2507/2018/1993
f 2508/2019/1994 2510/2021/1995 2511/2022/1995 2509/2020/1994
f 2510/2021/1995 2512/2023/1996 2513/2024/1996 2511/2022/1995
f 2512/2025/1996 2514/2026/63 2515/2027/63 2513/2028/1996
f 2514/2026/63 2502/2013/1991 2505/2016/1991 2515/2027/63
f 2516/2013/1991 2517/2014/1992 2518/2015/1992 2519/2016/1991
f 2517/2014/1992 2520/2017/1993 2521/2018/1993 2518/2015/1992
f 2520/2017/1993 2522/2019/1994 2523/2020/1994 2521/2018/1993
f 2522/2019/1994 2524/2021/1995 2525/2022/1995 2523/2020/1994
f 2524/2021/1995 2526/2023/1996 2527/2024/1996 2525/2022/1995
f 2526/2025/1996 2528/2026/63 2529/2027/63 2527/2028/1996
f 2528/2026/63 2516/2013/1991 2519/2016/1991 2529/2027/63
f 2530/2013/1991 2531/2014/1992 2532/2015/1992 2533/2016/1991
f 2531/2014/1992 2534/2017/1993 2535/2018/1993 2532/2015/1992
f 2534/2017/1993 2536/2019/1994 2537/2020/1994 2535/2018/1993
f 2536/2019/1994 2538/2021/1995 2539/2022/1995 2537/2020/1994
f 2538/2021/1995 2540/2023/1996 2541/2024/1996 2539/2022/1995
f 2540/2025/1996 2542/2026/63 2543/2027/63 2541/2028/1996
f 2542/2026/63 2530/2013/1991 2533/2016/1991 2543/2027/63
f 2544/2013/1991 2545/2014/1992 2546/2015/1992 2547/2016/1991
f 2545/2014/1992 2548/2017/1993 2549/2018/1993 2546/2015/1992
f 2548/2017/1993 2550/2019/1994 2551/2020/1994 2549/2018/1993
f 2550/2019/1994 2552/2021/1995 2553/2022/1995 2551/2020/1994
f 2552/2021/1995 2554/2023/1996 2555/2024/1996 2553/2022/1995
f 2554/2025/1996 2556/2026/63 2557/2027/63 2555/2028/1996
f 2556/2026/63 2544/2013/1991 2547/2016/1991 2557/2027/63
f 2558/2013/1991 2559/2014/1992 2560/2015/1992 2561/2016/1991
f 2559/2014/1992 2562/2017/1993 2563/2018/1993 2560/2015/1992
f 2562/2017/1993 2564/2019/1994 2565/2020/1994 2563/2018/1993
f 2564/2019/1994 2566/2021/1995 2567/2022/1995 2565/2020/1994
f 2566/2021/1995 2568/2023/1996 2569/2024/1996 2567/2022/1995
f 2568/2025/1996 2570/2026/63 2571/2027/63 2569/2028/1996
f 2570/2026/63 2558/2013/1991 2561/2016/1991 2571/2027/63
f 2572/2013/1991 2573/2014/1992 2574/2015/1992 2575/2016/1991
f 2573/2014/1992 2576/2017/1993 2577/2018/1993 2574/2015/1992
f 2576/2017/1993 2578/2019/1994 2579/2020/1994 2577/2018/1993
f 2578/2019/1994 2580/2021/1995 2581/2022/1995 2579/2020/1994
f 2580/2021/1995 2582/2023/1996 2583/2024/1996 2581/2022/1995
f 2582/2025/1996 2584/2026/63 2585/2027/63 2583/2028/1996
f 2584/2026/63 2572/2013/1991 2575/2016/1991 2585/2027/63
f 2586/2013/1991 2587/2014/1992 2588/2015/1992 2589/2016/1991
f 2587/2014/1992 2590/2017/1993 2591/2018/1993 2588/2015/1992
f 2590/2017/1993 2592/2019/1994 2593/2020/1994 2591/2018/1993
f 2592/2019/1994 2594/2021/1995 2595/2022/1995 2593/2020/1994
f 2594/2021/1995 2596/2023/1996 2597/2024/1996 2595/2022/1995
f 2596/2025/1996 2598/2026/63 2599/2027/63 2597/2028/1996
f 2598/2026/63 2586/2013/1991 2589/2016/1991 2599/2027/63
f 2600/2013/1991 2601/2014/1992 2602/2015/1992 2603/2016/1991
f 2601/2014/1992 2604/2017/1993 2605/2018/1993 2602/2015/1992
f 2604/2017/1993 2606/2019/1994 2607/2020/1994 2605/2018/1993
f 2606/2019/1994 2608/2021/1995 2609/2022/1995 2607/2020/1994
f 2608/2021/1995 2610/2023/1996 2611/2024/1996 2609/2022/1995
f 2610/2025/1996 2612/2026/63 2613/2027/63 2611/2028/1996
f 2612/2026/63 2600/2013/1991 2603/2016/1991 2613/2027/63
f 2614/2013/1991 2615/2014/1992 2616/2015/1992 2617/2016/1991
f 2615/2014/1992 2618/2017/1993 2619/2018/1993 2616/2015/1992
f 2618/2017/1993 2620/2019/1994 2621/2020/1994 2619/2018/1993
f 2620/2019/1994 2622/2021/1995 2623/2022/1995 2621/2020/1994
f 2622/2021/1995 2624/2023/1996 2625/2024/1996 2623/2022/1995
f 2624/2025/1996 2626/2026/63 2627/2027/63 2625/2028/1996
f 2626/2026/63 2614/2013/1991 2617/2016/1991 2627/2027/63
f 2628/2013/1991 2629/2014/1992 2630/2015/1992 2631/2016/1991
f 2629/2014/1992 2632/2017/1993 2633/2018/1993 2630/2015/1992
f 2632/2017/1993 2634/2019/1994 2635/2020/1994 2633/2018/1993
f 2634/2019/1994 2636/2021/1995 2637/2022/1995 2635/2020/1994
f 2636/2021/1995 2638/2023/1996 2639/2024/1996 2637/2022/1995
f 2638/2025/1996 2640/2026/63 2641/2027/63 2639/2028/1996
f 2640/2026/63 2628/2013/1991 2631/2016/1991 2641/2027/63
f 2642/2013/1991 2643/2014/1992 2644/2015/1992 2645/2016/1991
f 2643/2014/1992 2646/2017/1993 2647/2018/1993 2644/2015/1992
f 2646/2017/1993 2648/2019/1994 2649/2020/1994 2647/2018/1993
f 2648/2019/1994 2650/2021/1995 2651/2022/1995 2649/2020/1994
f 2650/2021/1995 2652/2023/1996 2653/2024/1996 2651/2022/1995
f 2652/2025/1996 2654/2026/63 2655/2027/63 2653/2028/1996
f 2654/2026/63 2642/2013/1991 2645/2016/1991 2655/2027/63
f 2656/2013/1991 2657/2014/1992 2658/2015/1992 2659/2016/1991
f 2657/2014/1992 2660/2017/1993 2661/2018/1993 2658/2015/1992
f 2660/2017/1993 2662/2019/1994 2663/2020/1994 2661/2018/1993
f 2662/2019/1994 2664/2021/1995 2665/2022/1995 2663/2020/1994
f 2664/2021/1995 2666/2023/1996 2667/2024/1996 2665/2022/1995
f 2666/2025/1996 2668/2026/63 2669/2027/63 2667/2028/1996
f 2668/2026/63 2656/2013/1991 2659/2016/1991 2669/2027/63
f 2670/1976/1986 2671/1977/1985 2672/1978/415 2673/1979/416
f 2671/1977/1985 2674/1980/417 2675/1981/418 2672/1978/415
f 2674/1980/417 2676/1982/1979 2677/1983/420 2675/1981/418
f 2676/1982/1979 2678/1984/421 2679/1985/422 2677/1983/420
f 2678/1986/421 2680/1976/1982 2681/1979/1983 2679/1987/422
f 2680/1976/1982 2682/1988/425 2683/1978/426 2681/1979/1983
f 2682/1988/425 2684/1980/427 2685/1989/428 2683/1978/426
f 2684/1980/427 2686/1982/429 2687/1990/430 2685/1989/428
f 2686/1982/429 2688/1984/1990 2689/1985/1971 2687/1990/430
f 2688/1986/1990 2670/1976/1986 2673/1979/416 2689/1987/1971
f 2671/1991/1985 2670/1992/1986 2690/1993/81
f 2674/1994/417 2671/1991/1985 2690/1993/81
f 2676/1995/1979 2674/1994/417 2690/1993/81
f 2678/1996/421 2676/1995/1979 2690/1993/81
f 2680/1997/1982 2678/1996/421 2690/1993/81
f 2682/1998/425 2680/1997/1982 2690/1993/81
f 2684/1999/427 2682/1998/425 2690/1993/81
f 2686/2000/429 2684/1999/427 2690/1993/81
f 2688/2001/1990 2686/2000/429 2690/1993/81
f 2670/1992/1986 2688/2001/1990 2690/1993/81
f 2673/2002/416 2672/2003/415 2691/2004/87
f 2672/2003/415 2675/2005/418 2691/2004/87
f 2675/2005/418 2677/2006/420 2691/2004/87
f 2677/2006/420 2679/2007/422 2691/2004/87
f 2679/2007/422 2681/2008/1983 2691/2004/87
f 2681/2008/1983 2683/2009/426 2691/2004/87
f 2683/2009/426 2685/2010/428 2691/2004/87
f 2685/2010/428 2687/2011/430 2691/2004/87
f 2687/2011/430 2689/2012/1971 2691/2004/87
f 2689/2012/1971 2673/2002/416 2691/2004/87
f 2692/2013/1991 2693/2014/1992 2694/2015/1992 2695/2016/1991
f 2693/2014/1992 2696/2017/1993 2697/2018/1993 2694/2015/1992
f 2696/2017/1993 2698/2019/1994 2699/2020/1994 2697/2018/1993
f 2698/2019/1994 2700/2021/1995 2701/2022/1995 2699/2020/1994
f 2700/2021/1995 2702/2023/1996 2703/2024/1996 2701/2022/1995
f 2702/2025/1996 2704/2026/63 2705/2027/63 2703/2028/1996
f 2704/2026/63 2692/2013/1991 2695/2016/1991 2705/2027/63
f 2706/2013/1991 2707/2014/1992 2708/2015/1992 2709/2016/1991
f 2707/2014/1992 2710/2017/1993 2711/2018/1993 2708/2015/1992
f 2710/2017/1993 2712/2019/1994 2713/2020/1994 2711/2018/1993
f 2712/2019/1994 2714/2021/1995 2715/2022/1995 2713/2020/1994
f 2714/2021/1995 2716/2023/1996 2717/2024/1996 2715/2022/1995
f 2716/2025/1996 2718/2026/63 2719/2027/63 2717/2028/1996
f 2718/2026/63 2706/2013/1991 2709/2016/1991 2719/2027/63
f 2720/2013/1991 2721/2014/1992 2722/2015/1992 2723/2016/1991
f 2721/2014/1992 2724/2017/1993 2725/2018/1993 2722/2015/1992
f 2724/2017/1993 2726/2019/1994 2727/2020/1994 2725/2018/1993
f 2726/2019/1994 2728/2021/1995 2729/2022/1995 2727/2020/1994
f 2728/2021/1995 2730/2023/1996 2731/2024/1996 2729/2022/1995
f 2730/2025/1996 2732/2026/63 2733/2027/63 2731/2028/1996
f 2732/2026/63 2720/2013/1991 2723/2016/1991 2733/2027/63
f 2734/2013/1991 2735/2014/1992 2736/2015/1992 2737/2016/1991
f 2735/2014/1992 2738/2017/1993 2739/2018/1993 2736/2015/1992
f 2738/2017/1993 2740/2019/1994 2741/2020/1994 2739/2018/1993
f 2740/2019/1994 2742/2021/1995 2743/2022/1995 2741/2020/1994
f 2742/2021/1995 2744/2023/1996 2745/2024/1996 2743/2022/1995
f 2744/2025/1996 2746/2026/63 2747/2027/63 2745/2028/1996
f 2746/2026/63 2734/2013/1991 2737/2016/1991 2747/2027/63
f 2748/2013/1991 2749/2014/1992 2750/2015/1992 2751/2016/1991
f 2749/2014/1992 2752/2017/1993 2753/2018/1993 2750/2015/1992
f 2752/2017/1993 2754/2019/1994 2755/2020/1994 2753/2018/1993
f 2754/2019/1994 2756/2021/1995 2757/2022/1995 2755/2020/1994
f 2756/2021/1995 2758/2023/1996 2759/2024/1996 2757/2022/1995
f 2758/2025/1996 2760/2026/63 2761/2027/63 2759/2028/1996
f 2760/2026/63 2748/2013/1991 2751/2016/1991 2761/2027/63
f 2762/2013/1991 2763/2014/1992 2764/2015/1992 2765/2016/1991
f 2763/2014/1992 2766/2017/1993 2767/2018/1993 2764/2015/1992
f 2766/2017/1993 2768/2019/1994 2769/2020/1994 2767/2018/1993
f 2768/2019/1994 2770/2021/1995 2771/2022/1995 2769/2020/1994
f 2770/2021/1995 2772/2023/1996 2773/2024/1996 2771/2022/1995
f 2772/2025/1996 2774/2026/63 2775/2027/63 2773/2028/1996
f 2774/2026/63 2762/2013/1991 2765/2016/1991 2775/2027/63
f 2776/2013/1991 2777/2014/1992 2778/2015/1992 2779/2016/1991
f 2777/2014/1992 2780/2017/1993 2781/2018/1993 2778/2015/1992
f 2780/2017/1993 2782/2019/1994 2783/2020/1994 2781/2018/1993
f 2782/2019/1994 2784/2021/1995 2785/2022/1995 2783/2020/1994
f 2784/2021/1995 2786/2023/1996 2787/2024/1996 2785/2022/1995
f 2786/2025/1996 2788/2026/63 2789/2027/63 2787/2028/1996
f 2788/2026/63 2776/2013/1991 2779/2016/1991 2789/2027/63
f 2790/2013/1991 2791/2014/1992 2792/2015/1992 2793/2016/1991
f 2791/2014/1992 2794/2017/1993 2795/2018/1993 2792/2015/1992
f 2794/2017/1993 2796/2019/1994 2797/2020/1994 2795/2018/1993
f 2796/2019/1994 2798/2021/1995 2799/2022/1995 2797/2020/1994
f 2798/2021/1995 2800/2023/1996 2801/2024/1996 2799/2022/1995
f 2800/2025/1996 2802/2026/63 2803/2027/63 2801/2028/1996
f 2802/2026/63 2790/2013/1991 2793/2016/1991 2803/2027/63
f 2804/2013/1991 2805/2014/1992 2806/2015/1992 2807/2016/1991
f 2805/2014/1992 2808/2017/1993 2809/2018/1993 2806/2015/1992
f 2808/2017/1993 2810/2019/1994 2811/2020/1994 2809/2018/1993
f 2810/2019/1994 2812/2021/1995 2813/2022/1995 2811/2020/1994
f 2812/2021/1995 2814/2023/1996 2815/2024/1996 2813/2022/1995
f 2814/2025/1996 2816/2026/63 2817/2027/63 2815/2028/1996
f 2816/2026/63 2804/2013/1991 2807/2016/1991 2817/2027/63
f 2818/2013/1991 2819/2014/1992 2820/2015/1992 2821/2016/1991
f 2819/2014/1992 2822/2017/1993 2823/2018/1993 2820/2015/1992
f 2822/2017/1993 2824/2019/1994 2825/2020/1994 2823/2018/1993
f 2824/2019/1994 2826/2021/1995 2827/2022/1995 2825/2020/1994
f 2826/2021/1995 2828/2023/1996 2829/2024/1996 2827/2022/1995
f 2828/2025/1996 2830/2026/63 2831/2027/63 2829/2028/1996
f 2830/2026/63 2818/2013/1991 2821/2016/1991 2831/2027/63
f 2832/2013/1991 2833/2014/1992 2834/2015/1992 2835/2016/1991
f 2833/2014/1992 2836/2017/1993 2837/2018/1993 2834/2015/1992
f 2836/2017/1993 2838/2019/1994 2839/2020/1994 2837/2018/1993
f 2838/2019/1994 2840/2021/1995 2841/2022/1995 2839/2020/1994
f 2840/2021/1995 2842/2023/1996 2843/2024/1996 2841/2022/1995
f 2842/2025/1996 2844/2026/63 2845/2027/63 2843/2028/1996
f 2844/2026/63 2832/2013/1991 2835/2016/1991 2845/2027/63
f 2846/2013/1991 2847/2014/1992 2848/2015/1992 2849/2016/1991
f 2847/2014/1992 2850/2017/1993 2851/2018/1993 2848/2015/1992
f 2850/2017/1993 2852/2019/1994 2853/2020/1994 2851/2018/1993
f 2852/2019/1994 2854/2021/1995 2855/2022/1995 2853/2020/1994
f 2854/2021/1995 2856/2023/1996 2857/2024/1996 2855/2022/1995
f 2856/2025/1996 2858/2026/63 2859/2027/63 2857/2028/1996
f 2858/2026/63 2846/2013/1991 2849/2016/1991 2859/2027/63
f 2860/2013/1991 2861/2014/1992 2862/2015/1992 2863/2016/1991
f 2861/2014/1992 2864/2017/1993 2865/2018/1993 2862/2015/1992
f 2864/2017/1993 2866/2019/1994 2867/2020/1994 2865/2018/1993
f 2866/2019/1994 2868/2021/1995 2869/2022/1995 2867/2020/1994
f 2868/2021/1995 2870/2023/1996 2871/2024/1996 2869/2022/1995
f 2870/2025/1996 2872/2026/63 2873/2027/63 2871/2028/1996
f 2872/2026/63 2860/2013/1991 2863/2016/1991 2873/2027/63
f 2874/2013/1991 2875/2014/1992 2876/2015/1992 2877/2016/1991
f 2875/2014/1992 2878/2017/1993 2879/2018/1993 2876/2015/1992
f 2878/2017/1993 2880/2019/1994 2881/2020/1994 2879/2018/1993
f 2880/2019/1994 2882/2021/1995 2883/2022/1995 2881/2020/1994
f 2882/2021/1995 2884/2023/1996 2885/2024/1996 2883/2022/1995
f 2884/2025/1996 2886/2026/63 2887/2027/63 2885/2028/1996
f 2886/2026/63 2874/2013/1991 2877/2016/1991 2887/2027/63
f 2888/2013/1991 2889/2014/1992 2890/2015/1992 2891/2016/1991
f 2889/2014/1992 2892/2017/1993 2893/2018/1993 2890/2015/1992
f 2892/2017/1993 2894/2019/1994 2895/2020/1994 2893/2018/1993
f 2894/2019/1994 2896/2021/1995 2897/2022/1995 2895/2020/1994
f 2896/2021/1995 2898/2023/1996 2899/2024/1996 2897/2022/1995
f 2898/2025/1996 2900/2026/63 2901/2027/63 2899/2028/1996
f 2900/2026/63 2888/2013/1991 2891/2016/1991 2901/2027/63
f 2902/2013/1991 2903/2014/1992 2904/2015/1992 2905/2016/1991
f 2903/2014/1992 2906/2017/1993 2907/2018/1993 2904/2015/1992
f 2906/2017/1993 2908/2019/1994 2909/2020/1994 2907/2018/1993
f 2908/2019/1994 2910/2021/1995 2911/2022/1995 2909/2020/1994
f 2910/2021/1995 2912/2023/1996 2913/2024/1996 2911/2022/1995
f 2912/2025/1996 2914/2026/63 2915/2027/63 2913/2028/1996
f 2914/2026/63 2902/2013/1991 2905/2016/1991 2915/2027/63
f 2916/2013/1991 2917/2014/1992 2918/2015/1992 2919/2016/1991
f 2917/2014/1992 2920/2017/1993 2921/2018/1993 2918/2015/1992
f 2920/2017/1993 2922/2019/1994 2923/2020/1994 2921/2018/1993
f 2922/2019/1994 2924/2021/1995 2925/2022/1995 2923/2020/1994
f 2924/2021/1995 2926/2023/1996 2927/2024/1996 2925/2022/1995
f 2926/2025/1996 2928/2026/63 2929/2027/63 2927/2028/1996
f 2928/2026/63 2916/2013/1991 2919/2016/1991 2929/2027/63
f 2930/2013/1991 2931/2014/1992 2932/2015/1992 2933/2016/1991
f 2931/2014/1992 2934/2017/1993 2935/2018/1993 2932/2015/1992
f 2934/2017/1993 2936/2019/1994 2937/2020/1994 2935/2018/1993
f 2936/2019/1994 2938/2021/1995 2939/2022/1995 2937/2020/1994
f 2938/2021/1995 2940/2023/1996 2941/2024/1996 2939/2022/1995
f 2940/2025/1996 2942/2026/63 2943/2027/63 2941/2028/1996
f 2942/2026/63 2930/2013/1991 2933/2016/1991 2943/2027/63
f 2944/2013/1991 2945/2014/1992 2946/2015/1992 2947/2016/1991
f 2945/2014/1992 2948/2017/1993 2949/2018/1993 2946/2015/1992
f 2948/2017/1993 2950/2019/1994 2951/2020/1994 2949/2018/1993
f 2950/2019/1994 2952/2021/1995 2953/2022/1995 2951/2020/1994
f 2952/2021/1995 2954/2023/1996 2955/2024/1996 2953/2022/1995
f 2954/2025/1996 2956/2026/63 2957/2027/63 2955/2028/1996
f 2956/2026/63 2944/2013/1991 2947/2016/1991 2957/2027/63
f 2958/2013/1991 2959/2014/1992 2960/2015/1992 2961/2016/1991
f 2959/2014/1992 2962/2017/1993 2963/2018/1993 2960/2015/1992
f 2962/2017/1993 2964/2019/1994 2965/2020/1994 2963/2018/1993
f 2964/2019/1994 2966/2021/1995 2967/2022/1995 2965/2020/1994
f 2966/2021/1995 2968/2023/1996 2969/2024/1996 2967/2022/1995
f 2968/2025/1996 2970/2026/63 2971/2027/63 2969/2028/1996
f 2970/2026/63 2958/2013/1991 2961/2016/1991 2971/2027/63
f 2972/2013/1991 2973/2014/1992 2974/2015/1992 2975/2016/1991
f 2973/2014/1992 2976/2017/1993 2977/2018/1993 2974/2015/1992
f 2976/2017/1993 2978/2019/1994 2979/2020/1994 2977/2018/1993
f 2978/2019/1994 2980/2021/1995 2981/2022/1995 2979/2020/1994
f 2980/2021/1995 2982/2023/1996 2983/2024/1996 2981/2022/1995
f 2982/2025/1996 2984/2026/63 2985/2027/63 2983/2028/1996
f 2984/2026/63 2972/2013/1991 2975/2016/1991 2985/2027/63
f 2986/1900/1918 2987/1901/1919 2988/1902/1920 2989/1903/1921
f 2987/1901/1919 2990/1904/1997 2991/1905/1923 2988/1902/1920
f 2990/1904/1997 2992/1906/1924 2993/1907/1925 2991/1905/1923
f 2992/1906/1924 2994/1908/1926 2995/1909/1927 2993/1907/1925
f 2994/1908/1926 2996/1910/1928 2997/1911/1929 2995/1909/1927
f 2996/1910/1928 2998/1912/1930 2999/1913/1931 2997/1911/1929
f 2998/1912/1930 3000/1914/1932 3001/1915/1933 2999/1913/1931
f 3000/1914/1932 2986/1900/1918 2989/1903/1921 3001/1915/1933
f 2989/1916/1921 2988/1917/1920 3002/1918/1934 3003/1919/1998
f 2988/1917/1920 2991/1920/1923 3004/1921/1936 3002/1918/1934
f 2991/1920/1923 2993/1922/1925 3005/1923/1937 3004/1921/1936
f 2993/1922/1925 2995/1924/1927 3006/1925/1938 3005/1923/1937
f 2995/1924/1927 2997/1926/1929 3007/1927/1939 3006/1925/1938
f 2997/1926/1929 2999/1928/1931 3008/1929/1999 3007/1927/1939
f 2999/1928/1931 3001/1930/1933 3009/1931/1941 3008/1929/1999
f 3001/1930/1933 2989/1932/1921 3003/1933/1998 3009/1931/1941
f 3002/1934/1934 3010/1935/1942 3011/1936/1943 3003/1937/1998
f 3004/1938/1936 3012/1939/1944 3010/1935/1942 3002/1934/1934
f 3005/1940/1937 3013/1941/1945 3012/1939/1944 3004/1938/1936
f 3006/1942/1938 3014/1943/1946 3013/1941/1945 3005/1940/1937
f 3007/1944/1939 3015/1945/1947 3014/1943/1946 3006/1942/1938
f 3008/1942/1999 3016/1943/1948 3015/1945/1947 3007/1944/1939
f 3009/1940/1941 3017/1941/1949 3016/1943/1948 3008/1942/1999
f 3003/1937/1998 3011/1936/1943 3017/1941/1949 3009/1940/1941
f 3011/1946/1943 3010/1947/1942 3018/1948/1950 3019/1949/1951
f 3010/1947/1942 3012/1950/1944 3020/1951/1952 3018/1948/1950
f 3012/1950/1944 3013/1952/1945 3021/1953/1953 3020/1951/1952
f 3013/1952/1945 3014/1954/1946 3022/1955/1954 3021/1953/1953
f 3014/1954/1946 3015/1956/1947 3023/1957/1955 3022/1955/1954
f 3015/1956/1947 3016/1958/1948 3024/1959/1956 3023/1957/1955
f 3016/1958/1948 3017/1960/1949 3025/1961/1957 3024/1959/1956
f 3017/1960/1949 3011/1946/1943 3019/1949/1951 3025/1961/1957
f 3019/1949/1951 3018/1948/1950 3026/1962/1958 3027/1963/2000
f 3018/1948/1950 3020/1951/1952 3028/1964/2001 3026/1962/1958
f 3020/1951/1952 3021/1953/1953 3029/1965/1961 3028/1964/2001
f 3021/1953/1953 3022/1955/1954 3030/1966/1962 3029/1965/1961
f 3022/1955/1954 3023/1957/1955 3031/1967/1963 3030/1966/1962
f 3023/1957/1955 3024/1959/1956 3032/1968/1964 3031/1967/1963
f 3024/1959/1956 3025/1961/1957 3033/1969/1965 3032/1968/1964
f 3025/1961/1957 3019/1949/1951 3027/1963/2000 3033/1969/1965
f 2987/1901/1919 2986/1900/1918 3034/1970/81
f 2990/1904/1997 2987/1901/1919 3034/1970/81
f 2992/1906/1924 2990/1904/1997 3034/1970/81
f 2994/1908/1926 2992/1906/1924 3034/1970/81
f 2996/1910/1928 2994/1908/1926 3034/1970/81
f 2998/1912/1930 2996/1910/1928 3034/1970/81
f 3000/1914/1932 2998/1912/1930 3034/1970/81
f 2986/1900/1918 3000/1914/1932 3034/1970/81
f 3027/1963/2000 3026/1962/1958 3035/1971/87
f 3026/1962/1958 3028/1964/2001 3035/1971/87
f 3028/1964/2001 3029/1965/1961 3035/1971/87
f 3029/1965/1961 3030/1966/1962 3035/1971/87
f 3030/1966/1962 3031/1967/1963 3035/1971/87
f 3031/1967/1963 3032/1968/1964 3035/1971/87
f 3032/1968/1964 3033/1969/1965 3035/1971/87
f 3033/1969/1965 3027/1963/2000 3035/1971/87
f 3036/1972/433 3037/1973/433 3038/1974/433 3039/1975/433
f 3040/1972/1966 3041/1973/1966 3042/1974/1966 3043/1975/1966
f 3044/1972/1967 3045/1973/1967 3046/1974/1967 3047/1975/1967
